User_ID,Product_ID,Gender,Age Group,Age,Marital_Status,State,Zone,Occupation,Product_Category,Orders,Amount,Status,unnamed1
1002903,P00125942,F,26-35,28,0,Maharashtra,Western,Healthcare,Gift Card,1,23952.0,,
1000732,P00110942,F,26-35,35,1,AndhraÂ Pradesh,Southern,Govt,Gift Card,3,23934.0,,
1001990,P00118542,F,26-35,35,1,Uttar Pradesh,Central,Automobile,Gift Card,3,23924.0,,
1001425,P00237842,M,0-17,16,0,Karnataka,Southern,Construction,Gift Card,2,23912.0,,
1000588,P00057942,M,26-35,28,1,Gujarat,Western,Food Processing,Gift Card,2,23877.0,,
1000588,P00057942,M,26-35,28,1,Himachal Pradesh,Northern,Food Processing,Gift Card,1,23877.0,,
1001132,P00018042,F,18-25,25,1,Uttar Pradesh,Central,Lawyer,Gift Card,4,23841.0,,
1002092,P00273442,F,55+,61,0,Maharashtra,Western,IT Sector,Gift Card,1,,,
1003224,P00205642,M,26-35,35,0,Uttar Pradesh,Central,Govt,Gift Card,2,23809.0,,
1003650,P00031142,F,26-35,26,1,AndhraÂ Pradesh,Southern,Media,Gift Card,4,23799.99,,
1003829,P00200842,M,26-35,34,0,Delhi,Central,Banking,Gift Card,1,23770.0,,
1000214,P00119142,F,18-25,20,0,AndhraÂ Pradesh,Southern,Retail,Gift Card,2,23752.0,,
1004035,P00080342,F,18-25,20,1,AndhraÂ Pradesh,Southern,IT Sector,Gift Card,2,23730.0,,
1001680,P00324942,M,26-35,26,1,AndhraÂ Pradesh,Southern,Automobile,Gift Card,4,23718.0,,
1003858,P00293742,M,46-50,46,1,Madhya Pradesh,Central,Hospitality,Gift Card,3,,,
1000813,P00289942,F,18-25,24,0,AndhraÂ Pradesh,Southern,Govt,Gift Card,2,23664.0,,
1005447,P00275642,F,46-50,48,1,AndhraÂ Pradesh,Southern,IT Sector,Gift Card,3,,,
1001193,P00004842,F,26-35,29,0,AndhraÂ Pradesh,Southern,Aviation,Gift Card,1,23619.0,,
1001883,P00029842,M,51-55,54,1,Uttar Pradesh,Central,Hospitality,Gift Card,1,23568.0,,
1001883,P00029842,M,51-55,54,1,Uttar Pradesh,Central,Hospitality,Gift Card,1,23568.0,,
1000113,P00180642,F,18-25,19,1,AndhraÂ Pradesh,Southern,Govt,Gift Card,4,23546.0,,
1000416,P00181842,F,46-50,46,1,Uttar Pradesh,Central,Banking,Gift Card,2,23525.0,,
1005256,P00101742,F,26-35,30,0,AndhraÂ Pradesh,Southern,IT Sector,Gift Card,1,23518.0,,
1001505,P00271842,F,51-55,53,0,Uttar Pradesh,Central,Automobile,Gift Card,2,23515.0,,
1000900,P00317842,M,55+,83,0,Karnataka,Southern,Automobile,Gift Card,3,23513.0,,
1005908,P00282642,F,26-35,33,0,AndhraÂ Pradesh,Southern,IT Sector,Gift Card,3,23462.0,,
1001101,P00234742,F,36-45,40,0,Uttar Pradesh,Central,Banking,Gift Card,3,23456.0,,
1004736,P00058042,F,18-25,25,1,AndhraÂ Pradesh,Southern,Banking,Gift Card,4,23451.0,,
1004037,P00190542,M,51-55,54,1,AndhraÂ Pradesh,Southern,Govt,Hand & Power Tools,2,23434.0,,
1002340,P00119642,F,36-45,39,1,AndhraÂ Pradesh,Southern,Aviation,Gift Card,3,23389.0,,
1005664,P00111642,F,18-25,20,0,AndhraÂ Pradesh,Southern,Aviation,Gift Card,2,23365.0,,
1002523,P00293342,F,26-35,32,1,AndhraÂ Pradesh,Southern,Food Processing,Gift Card,3,23326.0,,
1002503,P00220042,F,36-45,36,0,AndhraÂ Pradesh,Southern,Automobile,Gift Card,2,23314.0,,
1002638,P00346242,F,26-35,35,1,Maharashtra,Western,Media,Gift Card,2,23306.0,,
1004505,P00080042,F,51-55,55,1,AndhraÂ Pradesh,Southern,Healthcare,Gift Card,4,23302.0,,
1004957,P00111842,M,26-35,27,1,Jharkhand,Eastern,Govt,Gift Card,1,23285.0,,
1005649,P00238542,M,18-25,20,1,Delhi,Central,Media,Gift Card,1,23281.0,,
1004508,P00048742,F,26-35,32,0,AndhraÂ Pradesh,Southern,Aviation,Gift Card,1,23270.0,,
1002520,P00310342,M,55+,72,1,Himachal Pradesh,Northern,Media,Gift Card,4,23267.0,,
1003111,P00249542,F,18-25,25,1,AndhraÂ Pradesh,Southern,Banking,Gift Card,4,23252.0,,
1000687,P00156442,M,26-35,35,0,Kerala,Southern,Aviation,Gift Card,1,23247.0,,
1003267,P00144242,M,26-35,30,1,Uttar Pradesh,Central,Banking,Hand & Power Tools,2,23246.0,,
1001182,P00122442,M,0-17,16,0,AndhraÂ Pradesh,Southern,Food Processing,Gift Card,4,23239.0,,
1005383,P0096942,F,36-45,40,0,AndhraÂ Pradesh,Southern,Aviation,Gift Card,2,23201.0,,
1004303,P00201442,F,26-35,35,1,AndhraÂ Pradesh,Southern,Aviation,Gift Card,2,23185.0,,
1005493,P00036242,M,36-45,45,1,AndhraÂ Pradesh,Southern,Agriculture,Hand & Power Tools,3,23160.0,,
1000728,P00113942,F,26-35,28,0,AndhraÂ Pradesh,Southern,Banking,Gift Card,1,23154.0,,
1002966,P00121642,M,26-35,32,1,Delhi,Central,Construction,Gift Card,3,23103.0,,
1001726,P00105042,F,26-35,32,0,AndhraÂ Pradesh,Southern,Retail,Gift Card,4,23066.0,,
1001404,P00141842,F,51-55,53,0,AndhraÂ Pradesh,Southern,IT Sector,Gift Card,2,23053.0,,
1005267,P00115342,F,36-45,43,1,AndhraÂ Pradesh,Southern,IT Sector,Gift Card,3,23047.0,,
1003745,P00220042,M,26-35,29,0,Haryana,Northern,IT Sector,Stationery,2,21563.0,,
1001884,P00339042,F,46-50,47,0,Delhi,Central,Textile,Stationery,1,21547.0,,
1001804,P00000642,F,26-35,35,0,Delhi,Central,Lawyer,Stationery,1,21533.0,,
1005359,P00302742,F,18-25,22,1,Delhi,Central,Media,Stationery,1,21503.0,,
1000151,P00150342,M,26-35,34,1,Karnataka,Southern,IT Sector,Stationery,2,21495.0,,
1001389,P00261542,F,26-35,33,1,Delhi,Central,Agriculture,Stationery,3,21463.0,,
1002665,P00261842,F,36-45,36,0,Delhi,Central,IT Sector,Stationery,4,21427.0,,
1002496,P00114042,F,51-55,52,0,Delhi,Central,IT Sector,Stationery,4,21423.0,,
1001442,P00145042,M,18-25,18,1,Delhi,Central,Construction,Stationery,2,21401.0,,
1000379,P00121642,M,36-45,39,0,Maharashtra,Western,Healthcare,Stationery,3,21397.0,,
1003916,P00003242,M,26-35,34,1,Delhi,Central,Agriculture,Stationery,4,21388.0,,
1001687,P00265242,F,26-35,33,0,Maharashtra,Western,Govt,Stationery,4,21325.0,,
1000423,P00046742,M,18-25,21,0,Delhi,Central,Automobile,Stationery,2,21320.0,,
1002395,P00220342,F,36-45,38,1,Delhi,Central,Aviation,Stationery,2,21317.0,,
1004728,P00037042,F,26-35,28,0,Delhi,Central,IT Sector,Stationery,4,21293.0,,
1005054,P0096542,F,36-45,37,0,Delhi,Central,Hospitality,Stationery,1,21266.0,,
1004489,P00216742,M,18-25,20,0,Delhi,Central,Construction,Stationery,1,21259.0,,
1001865,P00213742,M,18-25,23,1,Kerala,Southern,Media,Stationery,2,21246.0,,
1003022,P00130742,F,26-35,34,0,Delhi,Central,Banking,Stationery,4,21218.0,,
1001657,P00248442,M,46-50,49,0,AndhraÂ Pradesh,Southern,Govt,Stationery,2,21178.0,,
1003751,P00129542,M,36-45,38,1,Karnataka,Southern,Media,Stationery,1,21178.0,,
1000179,P00261642,F,26-35,30,0,Delhi,Central,Aviation,Stationery,4,21152.0,,
1000438,P00182542,F,18-25,25,0,Madhya Pradesh,Central,IT Sector,Tupperware,2,21079.0,,
1003618,P00248942,M,18-25,19,1,Maharashtra,Western,Media,Tupperware,1,21058.0,,
1003415,P00152742,M,36-45,42,0,Delhi,Central,Hospitality,Stationery,1,21039.0,,
1002485,P00302342,F,36-45,38,1,Gujarat,Western,Media,Tupperware,3,21013.0,,
1001495,P00064042,F,18-25,21,1,Delhi,Central,IT Sector,Stationery,4,21009.0,,
1004607,P00173342,M,26-35,35,0,Delhi,Central,Govt,Stationery,4,20981.0,,
1005316,P00278642,F,18-25,24,1,Kerala,Southern,Govt,Tupperware,4,20967.0,,
1000461,P00142942,M,51-55,52,1,Himachal Pradesh,Northern,Healthcare,Stationery,2,20965.0,,
1000154,P00306042,F,51-55,53,1,Karnataka,Southern,Textile,Footwear & Shoes,4,20965.0,,
1000749,P00114342,F,36-45,37,1,Uttar Pradesh,Central,Lawyer,Footwear & Shoes,2,20963.0,,
1006040,P00271242,F,26-35,28,1,Delhi,Central,IT Sector,Footwear & Shoes,1,20960.0,,
1001284,P00157142,M,46-50,50,0,Karnataka,Southern,Banking,Footwear & Shoes,3,20960.0,,
1004269,P00345242,F,36-45,40,0,Delhi,Central,Lawyer,Footwear & Shoes,1,20959.0,,
1001496,P00067942,F,26-35,35,1,Madhya Pradesh,Central,Chemical,Footwear & Shoes,1,20955.0,,
1003007,P00191942,F,36-45,45,0,Delhi,Central,Banking,Stationery,4,20951.5,,
1004715,P00217442,F,26-35,35,0,Delhi,Central,Food Processing,Footwear & Shoes,3,20950.0,,
1000306,P00303242,F,18-25,18,0,Maharashtra,Western,Aviation,Tupperware,3,20949.0,,
1000855,P00240042,M,18-25,22,0,Delhi,Central,Automobile,Footwear & Shoes,3,20948.0,,
1001183,P00084842,F,36-45,43,1,Delhi,Central,Aviation,Footwear & Shoes,4,20945.0,,
1005954,P00156242,F,46-50,48,1,Karnataka,Southern,Automobile,Footwear & Shoes,2,20944.0,,
1005627,P00123142,M,26-35,28,0,Delhi,Central,IT Sector,Stationery,1,20943.0,,
1002165,P00260442,F,26-35,31,1,Delhi,Central,IT Sector,Footwear & Shoes,1,20938.0,,
1004416,P00213742,F,18-25,23,0,Uttar Pradesh,Central,Construction,Footwear & Shoes,2,20933.0,,
1000850,P00319942,F,36-45,44,0,Uttar Pradesh,Central,Lawyer,Footwear & Shoes,3,20932.0,,
1002888,P00255842,F,26-35,34,0,AndhraÂ Pradesh,Southern,Automobile,Tupperware,2,20930.0,,
1001891,P00192542,F,46-50,46,0,Uttar Pradesh,Central,Chemical,Footwear & Shoes,1,20929.0,,
1001019,P00259142,F,36-45,43,1,Delhi,Central,Govt,Footwear & Shoes,2,20928.0,,
1002306,P00084242,M,18-25,21,1,Jharkhand,Eastern,Textile,Footwear & Shoes,3,20925.0,,
1001179,P00208742,M,51-55,54,0,Delhi,Central,IT Sector,Footwear & Shoes,3,20920.0,,
1004957,P00163442,F,26-35,34,1,Delhi,Central,Healthcare,Footwear & Shoes,1,20914.0,,
1004079,P00284742,F,36-45,44,1,Uttar Pradesh,Central,Agriculture,Footwear & Shoes,2,20914.0,,
1002124,P00369042,F,26-35,29,0,Karnataka,Southern,Retail,Footwear & Shoes,3,20912.0,,
1004335,P00075542,F,36-45,38,0,Karnataka,Southern,Healthcare,Footwear & Shoes,4,20912.0,,
1000280,P00216042,F,51-55,55,0,Delhi,Central,Hospitality,Footwear & Shoes,2,20908.0,,
1003311,P00142742,F,26-35,26,1,Karnataka,Southern,Hospitality,Footwear & Shoes,1,20908.0,,
1004161,P00345642,F,46-50,46,0,Karnataka,Southern,Retail,Footwear & Shoes,4,20906.0,,
1005265,P00296242,F,46-50,48,1,Delhi,Central,Banking,Footwear & Shoes,1,,,
1004285,P00315842,M,36-45,38,0,Uttar Pradesh,Central,Food Processing,Footwear & Shoes,3,20900.0,,
1005261,P00057942,F,36-45,41,1,Delhi,Central,IT Sector,Footwear & Shoes,2,,,
1000445,P00114042,F,46-50,47,0,Delhi,Central,Retail,Footwear & Shoes,1,20896.0,,
1003265,P00184942,F,26-35,35,0,Uttar Pradesh,Central,Food Processing,Stationery,1,20883.0,,
1003396,P00178242,F,26-35,31,1,Delhi,Central,Textile,Footwear & Shoes,4,20875.0,,
1002380,P00124642,F,26-35,26,1,Delhi,Central,IT Sector,Footwear & Shoes,2,20874.0,,
1002059,P00114142,F,36-45,41,0,Karnataka,Southern,IT Sector,Footwear & Shoes,1,20874.0,,
1001335,P00108942,F,36-45,42,0,Delhi,Central,IT Sector,Footwear & Shoes,1,20873.0,,
1004838,P00062842,F,46-50,49,0,Delhi,Central,Lawyer,Footwear & Shoes,3,20870.0,,
1001015,P00289942,F,36-45,44,0,Delhi,Central,Chemical,Stationery,2,20867.0,,
1000549,P00113542,F,26-35,31,0,Karnataka,Southern,IT Sector,Footwear & Shoes,2,20865.0,,
1001954,P00294542,M,26-35,31,1,Jharkhand,Eastern,IT Sector,Footwear & Shoes,3,20863.0,,
1001912,P00087442,F,26-35,27,0,Bihar,Eastern,Automobile,Tupperware,3,20860.0,,
1003918,P00334242,F,26-35,32,0,Karnataka,Southern,Retail,Footwear & Shoes,3,20855.0,,
1001896,P00117142,M,55+,66,0,Uttar Pradesh,Central,Govt,Footwear & Shoes,2,20853.0,,
1002445,P00184042,F,26-35,28,0,Delhi,Central,Aviation,Stationery,4,20852.0,,
1002279,P00368342,F,51-55,52,0,Karnataka,Southern,Aviation,Footwear & Shoes,4,20850.0,,
1002898,P00309242,F,18-25,19,0,Madhya Pradesh,Central,Healthcare,Footwear & Shoes,4,20847.0,,
1004277,P00315442,F,36-45,45,1,Delhi,Central,Construction,Footwear & Shoes,2,20840.0,,
1003576,P00101342,M,51-55,53,1,Maharashtra,Western,Aviation,Footwear & Shoes,4,20837.0,,
1003724,P00232442,F,36-45,36,0,Delhi,Central,Aviation,Footwear & Shoes,2,20833.0,,
1003384,P00033742,F,36-45,41,1,Delhi,Central,Banking,Footwear & Shoes,4,20819.0,,
1003051,P00288342,F,18-25,22,0,Uttar Pradesh,Central,Govt,Tupperware,1,20816.0,,
1003311,P00228142,F,26-35,30,1,Karnataka,Southern,Hospitality,Footwear & Shoes,3,20815.0,,
1004782,P00114942,M,46-50,46,1,Karnataka,Southern,Hospitality,Footwear & Shoes,1,20815.0,,
1003998,P00232242,F,46-50,47,0,Delhi,Central,IT Sector,Footwear & Shoes,4,20812.0,,
1000284,P00034742,F,26-35,29,0,Karnataka,Southern,Healthcare,Footwear & Shoes,2,20807.0,,
1000509,P00278042,F,26-35,28,0,Delhi,Central,Banking,Footwear & Shoes,2,20805.45,,
1000838,P00363542,M,51-55,53,1,Gujarat,Western,Hospitality,Footwear & Shoes,4,20796.0,,
1000838,P00363542,M,51-55,53,1,Rajasthan,Northern,Hospitality,Footwear & Shoes,2,20796.0,,
1002060,P00351042,M,0-17,15,0,Bihar,Eastern,Healthcare,Footwear & Shoes,4,20788.0,,
1000850,P00324342,M,36-45,40,1,Karnataka,Southern,IT Sector,Footwear & Shoes,3,20783.0,,
1005522,P00179742,F,26-35,35,1,Delhi,Central,Automobile,Footwear & Shoes,1,20770.0,,
1005153,P00190242,F,26-35,33,1,Karnataka,Southern,IT Sector,Footwear & Shoes,4,20767.0,,
1002122,P00161442,F,36-45,40,0,Karnataka,Southern,Aviation,Footwear & Shoes,1,20767.0,,
1000984,P00248142,F,51-55,52,0,Madhya Pradesh,Central,IT Sector,Tupperware,2,20757.0,,
1005220,P00209842,F,26-35,27,1,Delhi,Central,Aviation,Footwear & Shoes,2,20752.0,,
1001202,P00205442,F,36-45,45,0,Delhi,Central,IT Sector,Footwear & Shoes,2,20752.0,,
1006014,P00183142,F,46-50,48,0,Karnataka,Southern,Aviation,Footwear & Shoes,4,20751.0,,
1005111,P00177842,F,36-45,38,0,Uttar Pradesh,Central,Media,Footwear & Shoes,4,20751.0,,
1004227,P00059242,F,26-35,33,1,Karnataka,Southern,IT Sector,Footwear & Shoes,3,20745.0,,
1001331,P00248942,F,46-50,47,1,Uttar Pradesh,Central,Banking,Footwear & Shoes,4,20745.0,,
1004937,P00112842,F,36-45,40,1,Uttar Pradesh,Central,Media,Footwear & Shoes,2,20744.0,,
1005600,P00085242,M,46-50,47,0,Haryana,Northern,Automobile,Tupperware,1,20739.0,,
1000791,P00127842,M,36-45,44,1,Karnataka,Southern,IT Sector,Footwear & Shoes,2,20739.0,,
1003888,P00242742,F,46-50,46,0,Madhya Pradesh,Central,Aviation,Footwear & Shoes,2,20729.0,,
1006016,P00183742,F,46-50,50,0,Delhi,Central,Aviation,Footwear & Shoes,4,20714.0,,
1000604,P00304642,F,46-50,49,0,Karnataka,Southern,Healthcare,Footwear & Shoes,4,20712.0,,
1000173,P00057642,F,26-35,29,1,Uttar Pradesh,Central,Banking,Tupperware,1,20707.0,,
1004284,P00032042,F,51-55,53,0,Karnataka,Southern,Healthcare,Footwear & Shoes,1,20705.0,,
1002994,P00000142,F,36-45,42,0,Madhya Pradesh,Central,IT Sector,Footwear & Shoes,2,20691.0,,
1004016,P00123842,M,51-55,51,1,Uttar Pradesh,Central,Aviation,Furniture,3,20689.0,,
1005788,P00130642,F,26-35,26,1,Karnataka,Southern,Banking,Footwear & Shoes,2,20688.0,,
1001184,P00146342,M,26-35,30,0,Maharashtra,Western,Media,Footwear & Shoes,4,20678.0,,
1000053,P00120442,F,26-35,33,1,Karnataka,Southern,Aviation,Footwear & Shoes,4,20677.0,,
1002511,P00148642,M,26-35,34,0,Kerala,Southern,Chemical,Furniture,1,20677.0,,
1004377,P00298942,M,26-35,26,0,Karnataka,Southern,Retail,Footwear & Shoes,3,20676.0,,
1005481,P00277642,F,46-50,46,0,Maharashtra,Western,Govt,Furniture,1,20673.0,,
1003940,P00159442,F,36-45,36,1,Karnataka,Southern,Automobile,Footwear & Shoes,1,20669.0,,
1000687,P00344542,M,26-35,26,0,Delhi,Central,Chemical,Tupperware,4,20668.0,,
1000889,P00021842,F,46-50,50,1,Delhi,Central,Lawyer,Footwear & Shoes,1,20668.0,,
1000167,P00322142,M,26-35,32,0,Maharashtra,Western,Food Processing,Furniture,2,20666.0,,
1004972,P00249542,F,36-45,38,0,Karnataka,Southern,Banking,Footwear & Shoes,3,20665.0,,
1003094,P00223642,F,36-45,41,1,Karnataka,Southern,Retail,Footwear & Shoes,1,20664.0,,
1000157,P00117842,F,36-45,43,0,Karnataka,Southern,Automobile,Footwear & Shoes,3,20661.0,,
1001015,P00109842,M,36-45,40,0,Delhi,Central,Food Processing,Footwear & Shoes,3,20660.0,,
1003468,P00059442,F,26-35,26,1,Delhi,Central,IT Sector,Footwear & Shoes,2,20659.0,,
1002251,P00337442,F,36-45,36,1,Delhi,Central,Media,Footwear & Shoes,1,20659.0,,
1005014,P00122442,F,46-50,50,0,Karnataka,Southern,IT Sector,Tupperware,1,20659.0,,
1003085,P00267542,F,26-35,32,0,Delhi,Central,IT Sector,Footwear & Shoes,4,20657.0,,
1004112,P00190242,F,46-50,47,1,Delhi,Central,Hospitality,Footwear & Shoes,3,20654.0,,
1002592,P00356842,F,51-55,51,0,Maharashtra,Western,Media,Tupperware,2,20644.0,,
1001298,P00349142,F,36-45,36,0,Uttar Pradesh,Central,Construction,Footwear & Shoes,1,20642.0,,
1002537,P00359242,M,36-45,42,1,Uttar Pradesh,Central,IT Sector,Footwear & Shoes,4,20641.0,,
1005538,P00269542,F,46-50,49,1,Karnataka,Southern,Banking,Footwear & Shoes,1,,,
1000971,P00016542,F,26-35,32,1,Uttar Pradesh,Central,Retail,Footwear & Shoes,1,20628.0,,
1001103,P00334242,M,46-50,48,0,Delhi,Central,IT Sector,Tupperware,1,20627.0,,
1003081,P00218642,F,26-35,32,0,Uttarakhand,Central,Food Processing,Furniture,1,20623.0,,
1002164,P00110942,M,36-45,41,0,Himachal Pradesh,Northern,Banking,Furniture,4,20622.0,,
1003635,P00273042,F,51-55,54,0,Delhi,Central,Retail,Footwear & Shoes,4,20620.0,,
1001030,P00162442,F,26-35,33,0,Karnataka,Southern,Chemical,Footwear & Shoes,4,20619.0,,
1001029,P00317842,F,26-35,30,0,Karnataka,Southern,Lawyer,Footwear & Shoes,3,20615.0,,
1003311,P00180442,F,26-35,29,0,Delhi,Central,IT Sector,Footwear & Shoes,3,20608.0,,
1003416,P00100642,F,26-35,27,1,Uttarakhand,Central,Media,Furniture,4,20608.0,,
1004573,P00071442,M,51-55,51,1,Haryana,Northern,Aviation,Furniture,4,20607.0,,
1004179,P00100842,M,36-45,43,1,Karnataka,Southern,Textile,Furniture,1,20607.0,,
1005661,P00148042,M,26-35,31,0,Maharashtra,Western,Healthcare,Tupperware,1,20606.0,,
1001736,P00227942,M,55+,72,1,Uttar Pradesh,Central,Textile,Footwear & Shoes,2,20603.0,,
1003401,P00120342,F,36-45,39,0,Maharashtra,Western,IT Sector,Footwear & Shoes,2,20602.0,,
1001835,P00180642,F,26-35,31,0,Karnataka,Southern,Aviation,Footwear & Shoes,4,20600.0,,
1002899,P00193642,M,36-45,42,1,Karnataka,Southern,Automobile,Footwear & Shoes,1,20600.0,,
1002860,P00033942,F,36-45,40,0,Delhi,Central,IT Sector,Footwear & Shoes,1,20598.0,,
1004362,P00015742,F,26-35,26,1,Karnataka,Southern,Chemical,Footwear & Shoes,3,20598.0,,
1001147,P00296642,F,26-35,27,0,Kerala,Southern,IT Sector,Tupperware,3,20598.0,,
1004953,P00015542,F,36-45,39,0,Kerala,Southern,Healthcare,Furniture,3,20595.99,,
1005884,P00112542,F,18-25,25,1,Kerala,Southern,Banking,Furniture,2,20594.0,,
1002765,P00127942,F,51-55,55,0,Madhya Pradesh,Central,Aviation,Footwear & Shoes,2,20589.0,,
1005140,P00157642,F,26-35,29,0,Delhi,Central,Healthcare,Footwear & Shoes,1,20588.0,,
1004161,P00265242,F,46-50,50,1,Uttar Pradesh,Central,Banking,Furniture,1,20588.0,,
1003697,P00250342,F,26-35,30,0,Delhi,Central,Banking,Footwear & Shoes,4,20586.0,,
1002041,P00115142,M,26-35,31,1,Madhya Pradesh,Central,Banking,Furniture,3,20586.0,,
1003726,P00274042,F,26-35,34,1,Karnataka,Southern,Lawyer,Footwear & Shoes,2,20581.0,,
1001803,P00249642,F,26-35,33,1,Maharashtra,Western,Chemical,Footwear & Shoes,2,20579.0,,
1005814,P00113442,M,26-35,30,1,Karnataka,Southern,IT Sector,Furniture,4,20573.0,,
1004901,P00120242,F,26-35,29,0,Delhi,Central,Banking,Footwear & Shoes,4,20572.0,,
1003958,P0096942,F,46-50,49,0,Karnataka,Southern,Healthcare,Footwear & Shoes,3,20570.0,,
1003563,P00249842,F,26-35,34,0,Kerala,Southern,Healthcare,Furniture,4,20570.0,,
1002793,P00207742,F,36-45,42,1,Maharashtra,Western,Govt,Tupperware,3,20569.0,,
1003283,P00233542,M,36-45,38,1,Delhi,Central,Textile,Footwear & Shoes,3,20566.0,,
1001941,P00184942,M,36-45,26,1,Delhi,Central,Chemical,Footwear & Shoes,4,20559.0,,
1004279,P00032142,F,26-35,28,1,Uttar Pradesh,Central,Banking,Furniture,1,20558.0,,
1001181,P00278642,F,36-45,40,1,Delhi,Central,Media,Footwear & Shoes,1,20553.0,,
1003211,P00211242,M,51-55,54,0,Gujarat,Western,Construction,Furniture,4,20550.0,,
1000216,P00323042,F,46-50,47,1,Delhi,Central,Aviation,Footwear & Shoes,2,20549.0,,
1003618,P00233442,M,18-25,19,0,Bihar,Eastern,Aviation,Footwear & Shoes,2,20548.0,,
1004354,P00153142,F,36-45,41,0,Delhi,Central,Govt,Footwear & Shoes,3,20547.0,,
1000793,P00068042,M,36-45,41,0,Karnataka,Southern,Healthcare,Furniture,1,20546.0,,
1003690,P0099242,F,18-25,24,0,Uttar Pradesh,Central,Healthcare,Footwear & Shoes,4,20544.0,,
1004122,P00118142,F,18-25,23,0,Kerala,Southern,Hospitality,Furniture,1,20543.0,,
1003503,P00344842,F,18-25,25,0,Madhya Pradesh,Central,Govt,Furniture,3,20540.0,,
1002852,P00123142,F,26-35,29,0,Delhi,Central,Media,Footwear & Shoes,2,20537.0,,
1001004,P00036342,M,26-35,34,0,Delhi,Central,Retail,Footwear & Shoes,1,20536.0,,
1000390,P00319042,M,26-35,29,0,Haryana,Northern,Automobile,Footwear & Shoes,4,20536.0,,
1003099,P00127542,F,26-35,26,0,Karnataka,Southern,Aviation,Footwear & Shoes,2,20536.0,,
1002201,P00127642,F,55+,83,1,Madhya Pradesh,Central,Govt,Furniture,1,20533.0,,
1002271,P00193542,F,51-55,55,0,Gujarat,Western,Aviation,Tupperware,1,20529.0,,
1004327,P00153842,F,36-45,37,1,Karnataka,Southern,IT Sector,Footwear & Shoes,4,20525.0,,
1001835,P00304942,F,26-35,34,1,Delhi,Central,Chemical,Footwear & Shoes,4,20516.0,,
1003475,P00227942,M,26-35,29,1,AndhraÂ Pradesh,Southern,IT Sector,Footwear & Shoes,4,20515.0,,
1001613,P00173342,F,18-25,23,1,Uttar Pradesh,Central,Healthcare,Footwear & Shoes,1,20512.0,,
1005680,P00277642,F,51-55,51,1,Delhi,Central,Food Processing,Footwear & Shoes,1,20511.0,,
1004979,P00346042,F,36-45,39,1,Karnataka,Southern,Media,Footwear & Shoes,1,20509.0,,
1004819,P00269642,F,36-45,41,1,Delhi,Central,Automobile,Footwear & Shoes,1,20508.0,,
1003580,P00018042,M,18-25,20,1,Telangana,Southern,Healthcare,Footwear & Shoes,1,20508.0,,
1001861,P00295842,F,51-55,52,0,Uttar Pradesh,Central,Aviation,Footwear & Shoes,2,20508.0,,
1001618,P00109742,M,51-55,53,0,AndhraÂ Pradesh,Southern,Food Processing,Footwear & Shoes,4,20505.0,,
1002330,P00129842,F,46-50,48,0,Delhi,Central,Aviation,Footwear & Shoes,4,20503.0,,
1004013,P00182242,F,26-35,31,1,Karnataka,Southern,Chemical,Footwear & Shoes,2,20502.0,,
1005178,P00346142,F,51-55,55,0,Karnataka,Southern,Healthcare,Footwear & Shoes,3,20502.0,,
1001162,P00057742,M,36-45,40,1,Karnataka,Southern,Banking,Footwear & Shoes,4,20501.0,,
1004680,P00215542,F,36-45,45,0,Delhi,Central,Textile,Footwear & Shoes,1,20500.0,,
1005108,P00158742,M,26-35,26,0,Himachal Pradesh,Northern,Aviation,Furniture,4,20495.0,,
1005446,P00059442,M,51-55,52,0,Karnataka,Southern,Chemical,Furniture,1,20494.0,,
1002181,P00363342,F,26-35,27,1,Karnataka,Southern,Banking,Footwear & Shoes,1,20493.0,,
1004485,P00339842,F,26-35,35,0,Kerala,Southern,Media,Furniture,2,20492.0,,
1006040,P00111142,F,26-35,27,0,Karnataka,Southern,Food Processing,Footwear & Shoes,2,20488.0,,
1003272,P00324642,M,36-45,42,1,Delhi,Central,IT Sector,Footwear & Shoes,2,20486.0,,
1001757,P0095542,F,26-35,28,1,Karnataka,Southern,Textile,Footwear & Shoes,1,20486.0,,
1001969,P00160042,M,26-35,28,0,Delhi,Central,Chemical,Footwear & Shoes,1,20484.0,,
1003694,P00115942,F,26-35,35,0,Madhya Pradesh,Central,IT Sector,Footwear & Shoes,4,20483.0,,
1004436,P0096542,F,26-35,28,0,Kerala,Southern,Retail,Tupperware,2,20477.0,,
1001260,P00274042,F,26-35,35,1,Madhya Pradesh,Central,Aviation,Footwear & Shoes,3,20477.0,,
1004064,P0097142,F,46-50,48,0,Delhi,Central,Banking,Footwear & Shoes,2,20476.0,,
1004829,P00146042,F,26-35,28,0,Karnataka,Southern,IT Sector,Footwear & Shoes,3,20471.0,,
1000549,P00147042,F,26-35,26,0,Kerala,Southern,Banking,Furniture,1,20469.0,,
1003245,P00351242,F,18-25,21,0,Uttarakhand,Central,Govt,Furniture,1,20468.0,,
1005137,P00187342,F,18-25,19,1,Haryana,Northern,Automobile,Tupperware,2,20464.0,,
1003259,P00054242,M,18-25,20,0,Himachal Pradesh,Northern,Healthcare,Furniture,2,20463.0,,
1003503,P00241642,M,18-25,25,1,Madhya Pradesh,Central,Aviation,Furniture,1,20457.0,,
1002068,P00172842,M,36-45,39,0,Uttar Pradesh,Central,Construction,Footwear & Shoes,3,20457.0,,
1002067,P00199442,F,51-55,52,1,Delhi,Central,Construction,Footwear & Shoes,2,20454.0,,
1003825,P00014542,F,18-25,20,0,Delhi,Central,Aviation,Footwear & Shoes,1,20450.0,,
1000942,P00214142,M,51-55,52,1,Uttar Pradesh,Central,Lawyer,Furniture,3,20448.0,,
1001456,P00182242,M,26-35,34,0,Uttar Pradesh,Central,Textile,Footwear & Shoes,1,20445.0,,
1004942,P00050642,F,46-50,47,0,Uttar Pradesh,Central,IT Sector,Furniture,3,20442.0,,
1002760,P00101842,M,55+,77,1,Kerala,Southern,Lawyer,Footwear & Shoes,4,20440.0,,
1004327,P00085942,F,36-45,41,0,Karnataka,Southern,Retail,Footwear & Shoes,2,20438.0,,
1003536,P00268442,F,18-25,24,1,Karnataka,Southern,Banking,Furniture,3,20433.0,,
1005836,P00110942,F,26-35,27,0,Delhi,Central,Govt,Footwear & Shoes,1,20432.0,,
1004682,P00030442,F,26-35,27,1,Uttarakhand,Central,Chemical,Furniture,2,20432.0,,
1004237,P00102442,F,26-35,28,0,Karnataka,Southern,Chemical,Footwear & Shoes,4,20429.0,,
1004802,P00361642,M,55+,87,0,Delhi,Central,Govt,Footwear & Shoes,4,20427.0,,
1001218,P00118542,M,55+,79,0,Madhya Pradesh,Central,Food Processing,Footwear & Shoes,4,20424.0,,
1001611,P00265142,M,26-35,27,0,AndhraÂ Pradesh,Southern,Healthcare,Footwear & Shoes,2,20423.0,,
1001050,P00213342,F,26-35,35,0,Maharashtra,Western,Banking,Footwear & Shoes,1,20420.0,,
1002747,P0097842,M,18-25,20,0,Haryana,Northern,Healthcare,Tupperware,2,20413.0,,
1001941,P00332442,M,36-45,26,1,Uttar Pradesh,Central,Hospitality,Furniture,4,20410.0,,
1004160,P00041342,F,36-45,36,0,Bihar,Eastern,Retail,Furniture,3,20405.0,,
1002126,P00122442,M,55+,71,1,Karnataka,Southern,IT Sector,Footwear & Shoes,2,20405.0,,
1003096,P00145442,M,46-50,47,0,Jharkhand,Eastern,Automobile,Furniture,4,20403.0,,
1001451,P00193842,M,36-45,44,1,Haryana,Northern,Banking,Furniture,2,20394.0,,
1002953,P00176642,F,26-35,32,1,Delhi,Central,Automobile,Footwear & Shoes,3,20392.0,,
1004285,P00006442,F,36-45,40,0,Delhi,Central,Healthcare,Footwear & Shoes,1,20387.0,,
1000326,P00120542,M,51-55,53,0,Gujarat,Western,IT Sector,Footwear & Shoes,3,,,
1006016,P00274442,F,46-50,47,0,Maharashtra,Western,Agriculture,Footwear & Shoes,2,20380.0,,
1004343,P00270942,F,26-35,31,0,Karnataka,Southern,Govt,Footwear & Shoes,1,20379.0,,
1001884,P00111042,F,46-50,49,0,Delhi,Central,Healthcare,Footwear & Shoes,4,20375.0,,
1000623,P00184942,F,26-35,34,1,Delhi,Central,Construction,Footwear & Shoes,3,20373.0,,
1003963,P00226242,F,51-55,51,0,Karnataka,Southern,Chemical,Footwear & Shoes,2,20373.0,,
1002025,P00175242,M,55+,88,1,Karnataka,Southern,IT Sector,Footwear & Shoes,4,20364.0,,
1001593,P00075742,F,26-35,28,0,Karnataka,Southern,Retail,Footwear & Shoes,1,20363.0,,
1003423,P00337742,F,26-35,29,1,Karnataka,Southern,Banking,Footwear & Shoes,4,20362.0,,
1000651,P00194142,M,36-45,41,0,Uttar Pradesh,Central,Chemical,Furniture,1,20361.0,,
1005237,P00037142,F,26-35,30,1,Delhi,Central,IT Sector,Footwear & Shoes,3,20359.0,,
1001506,P0096442,F,26-35,35,0,Delhi,Central,Textile,Footwear & Shoes,1,20359.0,,
1003641,P00193242,F,26-35,30,0,Kerala,Southern,Aviation,Furniture,4,20358.0,,
1000182,P00049442,F,18-25,21,1,Karnataka,Southern,Aviation,Footwear & Shoes,4,20357.0,,
1003108,P00291542,F,51-55,52,0,Uttar Pradesh,Central,Food Processing,Footwear & Shoes,1,20357.0,,
1005039,P00324442,M,36-45,44,0,Gujarat,Western,Automobile,Tupperware,4,20348.0,,
1001451,P00311642,F,36-45,41,1,Madhya Pradesh,Central,Banking,Footwear & Shoes,4,20344.0,,
1002340,P00117142,F,36-45,45,0,Karnataka,Southern,Construction,Footwear & Shoes,3,20342.0,,
1001339,P00173342,F,36-45,40,0,Madhya Pradesh,Central,Aviation,Footwear & Shoes,1,20338.0,,
1003224,P00277842,M,26-35,32,1,Madhya Pradesh,Central,Chemical,Furniture,1,20328.0,,
1004837,P00068142,F,26-35,35,1,Kerala,Southern,Banking,Furniture,3,20323.0,,
1004640,P00106042,F,26-35,31,1,Maharashtra,Western,Food Processing,Furniture,2,20322.0,,
1003311,P00249842,F,26-35,33,1,Kerala,Southern,IT Sector,Furniture,1,20317.0,,
1002031,P00350942,F,36-45,37,0,Delhi,Central,IT Sector,Footwear & Shoes,4,20315.0,,
1001021,P00059442,F,36-45,37,1,Madhya Pradesh,Central,Automobile,Footwear & Shoes,4,20315.0,,
1001017,P00326642,F,36-45,45,0,Karnataka,Southern,Banking,Footwear & Shoes,3,20313.0,,
1000372,P00358442,M,18-25,22,1,Delhi,Central,Govt,Furniture,3,20312.0,,
1001520,P00332242,F,26-35,32,1,Delhi,Central,Food Processing,Footwear & Shoes,4,20312.0,,
1003012,P00221042,M,26-35,34,0,Delhi,Central,Construction,Footwear & Shoes,2,20312.0,,
1001591,P00059442,F,51-55,53,1,Uttar Pradesh,Central,Automobile,Footwear & Shoes,2,20310.0,,
1000004,P00184942,F,46-50,47,0,Madhya Pradesh,Central,Retail,Footwear & Shoes,1,20309.0,,
1004627,P00282042,M,55+,58,0,Uttar Pradesh,Central,IT Sector,Footwear & Shoes,1,20309.0,,
1006011,P00182342,F,36-45,43,1,Delhi,Central,Construction,Footwear & Shoes,1,20308.0,,
1005686,P00215442,F,55+,88,0,AndhraÂ Pradesh,Southern,Chemical,Furniture,4,20304.0,,
1000563,P00319842,F,26-35,28,1,Karnataka,Southern,Healthcare,Footwear & Shoes,1,20303.0,,
1002109,P00269242,F,26-35,30,0,Karnataka,Southern,Banking,Footwear & Shoes,4,20302.0,,
1000976,P00250242,F,36-45,41,1,Uttar Pradesh,Central,Aviation,Footwear & Shoes,3,20301.0,,
1005156,P00049642,F,18-25,19,1,Delhi,Central,Aviation,Footwear & Shoes,1,20295.0,,
1006016,P00033542,F,46-50,47,0,Delhi,Central,Banking,Footwear & Shoes,3,20290.0,,
1000058,P00266542,F,26-35,33,0,Karnataka,Southern,Retail,Footwear & Shoes,3,20288.0,,
1005433,P00174142,M,36-45,38,0,Delhi,Central,Chemical,Footwear & Shoes,1,20286.0,,
1001733,P00304942,F,18-25,22,1,Haryana,Northern,Healthcare,Furniture,2,20285.0,,
1004725,P00059142,M,36-45,41,0,Karnataka,Southern,Healthcare,Footwear & Shoes,4,20285.0,,
1002956,P00003242,F,26-35,31,1,Uttar Pradesh,Central,Media,Footwear & Shoes,4,20283.0,,
1000338,P00208342,F,36-45,45,0,Delhi,Central,Automobile,Footwear & Shoes,3,20281.0,,
1002766,P00319042,F,46-50,50,0,Haryana,Northern,IT Sector,Furniture,3,20280.0,,
1000646,P00086442,M,36-45,43,0,Uttar Pradesh,Central,Govt,Footwear & Shoes,3,20279.0,,
1002037,P00364842,F,55+,72,0,AndhraÂ Pradesh,Southern,Govt,Furniture,3,20278.0,,
1005517,P00113042,M,55+,82,0,Karnataka,Southern,Aviation,Footwear & Shoes,2,20278.0,,
1004050,P00138542,F,36-45,43,1,Uttar Pradesh,Central,Govt,Footwear & Shoes,1,20276.0,,
1005807,P00303442,F,36-45,41,0,Madhya Pradesh,Central,Textile,Footwear & Shoes,3,20275.0,,
1002507,P00045842,F,26-35,35,1,Gujarat,Western,Chemical,Furniture,1,,,
1004498,P00030842,F,51-55,55,0,Delhi,Central,Textile,Footwear & Shoes,1,,,
1005157,P00003242,M,36-45,36,1,Haryana,Northern,Chemical,Footwear & Shoes,2,20269.0,,
1004171,P00221542,M,55+,87,0,Uttar Pradesh,Central,Construction,Footwear & Shoes,2,20269.0,,
1002012,P00273942,F,26-35,34,0,Delhi,Central,IT Sector,Footwear & Shoes,2,20262.0,,
1003934,P00265242,F,26-35,32,0,Karnataka,Southern,Retail,Footwear & Shoes,4,20260.0,,
1002676,P00177842,M,55+,62,1,Uttar Pradesh,Central,Lawyer,Footwear & Shoes,4,20260.0,,
1002106,P00016542,M,18-25,24,0,AndhraÂ Pradesh,Southern,Chemical,Furniture,3,20258.0,,
1003741,P00127642,F,26-35,29,1,Delhi,Central,Banking,Footwear & Shoes,2,20258.0,,
1001359,P00249742,M,36-45,36,0,Madhya Pradesh,Central,Govt,Footwear & Shoes,4,20257.0,,
1002889,P00196042,F,36-45,44,0,Karnataka,Southern,Healthcare,Footwear & Shoes,1,20253.0,,
1005096,P00288342,F,26-35,26,0,Karnataka,Southern,Healthcare,Footwear & Shoes,1,20252.0,,
1004860,P00115442,M,26-35,33,0,Karnataka,Southern,Healthcare,Footwear & Shoes,3,20251.0,,
1003726,P00119442,F,26-35,33,1,Delhi,Central,Hospitality,Footwear & Shoes,2,20250.0,,
1004194,P00286442,F,18-25,20,0,Haryana,Northern,IT Sector,Furniture,4,20246.0,,
1003036,P00255842,F,55+,92,0,Uttarakhand,Central,Chemical,Furniture,2,20239.0,,
1003380,P00102342,F,51-55,55,0,Karnataka,Southern,Banking,Footwear & Shoes,3,20237.0,,
1001667,P00276642,F,51-55,52,0,Delhi,Central,Aviation,Footwear & Shoes,2,20236.0,,
1002888,P00321742,F,26-35,26,0,Madhya Pradesh,Central,Media,Footwear & Shoes,3,20233.0,,
1000777,P00259342,M,18-25,22,0,Gujarat,Western,Construction,Furniture,2,20232.0,,
1001503,P00277242,M,26-35,35,1,AndhraÂ Pradesh,Southern,Food Processing,Footwear & Shoes,1,20230.0,,
1002979,P00210342,F,36-45,40,0,Karnataka,Southern,Aviation,Footwear & Shoes,2,20230.0,,
1001513,P00273742,M,36-45,41,1,Himachal Pradesh,Northern,Construction,Furniture,4,20229.0,,
1000651,P00346542,M,36-45,36,0,Uttar Pradesh,Central,Healthcare,Footwear & Shoes,1,20227.0,,
1002664,P00090942,M,36-45,45,0,Karnataka,Southern,Aviation,Footwear & Shoes,2,20224.0,,
1004673,P00125942,M,36-45,36,0,Uttar Pradesh,Central,Chemical,Footwear & Shoes,4,20216.0,,
1000850,P00231442,F,36-45,40,1,Uttar Pradesh,Central,Healthcare,Furniture,3,20212.0,,
1001599,P00028842,F,26-35,26,1,Himachal Pradesh,Northern,Construction,Furniture,2,20211.0,,
1001284,P00351342,F,46-50,47,0,Karnataka,Southern,IT Sector,Footwear & Shoes,2,20211.0,,
1003557,P00058442,F,18-25,24,1,Delhi,Central,Hospitality,Footwear & Shoes,1,20210.0,,
1003320,P00179042,M,26-35,29,1,Karnataka,Southern,Aviation,Footwear & Shoes,3,20209.0,,
1005857,P00000142,M,46-50,50,0,Karnataka,Southern,IT Sector,Furniture,4,20208.0,,
1004506,P00312342,F,51-55,51,0,Delhi,Central,Aviation,Footwear & Shoes,2,20207.0,,
1000711,P00118742,M,26-35,34,0,Karnataka,Southern,Hospitality,Footwear & Shoes,4,20206.0,,
1001088,P00304142,F,0-17,16,1,Uttar Pradesh,Central,Chemical,Furniture,3,20205.0,,
1001227,P00370342,F,51-55,51,0,Madhya Pradesh,Central,Media,Furniture,4,20204.0,,
1000678,P00240642,F,26-35,26,1,Karnataka,Southern,Media,Footwear & Shoes,1,20203.0,,
1001666,P00041442,F,26-35,29,1,Gujarat,Western,Food Processing,Furniture,3,20201.0,,
1003576,P00328742,M,51-55,52,1,Himachal Pradesh,Northern,Banking,Footwear & Shoes,1,20201.0,,
1004819,P00264042,F,36-45,36,1,Delhi,Central,Automobile,Footwear & Shoes,3,20200.0,,
1003842,P00115942,M,36-45,39,0,Haryana,Northern,Construction,Footwear & Shoes,3,20196.0,,
1000553,P00170642,F,26-35,33,0,Delhi,Central,Aviation,Footwear & Shoes,3,20194.0,,
1005576,P00165442,F,26-35,33,1,Karnataka,Southern,Banking,Footwear & Shoes,1,20192.0,,
1003715,P00016842,F,18-25,24,0,Madhya Pradesh,Central,Govt,Furniture,1,20191.0,,
1000854,P00052542,M,26-35,26,1,Uttar Pradesh,Central,Banking,Furniture,3,20191.0,,
1004089,P00348242,M,26-35,30,0,Bihar,Eastern,Aviation,Footwear & Shoes,4,20189.0,,
1002515,P00102542,F,46-50,49,0,Karnataka,Southern,Aviation,Footwear & Shoes,2,20188.0,,
1003903,P00232442,F,26-35,30,0,Delhi,Central,Banking,Footwear & Shoes,2,20187.0,,
1005270,P00028842,F,26-35,29,1,Bihar,Eastern,Chemical,Furniture,3,20173.0,,
1001952,P00068442,F,36-45,38,0,Delhi,Central,Healthcare,Footwear & Shoes,3,20173.0,,
1000071,P00062842,F,26-35,33,0,Delhi,Central,Retail,Footwear & Shoes,3,20169.0,,
1001983,P00346142,M,26-35,33,0,Karnataka,Southern,Aviation,Footwear & Shoes,3,20166.0,,
1003131,P00109742,M,26-35,34,0,Maharashtra,Western,IT Sector,Furniture,2,20165.0,,
1005765,P00280642,F,26-35,26,1,Uttar Pradesh,Central,Hospitality,Furniture,3,20162.0,,
1002266,P00148742,M,51-55,52,0,Karnataka,Southern,Healthcare,Furniture,2,20149.0,,
1004951,P00072242,M,36-45,44,0,Maharashtra,Western,Automobile,Furniture,3,20149.0,,
1003823,P00270542,F,55+,72,1,Gujarat,Western,Healthcare,Furniture,2,20141.0,,
1001297,P00105142,F,26-35,32,1,Uttar Pradesh,Central,Healthcare,Furniture,4,20139.0,,
1005031,P00112242,M,26-35,27,0,Uttar Pradesh,Central,IT Sector,Furniture,3,20138.0,,
1005260,P00331942,F,36-45,38,0,Rajasthan,Northern,Textile,Furniture,3,20131.0,,
1003315,P00073642,F,26-35,30,1,Uttarakhand,Central,IT Sector,Furniture,1,20131.0,,
1005926,P00182242,M,51-55,55,0,Uttar Pradesh,Central,Agriculture,Furniture,1,20120.0,,
1003675,P00288942,F,36-45,36,1,Maharashtra,Western,Lawyer,Furniture,2,20111.0,,
1004685,P00109542,M,36-45,37,0,Karnataka,Southern,Aviation,Furniture,4,20098.0,,
1003505,P00071442,M,26-35,34,1,AndhraÂ Pradesh,Southern,Lawyer,Furniture,4,20089.0,,
1000524,P00018042,F,18-25,25,0,Uttarakhand,Central,IT Sector,Furniture,4,20079.0,,
1003025,P00232842,M,36-45,39,0,Uttar Pradesh,Central,Govt,Furniture,3,20077.0,,
1001819,P00121042,M,36-45,38,1,Rajasthan,Northern,Govt,Furniture,2,20066.0,,
1003336,P00302642,M,36-45,37,0,Himachal Pradesh,Northern,IT Sector,Furniture,2,20064.0,,
1005305,P00010842,M,18-25,21,0,Maharashtra,Western,Healthcare,Furniture,4,20058.0,,
1001088,P00354342,M,0-17,12,1,Uttar Pradesh,Central,Aviation,Furniture,2,20058.0,,
1002069,P00069542,F,55+,63,1,Madhya Pradesh,Central,Textile,Furniture,1,20056.0,,
1003684,P00251942,F,26-35,31,1,Kerala,Southern,IT Sector,Furniture,1,20027.0,,
1002664,P00104842,F,36-45,43,0,Rajasthan,Northern,Banking,Furniture,1,20022.0,,
1003274,P00046742,F,26-35,28,0,AndhraÂ Pradesh,Southern,Media,Furniture,2,20014.0,,
1000583,P00020342,M,26-35,35,0,Madhya Pradesh,Central,Aviation,Furniture,4,20007.0,,
1001499,P00338442,F,0-17,12,0,Uttar Pradesh,Central,Aviation,Furniture,2,19991.0,,
1004016,P00259242,F,51-55,53,0,Himachal Pradesh,Northern,Govt,Furniture,3,19990.0,,
1004725,P0096442,F,36-45,41,0,Uttarakhand,Central,Banking,Furniture,3,19975.0,,
1003934,P00252942,F,26-35,34,0,Haryana,Northern,Healthcare,Furniture,3,19967.0,,
1004323,P00191442,F,18-25,21,1,Uttarakhand,Central,Aviation,Furniture,4,19952.0,,
1005239,P00178342,F,36-45,43,0,AndhraÂ Pradesh,Southern,Media,Furniture,2,19930.0,,
1004277,P00370342,F,36-45,42,0,Kerala,Southern,Govt,Furniture,3,19927.0,,
1001851,P00325242,F,26-35,34,1,Maharashtra,Western,Agriculture,Furniture,3,19927.0,,
1002102,P00304742,M,26-35,32,0,Kerala,Southern,Govt,Furniture,1,19920.0,,
1000148,P00151742,F,51-55,51,1,Himachal Pradesh,Northern,Banking,Furniture,4,19919.0,,
1000637,P00103242,M,36-45,45,1,Uttarakhand,Central,Food Processing,Furniture,3,19911.0,,
1000092,P00166942,M,18-25,21,1,Uttar Pradesh,Central,Lawyer,Furniture,4,19909.0,,
1005060,P00178042,F,46-50,46,0,Gujarat,Western,Retail,Furniture,3,19907.0,,
1000783,P00044442,F,26-35,31,0,Maharashtra,Western,Healthcare,Furniture,3,19904.0,,
1001096,P00008742,F,0-17,17,0,Jharkhand,Eastern,Automobile,Furniture,3,19903.0,,
1000662,P00325242,F,18-25,20,1,Haryana,Northern,Food Processing,Furniture,2,19901.0,,
1000036,P00327342,F,26-35,27,0,Uttarakhand,Central,Construction,Furniture,4,19895.0,,
1001669,P00053842,M,26-35,32,0,AndhraÂ Pradesh,Southern,Govt,Food,1,19708.0,,
1001556,P00113942,F,18-25,18,0,Maharashtra,Western,Lawyer,Food,4,19705.0,,
1003615,P00190942,F,26-35,28,1,Maharashtra,Western,Healthcare,Food,2,19704.0,,
1001943,P00028542,F,18-25,23,1,Telangana,Southern,Banking,Food,3,19702.0,,
1004449,P00312842,F,26-35,30,0,Uttar Pradesh,Central,Healthcare,Food,3,19699.0,,
1005757,P00051442,M,0-17,16,1,Kerala,Southern,Construction,Food,1,19696.0,,
1000737,P00087042,M,0-17,13,1,Delhi,Central,Chemical,Food,1,19695.0,,
1004505,P00301542,M,51-55,53,0,Uttar Pradesh,Central,Govt,Food,2,19695.0,,
1005536,P00027542,F,26-35,34,0,AndhraÂ Pradesh,Southern,Aviation,Food,2,19690.0,,
1001281,P00026042,F,26-35,31,0,Gujarat,Western,Automobile,Food,1,19690.0,,
1005824,P00218142,F,18-25,25,0,Karnataka,Southern,IT Sector,Food,2,19687.0,,
1002419,P00165942,F,26-35,28,1,Himachal Pradesh,Northern,Banking,Food,4,19686.0,,
1002462,P00197042,F,36-45,40,0,Karnataka,Southern,IT Sector,Food,3,19686.0,,
1001154,P00154642,F,0-17,13,0,Rajasthan,Northern,Govt,Food,2,19684.0,,
1001426,P00114942,F,18-25,25,0,Uttar Pradesh,Central,Healthcare,Food,4,19684.0,,
1004601,P00014442,F,36-45,40,1,Madhya Pradesh,Central,Hospitality,Food,4,,,
1003345,P00144242,F,26-35,29,0,Maharashtra,Western,Banking,Food,4,19683.0,,
1001946,P00334242,F,26-35,29,1,Karnataka,Southern,Aviation,Food,1,19681.0,,
1003715,P00351042,F,18-25,21,1,Maharashtra,Western,Healthcare,Food,3,19681.0,,
1003111,P00234542,F,18-25,18,0,Uttar Pradesh,Central,Hospitality,Food,3,19681.0,,
1001387,P00086442,M,51-55,55,0,Uttar Pradesh,Central,IT Sector,Food,2,19678.0,,
1000725,P00093242,F,55+,67,1,Kerala,Southern,Govt,Food,3,19677.0,,
1001022,P00340942,F,26-35,26,0,Bihar,Eastern,IT Sector,Food,1,19676.0,,
1004357,P00036842,M,36-45,45,0,Uttar Pradesh,Central,IT Sector,Food,2,19676.0,,
1005091,P00182142,F,26-35,26,0,AndhraÂ Pradesh,Southern,IT Sector,Food,4,19674.0,,
1005650,P00085942,M,36-45,39,1,Uttar Pradesh,Central,Healthcare,Food,1,19674.0,,
1001941,P00179442,M,36-45,26,1,Jharkhand,Eastern,Hospitality,Food,2,19672.0,,
1004528,P00338442,F,26-35,33,1,Uttar Pradesh,Central,Automobile,Food,2,,,
1003655,P00255842,M,26-35,32,0,Uttar Pradesh,Central,Banking,Food,1,19671.0,,
1003650,P00050542,F,26-35,27,0,Maharashtra,Western,Lawyer,Food,4,19670.0,,
1002955,P00119142,F,36-45,44,0,Uttar Pradesh,Central,Chemical,Food,4,19670.0,,
1002818,P00129542,F,26-35,34,0,Karnataka,Southern,IT Sector,Food,2,19669.0,,
1005788,P00255942,F,26-35,31,0,Maharashtra,Western,Healthcare,Food,4,19667.0,,
1000533,P00184942,F,26-35,27,1,Uttar Pradesh,Central,Aviation,Food,1,19660.0,,
1005709,P00120042,F,18-25,21,1,Uttar Pradesh,Central,Media,Food,4,19659.0,,
1001897,P00111942,M,51-55,54,0,Maharashtra,Western,IT Sector,Food,1,19658.0,,
1001777,P00344242,F,26-35,32,0,AndhraÂ Pradesh,Southern,Retail,Food,3,19654.0,,
1000337,P00241642,F,18-25,18,1,Haryana,Northern,IT Sector,Food,3,19652.0,,
1005201,P00101342,F,51-55,55,1,Maharashtra,Western,Aviation,Food,2,19650.0,,
1001437,P00043342,F,51-55,55,0,Uttar Pradesh,Central,Retail,Food,3,19646.0,,
1006009,P00148642,M,26-35,28,1,Punjab,Northern,Hospitality,Food,4,19644.0,,
1000148,P00334642,F,51-55,51,0,Telangana,Southern,Construction,Food,2,19643.0,,
1004980,P00331942,F,26-35,31,0,Madhya Pradesh,Central,Food Processing,Food,1,19642.0,,
1001952,P00102342,F,36-45,36,0,Haryana,Northern,IT Sector,Food,2,19641.0,,
1004042,P00114842,F,36-45,45,0,Karnataka,Southern,Lawyer,Food,1,19639.0,,
1003317,P00042242,F,26-35,30,0,Gujarat,Western,Media,Food,2,19638.0,,
1000820,P00368642,F,36-45,43,1,Bihar,Eastern,IT Sector,Food,2,19637.0,,
1001306,P00080342,F,26-35,34,1,Haryana,Northern,IT Sector,Food,1,19637.0,,
1005000,P00116642,F,26-35,29,1,Bihar,Eastern,Media,Food,4,19634.0,,
1003722,P00181542,F,26-35,32,1,Uttar Pradesh,Central,Lawyer,Food,3,19630.0,,
1000783,P00118342,F,26-35,27,1,Uttar Pradesh,Central,IT Sector,Food,4,19629.0,,
1001895,P00113842,F,36-45,38,1,AndhraÂ Pradesh,Southern,Govt,Food,4,19628.0,,
1004425,P00020242,F,36-45,39,1,Maharashtra,Western,Retail,Food,3,19628.0,,
1003189,P00112542,F,26-35,28,1,Maharashtra,Western,Healthcare,Food,1,19625.0,,
1003562,P00155242,M,26-35,29,0,Maharashtra,Western,IT Sector,Food,3,19623.0,,
1004736,P00084842,F,18-25,19,0,Delhi,Central,Healthcare,Food,4,19620.0,,
1002994,P0009942,F,36-45,38,0,Uttar Pradesh,Central,IT Sector,Food,4,,,
1003213,P00278642,M,26-35,28,1,Maharashtra,Western,Automobile,Food,2,19619.0,,
1003105,P00244142,F,36-45,38,1,Bihar,Eastern,Agriculture,Food,4,19617.0,,
1004795,P00043542,F,46-50,49,0,Bihar,Eastern,Media,Food,2,19617.0,,
1004937,P00169442,F,36-45,43,0,Karnataka,Southern,Aviation,Food,4,19615.0,,
1001050,P00162942,F,26-35,31,0,Haryana,Northern,Aviation,Food,1,19614.0,,
1004884,P00319342,F,36-45,43,0,Uttar Pradesh,Central,Govt,Food,4,19613.0,,
1005377,P00279542,M,18-25,24,1,Uttar Pradesh,Central,Aviation,Food,1,19609.0,,
1002571,P00058142,F,36-45,45,0,Karnataka,Southern,Banking,Food,2,19608.0,,
1003630,P00350342,F,18-25,22,0,Uttar Pradesh,Central,Govt,Food,4,19604.0,,
1000738,P00307342,M,18-25,20,1,Uttar Pradesh,Central,Banking,Food,4,19603.0,,
1000712,P00338542,F,26-35,29,1,Uttar Pradesh,Central,IT Sector,Food,3,19603.0,,
1004058,P00113142,F,26-35,30,1,Uttar Pradesh,Central,Automobile,Food,2,19602.0,,
1005930,P00084442,M,36-45,38,1,Himachal Pradesh,Northern,Chemical,Food,3,19600.0,,
1001451,P00145742,F,36-45,39,0,Haryana,Northern,IT Sector,Food,3,19599.0,,
1004041,P00039442,F,18-25,18,0,Haryana,Northern,Govt,Food,4,19596.0,,
1003311,P00183242,F,26-35,30,0,AndhraÂ Pradesh,Southern,Govt,Food,3,19595.0,,
1003216,P00330242,F,36-45,41,1,Uttar Pradesh,Central,Construction,Food,3,19591.0,,
1000774,P00370242,F,18-25,23,0,Uttar Pradesh,Central,Banking,Food,2,19589.0,,
1003689,P00219942,F,26-35,31,1,AndhraÂ Pradesh,Southern,Healthcare,Food,4,19587.0,,
1005458,P00151742,M,18-25,23,0,AndhraÂ Pradesh,Southern,Healthcare,Food,2,19586.0,,
1003458,P00212942,F,46-50,50,0,AndhraÂ Pradesh,Southern,Chemical,Food,2,19586.0,,
1005458,P00151742,M,18-25,23,0,Kerala,Southern,Healthcare,Food,1,19586.0,,
1001591,P00280242,F,51-55,52,1,Uttar Pradesh,Central,IT Sector,Food,4,19585.0,,
1003681,P00180342,F,26-35,35,0,Haryana,Northern,Lawyer,Food,3,19583.0,,
1002942,P00114142,M,51-55,52,0,Uttar Pradesh,Central,Aviation,Food,1,19583.0,,
1003320,P00179842,M,26-35,28,0,Haryana,Northern,Construction,Food,1,19582.0,,
1004740,P00058442,M,26-35,28,0,AndhraÂ Pradesh,Southern,Healthcare,Food,2,19580.0,,
1005964,P00265742,F,18-25,24,0,Madhya Pradesh,Central,Govt,Food,2,19580.0,,
1000313,P00117742,M,18-25,23,1,Madhya Pradesh,Central,Healthcare,Food,3,19578.0,,
1001150,P00228142,M,26-35,29,0,Uttar Pradesh,Central,Aviation,Food,2,19577.0,,
1001150,P00228142,M,26-35,29,0,Uttar Pradesh,Central,Aviation,Food,4,19577.0,,
1000793,P00331842,M,36-45,43,0,Bihar,Eastern,Lawyer,Food,1,19575.0,,
1000392,P00354642,F,18-25,23,0,Uttar Pradesh,Central,Healthcare,Food,2,19575.0,,
1001183,P00237542,F,36-45,36,0,Uttar Pradesh,Central,Banking,Food,3,19575.0,,
1000787,P00328042,F,18-25,23,1,Bihar,Eastern,IT Sector,Food,1,19574.0,,
1003626,P00145942,M,26-35,34,0,Kerala,Southern,Healthcare,Food,4,19574.0,,
1001962,P00194442,M,18-25,20,0,Delhi,Central,Food Processing,Food,3,19573.0,,
1003618,P00178842,M,18-25,19,0,Madhya Pradesh,Central,Lawyer,Food,2,19573.0,,
1004042,P00131542,F,36-45,42,0,Karnataka,Southern,Food Processing,Food,4,19572.0,,
1001736,P00152742,F,55+,71,0,Maharashtra,Western,Hospitality,Food,4,19571.0,,
1002733,P00209842,F,46-50,49,0,AndhraÂ Pradesh,Southern,Media,Food,3,19568.0,,
1003292,P00327242,M,51-55,52,0,Karnataka,Southern,Banking,Food,4,19568.0,,
1001889,P00345842,F,18-25,19,0,Bihar,Eastern,Food Processing,Food,3,19567.0,,
1000850,P00088242,F,36-45,41,1,Karnataka,Southern,IT Sector,Food,2,19567.0,,
1001757,P00244242,F,26-35,29,0,Delhi,Central,Healthcare,Food,1,19566.5,,
1001312,P00190142,F,26-35,30,0,Uttar Pradesh,Central,Media,Food,2,19566.0,,
1001390,P00052642,F,36-45,39,0,Maharashtra,Western,Construction,Food,3,19565.0,,
1005556,P00113442,F,46-50,50,1,Karnataka,Southern,Banking,Food,1,19564.0,,
1002235,P00133542,F,0-17,16,0,Maharashtra,Western,Banking,Food,2,19561.0,,
1000798,P00187442,M,26-35,31,0,Madhya Pradesh,Central,Govt,Food,4,19560.0,,
1005906,P00062842,M,18-25,18,1,Jharkhand,Eastern,Banking,Food,4,19557.0,,
1005221,P00346642,M,55+,67,0,Uttarakhand,Central,Retail,Food,2,19557.0,,
1004153,P00052042,F,51-55,54,0,Maharashtra,Western,Govt,Food,2,19556.0,,
1002896,P00070042,F,18-25,21,0,Karnataka,Southern,Aviation,Food,1,19555.0,,
1005083,P00014642,F,26-35,35,1,Maharashtra,Western,Banking,Food,4,19555.0,,
1001579,P00176542,F,26-35,32,0,Karnataka,Southern,Food Processing,Food,4,19554.0,,
1003550,P00316642,F,26-35,31,1,Uttar Pradesh,Central,Aviation,Food,1,19554.0,,
1003281,P00216342,F,26-35,34,0,Uttar Pradesh,Central,Hospitality,Food,4,19552.0,,
1002428,P00282242,F,46-50,47,1,Maharashtra,Western,Aviation,Food,1,19551.0,,
1005795,P00129342,F,26-35,28,0,Gujarat,Western,Aviation,Food,2,19548.0,,
1000081,P00184942,M,26-35,26,0,Karnataka,Southern,Food Processing,Food,2,19547.0,,
1004021,P00316642,F,51-55,53,1,Maharashtra,Western,Automobile,Food,4,19545.0,,
1004285,P00189842,F,36-45,43,0,Maharashtra,Western,Lawyer,Food,2,19536.0,,
1005327,P00103042,F,26-35,35,0,Haryana,Northern,Retail,Food,3,19533.0,,
1003626,P00120442,F,26-35,27,1,Uttar Pradesh,Central,Govt,Food,3,19532.0,,
1003358,P00144642,M,26-35,35,1,Karnataka,Southern,Govt,Food,1,19531.0,,
1003391,P00351942,F,18-25,18,0,Maharashtra,Western,Media,Food,4,19531.0,,
1002262,P00208342,F,46-50,48,0,Maharashtra,Western,Healthcare,Food,3,19527.0,,
1002857,P00225642,F,26-35,31,0,Maharashtra,Western,Retail,Food,3,19524.0,,
1003946,P00195342,M,26-35,26,0,Karnataka,Southern,Chemical,Food,3,19522.0,,
1001483,P00151742,F,18-25,20,0,Uttar Pradesh,Central,Healthcare,Food,3,19522.0,,
1004418,P00025642,M,51-55,53,0,Maharashtra,Western,Hospitality,Food,1,19520.0,,
1000331,P00044442,F,26-35,27,0,Uttar Pradesh,Central,Textile,Food,4,19520.0,,
1005237,P00137242,F,26-35,32,1,Gujarat,Western,Banking,Food,4,19518.0,,
1001530,P00115742,F,26-35,33,0,AndhraÂ Pradesh,Southern,IT Sector,Food,2,19516.0,,
1000331,P00279442,F,26-35,32,1,Maharashtra,Western,Agriculture,Food,4,19516.0,,
1001128,P00290342,F,26-35,27,1,Uttar Pradesh,Central,Banking,Food,3,19516.0,,
1004856,P00084842,M,26-35,28,0,Kerala,Southern,Hospitality,Food,1,19515.0,,
1004362,P00057542,F,26-35,28,1,Maharashtra,Western,IT Sector,Food,3,19515.0,,
1001806,P00046742,F,18-25,25,0,Telangana,Southern,Media,Food,4,19513.0,,
1003546,P00285342,F,26-35,29,1,Haryana,Northern,Automobile,Food,1,19512.0,,
1002803,P00110742,F,26-35,34,0,Uttar Pradesh,Central,Aviation,Food,3,19510.0,,
1004133,P00226242,F,46-50,47,0,Bihar,Eastern,Retail,Food,1,19508.0,,
1004601,P00156442,F,36-45,41,0,Delhi,Central,Aviation,Food,3,19507.0,,
1004589,P00281742,F,26-35,26,0,Maharashtra,Western,Automobile,Food,1,19507.0,,
1002849,P00327542,F,46-50,49,0,Haryana,Northern,Textile,Food,3,19506.0,,
1005355,P00246142,F,55+,90,1,Gujarat,Western,Banking,Food,1,19505.0,,
1004243,P00128442,F,55+,56,1,Maharashtra,Western,Automobile,Food,4,19499.0,,
1000876,P00219942,F,26-35,26,1,Uttar Pradesh,Central,Chemical,Food,2,19499.0,,
1005251,P00085642,M,26-35,29,0,Jharkhand,Eastern,IT Sector,Food,2,19497.0,,
1003361,P00145042,F,26-35,33,1,Uttar Pradesh,Central,Aviation,Food,2,19495.0,,
1002376,P00085242,F,26-35,34,0,Delhi,Central,Media,Food,2,19493.0,,
1000869,P00145642,F,18-25,23,1,AndhraÂ Pradesh,Southern,IT Sector,Food,4,19490.0,,
1004238,P00206642,F,36-45,43,1,Uttar Pradesh,Central,Food Processing,Food,2,19490.0,,
1000955,P00237542,M,51-55,51,0,Uttar Pradesh,Central,IT Sector,Food,2,19490.0,,
1001074,P00117442,F,46-50,48,1,Bihar,Eastern,Automobile,Food,2,19489.0,,
1003503,P00333542,F,18-25,19,1,Uttar Pradesh,Central,Healthcare,Food,1,19488.0,,
1003218,P00265242,F,55+,63,0,Madhya Pradesh,Central,Agriculture,Food,3,19487.0,,
1003182,P00363742,F,26-35,26,0,Karnataka,Southern,Aviation,Food,1,19486.0,,
1002941,P00189642,F,36-45,37,0,Gujarat,Western,Automobile,Food,3,19484.0,,
1001399,P00361842,F,18-25,19,0,Madhya Pradesh,Central,Automobile,Food,3,19484.0,,
1004337,P00120342,F,18-25,20,0,Maharashtra,Western,Media,Food,4,19483.0,,
1003711,P00031042,F,36-45,36,0,Madhya Pradesh,Central,Healthcare,Food,3,19477.0,,
1000646,P00356942,F,36-45,43,1,Madhya Pradesh,Central,IT Sector,Food,2,19477.0,,
1001631,P00192242,M,51-55,52,0,Maharashtra,Western,Healthcare,Food,2,19477.0,,
1003487,P00220342,F,18-25,22,0,Maharashtra,Western,IT Sector,Food,4,19474.0,,
1000429,P00113342,F,18-25,21,0,Uttar Pradesh,Central,Healthcare,Food,2,19474.0,,
1003026,P0096642,M,18-25,20,0,AndhraÂ Pradesh,Southern,Healthcare,Food,1,19472.0,,
1001680,P00064342,M,26-35,26,0,Madhya Pradesh,Central,Food Processing,Food,1,19472.0,,
1000150,P00025442,F,36-45,44,1,Delhi,Central,Agriculture,Food,3,19469.0,,
1003824,P00110242,F,26-35,26,0,Uttar Pradesh,Central,Chemical,Food,4,19467.0,,
1004124,P00110842,F,26-35,32,1,Haryana,Northern,Media,Food,1,19466.0,,
1000204,P00359742,F,26-35,33,0,Karnataka,Southern,Chemical,Food,2,19466.0,,
1004408,P0095042,M,46-50,47,1,Punjab,Northern,Govt,Food,1,19465.0,,
1004408,P0095042,M,46-50,47,1,Telangana,Southern,Govt,Food,4,19465.0,,
1004227,P00089442,F,26-35,26,0,Maharashtra,Western,IT Sector,Food,3,19462.0,,
1005851,P00293242,M,18-25,25,0,Uttar Pradesh,Central,Retail,Food,4,19459.0,,
1000808,P00181342,F,26-35,32,1,Uttar Pradesh,Central,IT Sector,Food,2,19457.0,,
1002526,P00271142,M,55+,92,1,Uttar Pradesh,Central,Banking,Food,2,19457.0,,
1005262,P00286642,M,26-35,28,0,Maharashtra,Western,Construction,Food,4,19456.0,,
1002771,P00101942,F,18-25,23,1,Rajasthan,Northern,Chemical,Food,3,19455.0,,
1001980,P00174442,F,36-45,38,1,Delhi,Central,Media,Food,4,19454.0,,
1002109,P00270942,F,26-35,31,1,Maharashtra,Western,Govt,Food,1,19454.0,,
1005329,P00112342,M,26-35,35,1,Karnataka,Southern,Textile,Food,3,19451.0,,
1005718,P00058042,M,36-45,42,0,Himachal Pradesh,Northern,Banking,Food,3,19450.0,,
1004950,P00176942,F,26-35,30,0,Uttar Pradesh,Central,Govt,Food,1,19449.0,,
1001532,P00250642,F,18-25,19,1,Uttar Pradesh,Central,Construction,Food,1,19448.0,,
1003519,P00313342,M,26-35,32,1,Uttar Pradesh,Central,Lawyer,Food,3,19446.0,,
1000732,P00162042,F,26-35,29,0,Delhi,Central,Healthcare,Food,2,19445.0,,
1001920,P00123742,M,36-45,44,1,Maharashtra,Western,Banking,Food,1,19445.0,,
1005806,P00288642,M,51-55,52,1,Kerala,Southern,Media,Food,3,19444.0,,
1000229,P00156242,F,18-25,18,0,Madhya Pradesh,Central,IT Sector,Food,2,19443.0,,
1002063,P00026742,F,26-35,29,0,Haryana,Northern,Banking,Food,4,19441.0,,
1004417,P00045142,F,26-35,34,1,Uttar Pradesh,Central,IT Sector,Food,3,19438.0,,
1004509,P00259142,M,26-35,26,1,Bihar,Eastern,Media,Food,4,19437.0,,
1000780,P00321742,F,26-35,30,1,Uttar Pradesh,Central,Aviation,Food,1,19437.0,,
1001430,P00106042,F,18-25,22,1,Uttar Pradesh,Central,Govt,Food,1,19436.0,,
1000651,P00041342,F,36-45,38,0,Maharashtra,Western,Govt,Food,1,19434.0,,
1003384,P00147742,F,36-45,44,0,Uttar Pradesh,Central,Healthcare,Food,1,19434.0,,
1005488,P00053742,F,26-35,35,0,Maharashtra,Western,Chemical,Food,2,19433.0,,
1004682,P00134242,F,26-35,27,1,Karnataka,Southern,Aviation,Food,1,19432.0,,
1004791,P00124342,F,18-25,19,1,Maharashtra,Western,Govt,Food,1,19431.0,,
1002181,P00150942,F,26-35,32,1,Uttar Pradesh,Central,IT Sector,Food,3,19431.0,,
1002109,P00028942,F,26-35,34,0,Bihar,Eastern,Textile,Food,1,19426.0,,
1001563,P00361842,M,0-17,16,1,AndhraÂ Pradesh,Southern,Hospitality,Food,3,19425.0,,
1001427,P00216342,F,26-35,32,1,Karnataka,Southern,Hospitality,Food,2,19424.0,,
1004510,P00236542,F,46-50,46,0,Uttar Pradesh,Central,Retail,Food,1,19423.0,,
1000533,P00221142,F,26-35,31,1,Telangana,Southern,Lawyer,Food,4,19419.0,,
1000343,P00112342,M,36-45,45,0,Gujarat,Western,Chemical,Food,2,19416.0,,
1003128,P00182442,F,18-25,19,1,Uttar Pradesh,Central,Media,Food,1,19415.0,,
1001317,P00052542,F,46-50,50,0,Madhya Pradesh,Central,Healthcare,Food,1,19414.0,,
1002173,P00270842,F,51-55,54,1,Uttar Pradesh,Central,Automobile,Food,3,19413.0,,
1001448,P00205842,M,26-35,32,0,AndhraÂ Pradesh,Southern,Lawyer,Food,2,19412.0,,
1001181,P00052842,F,36-45,43,1,Karnataka,Southern,Aviation,Food,4,19410.0,,
1004765,P00102642,M,36-45,43,0,Uttarakhand,Central,Hospitality,Food,3,19408.0,,
1001128,P00075542,F,26-35,26,0,AndhraÂ Pradesh,Southern,Media,Food,2,19406.0,,
1004562,P00120142,F,36-45,39,0,Telangana,Southern,Textile,Food,4,19404.0,,
1001721,P00008642,F,18-25,24,1,Gujarat,Western,Aviation,Food,3,19402.0,,
1004450,P00183042,F,26-35,29,0,Maharashtra,Western,Healthcare,Food,4,19401.0,,
1000352,P00154042,F,18-25,23,1,Uttar Pradesh,Central,Lawyer,Food,1,19401.0,,
1002627,P00370642,F,26-35,29,0,Delhi,Central,Construction,Food,2,19400.0,,
1003633,P00110942,F,36-45,41,1,Jharkhand,Eastern,Automobile,Food,1,19399.0,,
1000749,P00123542,F,36-45,37,1,Maharashtra,Western,Healthcare,Food,2,19399.0,,
1004673,P00277642,F,36-45,41,0,Maharashtra,Western,Healthcare,Food,3,19395.0,,
1002088,P00063342,F,51-55,52,0,Uttar Pradesh,Central,Banking,Food,1,19395.0,,
1003576,P00123742,F,51-55,53,0,Madhya Pradesh,Central,Agriculture,Food,4,19394.0,,
1000476,P00143642,F,36-45,41,0,Uttar Pradesh,Central,Agriculture,Food,2,19392.0,,
1000480,P00317942,M,18-25,25,0,Madhya Pradesh,Central,IT Sector,Food,4,19391.0,,
1003422,P00057342,F,26-35,34,1,Uttar Pradesh,Central,Healthcare,Food,4,19386.0,,
1002926,P00161942,M,18-25,19,1,Rajasthan,Northern,Aviation,Food,3,19385.0,,
1001587,P00293742,M,26-35,30,1,Delhi,Central,Banking,Food,3,19383.0,,
1004794,P00007842,M,36-45,37,0,Maharashtra,Western,Chemical,Food,4,19381.0,,
1004132,P00249842,F,26-35,29,0,Delhi,Central,Retail,Food,4,19380.0,,
1002151,P00046742,F,55+,90,0,Karnataka,Southern,IT Sector,Food,3,19380.0,,
1004663,P00220342,M,26-35,30,1,Uttar Pradesh,Central,IT Sector,Food,3,19380.0,,
1003227,P00067942,M,26-35,32,1,Kerala,Southern,Healthcare,Food,4,19379.0,,
1005636,P00331442,F,26-35,33,1,Uttar Pradesh,Central,Aviation,Food,3,19378.0,,
1002016,P00139942,M,55+,67,0,Maharashtra,Western,Automobile,Food,1,19376.0,,
1003970,P00053842,M,26-35,33,0,Bihar,Eastern,Chemical,Food,4,19375.0,,
1000163,P00061142,F,18-25,22,0,Karnataka,Southern,Banking,Food,2,19369.0,,
1004708,P00116742,F,26-35,28,0,Bihar,Eastern,Banking,Food,2,19368.0,,
1005077,P00100742,F,26-35,26,1,Uttar Pradesh,Central,Govt,Food,4,19368.0,,
1004335,P00170942,F,36-45,36,0,Maharashtra,Western,Healthcare,Food,3,19367.0,,
1000327,P00323642,F,36-45,37,0,Uttar Pradesh,Central,Retail,Food,1,19367.0,,
1003778,P00049242,F,26-35,29,1,Karnataka,Southern,Aviation,Food,1,19363.0,,
1005625,P00289342,F,26-35,29,0,Uttar Pradesh,Central,Automobile,Food,4,19363.0,,
1001004,P00052042,F,26-35,26,0,Uttar Pradesh,Central,Healthcare,Food,4,19361.0,,
1005111,P00118842,F,36-45,36,0,Delhi,Central,Hospitality,Food,4,19356.0,,
1003681,P00307642,F,26-35,31,1,Maharashtra,Western,Govt,Food,2,19356.0,,
1000601,P00206442,M,18-25,25,1,Maharashtra,Western,Aviation,Food,1,19355.0,,
1001465,P00350042,F,51-55,51,0,Uttar Pradesh,Central,Agriculture,Food,1,19353.0,,
1002665,P00057342,F,36-45,44,0,AndhraÂ Pradesh,Southern,Food Processing,Food,2,19351.0,,
1003726,P00030942,F,26-35,33,1,Jharkhand,Eastern,IT Sector,Food,3,19350.0,,
1000181,P00319342,F,18-25,19,0,Karnataka,Southern,Agriculture,Food,1,19349.0,,
1003132,P00334242,F,36-45,38,1,Karnataka,Southern,Textile,Food,1,19346.0,,
1002743,P00026942,F,26-35,30,0,Uttar Pradesh,Central,Food Processing,Food,3,19346.0,,
1005305,P00069242,M,18-25,20,1,Karnataka,Southern,Textile,Food,3,19345.0,,
1000251,P00228242,F,55+,75,1,Uttar Pradesh,Central,Aviation,Food,2,19344.0,,
1000631,P00224142,F,36-45,44,0,Karnataka,Southern,Healthcare,Food,1,19342.0,,
1006000,P00146742,M,46-50,48,1,Uttar Pradesh,Central,Hospitality,Food,1,19342.0,,
1005001,P00131042,M,26-35,27,1,Uttar Pradesh,Central,Media,Food,3,19339.0,,
1003868,P00124642,F,18-25,19,1,AndhraÂ Pradesh,Southern,Aviation,Food,4,19337.0,,
1003311,P00367342,F,26-35,31,0,Haryana,Northern,Govt,Food,4,19336.0,,
1003913,P00220442,F,18-25,19,0,AndhraÂ Pradesh,Southern,Retail,Gift Card,4,19334.0,,
1001426,P00074642,F,18-25,25,0,Karnataka,Southern,Retail,Food,4,19334.0,,
1005011,P00284742,F,18-25,21,1,Uttar Pradesh,Central,Chemical,Food,2,19333.0,,
1003171,P00362342,M,51-55,52,0,Karnataka,Southern,Healthcare,Food,1,19328.0,,
1004171,P00357042,F,55+,82,0,Karnataka,Southern,Healthcare,Food,3,19328.0,,
1000765,P00241642,F,26-35,30,0,Uttar Pradesh,Central,Chemical,Food,1,19327.0,,
1000068,P00001742,F,18-25,20,1,Karnataka,Southern,Food Processing,Food,1,19326.0,,
1003942,P00208342,F,18-25,24,1,Maharashtra,Western,Healthcare,Food,3,19326.0,,
1000973,P00196542,M,26-35,28,0,Uttar Pradesh,Central,Lawyer,Food,4,19326.0,,
1005523,P00282142,F,36-45,42,1,AndhraÂ Pradesh,Southern,Aviation,Gift Card,1,19325.0,,
1005837,P00253742,F,26-35,35,1,Bihar,Eastern,Chemical,Food,1,19325.0,,
1002257,P00117442,M,18-25,22,0,Maharashtra,Western,Chemical,Food,2,19325.0,,
1002990,P00190142,F,36-45,38,0,Haryana,Northern,IT Sector,Food,2,19323.0,,
1003925,P00229942,F,26-35,31,0,Maharashtra,Western,Aviation,Food,3,19320.0,,
1005278,P00073842,M,26-35,35,1,Maharashtra,Western,Media,Food,2,19320.0,,
1005278,P00073842,M,26-35,35,1,Maharashtra,Western,Media,Food,4,19320.0,,
1004790,P00313542,M,26-35,35,1,Delhi,Central,Aviation,Food,3,19319.0,,
1001019,P00196542,F,36-45,39,1,Haryana,Northern,Govt,Food,3,19319.0,,
1001133,P00066242,F,18-25,25,0,Uttar Pradesh,Central,Aviation,Food,4,19318.0,,
1001173,P00044442,M,26-35,27,1,AndhraÂ Pradesh,Southern,Lawyer,Food,3,19316.0,,
1000587,P00298142,F,26-35,34,0,AndhraÂ Pradesh,Southern,Lawyer,Gift Card,1,19316.0,,
1005367,P00092942,F,18-25,20,1,Uttar Pradesh,Central,Govt,Food,2,19314.0,,
1003945,P00105342,M,46-50,50,0,Bihar,Eastern,Textile,Food,1,19312.0,,
1003841,P00044542,F,46-50,46,0,AndhraÂ Pradesh,Southern,Lawyer,Food,4,19311.0,,
1002665,P00220942,F,36-45,43,0,Maharashtra,Western,Chemical,Food,1,19311.0,,
1004058,P00218442,F,26-35,34,0,Kerala,Southern,IT Sector,Food,1,19310.0,,
1005090,P00110542,M,36-45,44,1,Uttar Pradesh,Central,Govt,Food,2,19310.0,,
1005390,P00326242,F,0-17,13,1,Madhya Pradesh,Central,IT Sector,Food,3,19308.0,,
1003807,P00138442,M,36-45,39,1,Punjab,Northern,Retail,Food,2,19307.0,,
1005824,P00228042,F,18-25,18,0,Maharashtra,Western,Govt,Food,2,19306.0,,
1003079,P00135142,M,26-35,27,0,Uttar Pradesh,Central,Media,Food,2,19303.0,,
1001836,P00171342,F,26-35,32,0,AndhraÂ Pradesh,Southern,IT Sector,Food,2,19301.0,,
1002383,P00316642,M,26-35,31,1,Punjab,Northern,Govt,Food,2,19301.0,,
1003476,P00180542,F,51-55,54,0,Karnataka,Southern,Govt,Food,4,19300.0,,
1004593,P00105642,M,46-50,49,0,Madhya Pradesh,Central,Retail,Food,2,19300.0,,
1002627,P00344242,F,26-35,30,0,Uttar Pradesh,Central,Construction,Food,1,19300.0,,
1000049,P00111142,F,18-25,24,0,Karnataka,Southern,Media,Food,4,19297.0,,
1002926,P00224042,M,18-25,25,0,Delhi,Central,Aviation,Food,2,19295.0,,
1001383,P0095442,M,26-35,35,1,Himachal Pradesh,Northern,IT Sector,Gift Card,1,19295.0,,
1003069,P00183342,F,18-25,24,0,Haryana,Northern,Govt,Food,1,19293.0,,
1002359,P00178642,M,55+,71,0,Karnataka,Southern,Healthcare,Food,4,19293.0,,
1002264,P00182242,M,46-50,49,0,Uttar Pradesh,Central,Aviation,Food,1,19293.0,,
1004826,P00262242,F,46-50,46,0,Gujarat,Western,Aviation,Food,2,19292.0,,
1005017,P00102642,F,36-45,37,0,Karnataka,Southern,Healthcare,Food,1,19292.0,,
1004908,P00015542,F,36-45,42,1,Karnataka,Southern,Automobile,Food,3,19291.0,,
1005859,P00110542,F,26-35,32,0,Haryana,Northern,Govt,Food,3,19289.0,,
1003546,P00119442,F,26-35,32,1,Gujarat,Western,Aviation,Food,4,19285.0,,
1001941,P00148042,M,36-45,26,1,AndhraÂ Pradesh,Southern,IT Sector,Food,1,19284.0,,
1000888,P00010742,F,0-17,12,0,Maharashtra,Western,IT Sector,Food,2,19284.0,,
1002052,P00250342,M,0-17,15,0,Madhya Pradesh,Central,Retail,Food,1,19283.0,,
1001366,P00235242,F,0-17,15,0,AndhraÂ Pradesh,Southern,Healthcare,Food,3,19282.0,,
1003790,P00085242,M,26-35,32,0,Uttarakhand,Central,Hospitality,Food,1,19282.0,,
1002619,P00058242,F,36-45,40,1,AndhraÂ Pradesh,Southern,Textile,Gift Card,3,19280.0,,
1002073,P00084242,M,18-25,20,0,Himachal Pradesh,Northern,Healthcare,Food,4,19280.0,,
1001699,P00112142,M,26-35,31,0,Himachal Pradesh,Northern,Govt,Food,1,19280.0,,
1005025,P00293742,F,26-35,35,1,Bihar,Eastern,Chemical,Food,4,19278.0,,
1001329,P00009342,F,18-25,23,0,Delhi,Central,Retail,Food,2,19273.0,,
1002748,P00031842,F,26-35,33,1,Karnataka,Southern,Banking,Food,3,19268.0,,
1003831,P00059442,M,18-25,20,0,Uttar Pradesh,Central,IT Sector,Food,1,19268.0,,
1001639,P00235642,F,26-35,30,0,Delhi,Central,IT Sector,Food,3,19267.0,,
1003716,P00293142,F,18-25,22,0,Maharashtra,Western,Govt,Food,3,19263.0,,
1002507,P00184142,F,26-35,35,0,Uttar Pradesh,Central,IT Sector,Food,3,19261.0,,
1000934,P00127042,M,36-45,38,0,Karnataka,Southern,Agriculture,Food,1,19259.0,,
1003589,P00315442,M,46-50,49,0,Madhya Pradesh,Central,Govt,Food,1,19259.0,,
1002271,P00350342,M,51-55,52,0,Delhi,Central,Retail,Food,3,19258.0,,
1005593,P00004742,F,51-55,53,1,AndhraÂ Pradesh,Southern,Banking,Food,3,19255.0,,
1003013,P00186242,F,46-50,49,0,Maharashtra,Western,Media,Food,1,19255.0,,
1003312,P00118442,M,18-25,19,0,Uttar Pradesh,Central,Banking,Food,1,19254.0,,
1002707,P00351142,F,55+,81,1,Haryana,Northern,Media,Food,2,19253.0,,
1000687,P00209842,M,26-35,32,0,Himachal Pradesh,Northern,Aviation,Food,3,19252.0,,
1003845,P00243942,F,26-35,28,1,Maharashtra,Western,Textile,Food,1,19251.0,,
1003526,P00273742,F,36-45,39,1,Maharashtra,Western,IT Sector,Food,1,19251.0,,
1002631,P00202742,M,51-55,53,1,Maharashtra,Western,Banking,Food,2,19251.0,,
1001335,P00102542,F,36-45,37,0,AndhraÂ Pradesh,Southern,Construction,Food,4,19250.0,,
1003365,P00111042,F,51-55,55,0,Gujarat,Western,Aviation,Food,2,19249.0,,
1005689,P00046142,F,26-35,29,0,Gujarat,Western,Healthcare,Food,2,19247.0,,
1003519,P00006442,M,26-35,26,0,Uttar Pradesh,Central,IT Sector,Food,2,19245.0,,
1003353,P00289942,F,36-45,38,0,Delhi,Central,Healthcare,Food,2,19243.0,,
1004017,P00294142,F,26-35,34,0,AndhraÂ Pradesh,Southern,Construction,Gift Card,4,19241.0,,
1005826,P00058042,F,18-25,21,0,Madhya Pradesh,Central,Aviation,Food,2,19241.0,,
1003301,P00074342,M,26-35,33,0,Maharashtra,Western,Banking,Food,1,19238.0,,
1000722,P00306242,F,26-35,34,0,Gujarat,Western,IT Sector,Food,4,19237.0,,
1001680,P00036042,M,26-35,26,0,Gujarat,Western,Healthcare,Food,1,19235.0,,
1000301,P00182542,F,18-25,21,0,Uttar Pradesh,Central,Healthcare,Food,2,19235.0,,
1000956,P00273442,F,36-45,43,0,Haryana,Northern,Healthcare,Food,4,19232.0,,
1000722,P00210042,F,26-35,32,0,Haryana,Northern,Media,Food,4,19230.0,,
1006009,P00266942,M,26-35,28,1,Kerala,Southern,Hospitality,Food,3,19229.0,,
1006009,P00266942,M,26-35,28,1,Rajasthan,Northern,Hospitality,Food,3,19229.0,,
1001425,P00244042,M,0-17,17,0,Kerala,Southern,Healthcare,Food,2,19228.0,,
1000131,P00275642,F,18-25,22,0,Maharashtra,Western,Healthcare,Food,2,19221.0,,
1005367,P0095242,F,18-25,21,0,Uttar Pradesh,Central,Govt,Food,2,19221.0,,
1005517,P00246942,F,55+,66,1,Uttar Pradesh,Central,Automobile,Food,1,19220.0,,
1001926,P00080342,M,0-17,17,1,Maharashtra,Western,Food Processing,Food,1,19216.0,,
1001845,P00153742,F,26-35,35,1,Maharashtra,Western,Aviation,Food,3,19216.0,,
1000957,P00306042,F,36-45,43,0,Uttar Pradesh,Central,Chemical,Food,1,19215.0,,
1000761,P00293242,F,18-25,23,1,Madhya Pradesh,Central,Banking,Food,4,19214.0,,
1001680,P00116142,M,26-35,26,0,Uttar Pradesh,Central,Aviation,Food,2,19214.0,,
1005178,P00214142,F,51-55,53,1,Uttar Pradesh,Central,Aviation,Food,1,19213.0,,
1005139,P00103042,F,51-55,52,0,Gujarat,Western,IT Sector,Food,2,19211.0,,
1001496,P00145742,F,26-35,32,1,Uttar Pradesh,Central,Hospitality,Food,1,19211.0,,
1003625,P00229742,F,18-25,21,1,Uttar Pradesh,Central,Healthcare,Food,3,19210.0,,
1002119,P00059442,F,36-45,37,0,Uttar Pradesh,Central,Media,Food,4,19209.0,,
1003894,P00120442,F,36-45,38,0,Haryana,Northern,Healthcare,Food,1,19208.0,,
1001903,P00057542,F,36-45,44,0,Karnataka,Southern,Retail,Food,3,19204.0,,
1005722,P00086142,F,26-35,33,1,Uttar Pradesh,Central,Media,Food,4,19204.0,,
1000963,P00262242,F,26-35,31,1,Uttar Pradesh,Central,Aviation,Food,1,19203.0,,
1003391,P00053042,F,18-25,24,0,Maharashtra,Western,Aviation,Food,4,19202.0,,
1000796,P00317442,F,51-55,51,0,Maharashtra,Western,IT Sector,Food,4,19198.0,,
1003984,P00289242,F,26-35,34,0,Bihar,Eastern,Chemical,Food,1,19195.0,,
1000097,P00362542,M,36-45,43,1,AndhraÂ Pradesh,Southern,Govt,Food,3,19193.0,,
1001733,P00117442,F,18-25,20,1,Uttar Pradesh,Central,Lawyer,Food,2,19187.0,,
1003891,P00131542,M,55+,64,1,Kerala,Southern,Govt,Food,3,19186.0,,
1001211,P00057642,F,18-25,21,0,Maharashtra,Western,Chemical,Food,2,19183.0,,
1002966,P00317842,M,26-35,27,0,AndhraÂ Pradesh,Southern,Aviation,Food,2,19182.0,,
1001916,P00135742,F,46-50,47,0,Haryana,Northern,Lawyer,Food,3,19179.0,,
1004916,P00265242,F,18-25,20,1,Haryana,Northern,Food Processing,Food,4,19175.0,,
1001912,P00165142,F,26-35,32,0,Uttar Pradesh,Central,Automobile,Food,4,19175.0,,
1004227,P00276142,F,26-35,31,1,Bihar,Eastern,Banking,Food,2,19171.0,,
1001088,P00368242,M,0-17,13,0,Himachal Pradesh,Northern,Construction,Food,3,19169.0,,
1000264,P00125942,F,36-45,45,0,Uttar Pradesh,Central,Aviation,Food,2,19166.0,,
1002233,P00283942,M,36-45,36,0,Uttar Pradesh,Central,Healthcare,Food,1,19164.0,,
1002124,P00014542,F,26-35,34,0,Maharashtra,Western,Chemical,Food,3,19163.0,,
1004447,P00020342,F,46-50,49,0,Karnataka,Southern,Agriculture,Food,4,19160.0,,
1004058,P0097142,F,26-35,35,0,Uttar Pradesh,Central,Retail,Food,4,19159.0,,
1003138,P00146742,F,36-45,36,1,AndhraÂ Pradesh,Southern,Govt,Food,3,19155.0,,
1001759,P00324942,F,26-35,28,1,Haryana,Northern,Banking,Food,3,19155.0,,
1005511,P00344042,F,46-50,50,1,Gujarat,Western,Chemical,Food,3,19147.0,,
1000026,P00144242,F,26-35,32,0,Madhya Pradesh,Central,Aviation,Food,4,19145.0,,
1003378,P00053942,F,18-25,23,1,Bihar,Eastern,Govt,Food,1,19143.0,,
1002909,P00057942,F,26-35,30,0,Uttar Pradesh,Central,Construction,Food,2,19141.0,,
1004964,P00119842,F,36-45,41,0,Uttar Pradesh,Central,Banking,Food,1,19141.0,,
1005220,P00191742,F,26-35,31,0,Madhya Pradesh,Central,Healthcare,Food,1,19139.0,,
1004537,P00126042,M,46-50,49,1,Madhya Pradesh,Central,Aviation,Food,1,19138.0,,
1000388,P00152742,M,26-35,28,1,Punjab,Northern,Food Processing,Gift Card,4,19137.0,,
1001288,P00091142,M,36-45,38,1,Delhi,Central,IT Sector,Food,2,19136.0,,
1005366,P00003642,F,18-25,25,0,Maharashtra,Western,Healthcare,Food,2,19135.0,,
1001935,P00332842,F,0-17,13,0,Bihar,Eastern,Retail,Food,4,19133.0,,
1001575,P00112142,M,51-55,52,0,Bihar,Eastern,Automobile,Food,3,19131.0,,
1004607,P00043542,F,26-35,35,0,Haryana,Northern,Healthcare,Food,4,19130.0,,
1004948,P00174442,F,46-50,47,0,Madhya Pradesh,Central,Govt,Food,1,19129.0,,
1001266,P00036342,F,26-35,29,0,Gujarat,Western,Aviation,Food,1,19126.0,,
1003371,P00059442,F,26-35,30,0,Gujarat,Western,Healthcare,Food,4,19126.0,,
1003658,P00216942,M,26-35,30,0,Gujarat,Western,Healthcare,Food,2,19125.0,,
1003833,P00214342,F,26-35,29,0,Uttar Pradesh,Central,Healthcare,Food,1,19122.0,,
1001015,P00336742,F,36-45,41,0,Uttar Pradesh,Central,IT Sector,Food,3,19122.0,,
1002630,P00275142,M,18-25,20,0,Himachal Pradesh,Northern,IT Sector,Food,1,19119.0,,
1005605,P00053842,M,18-25,23,1,Madhya Pradesh,Central,IT Sector,Food,1,19119.0,,
1000613,P00054242,F,36-45,45,1,Uttar Pradesh,Central,Media,Food,2,19119.0,,
1000802,P00149342,F,26-35,26,0,AndhraÂ Pradesh,Southern,Healthcare,Food,1,19116.0,,
1004114,P00113542,F,36-45,44,0,Delhi,Central,Food Processing,Food,3,19116.0,,
1004271,P00115642,F,36-45,38,1,Haryana,Northern,Aviation,Food,3,19115.0,,
1004093,P00226242,F,26-35,35,0,Karnataka,Southern,Hospitality,Food,1,19115.0,,
1002340,P00111542,F,36-45,40,0,Maharashtra,Western,Healthcare,Food,3,19114.0,,
1002747,P00118742,M,18-25,25,1,Uttar Pradesh,Central,Banking,Food,2,19113.0,,
1005256,P00267142,F,26-35,28,1,Madhya Pradesh,Central,Govt,Food,3,19112.0,,
1002734,P00053842,M,18-25,24,1,Karnataka,Southern,IT Sector,Food,4,19111.0,,
1003864,P00176742,F,51-55,51,0,Maharashtra,Western,IT Sector,Food,2,19110.0,,
1000368,P00213042,M,26-35,28,1,Uttar Pradesh,Central,Media,Food,4,19110.0,,
1003733,P00085042,F,18-25,18,1,Uttar Pradesh,Central,IT Sector,Food,3,19109.0,,
1002533,P00346442,M,26-35,30,1,Uttar Pradesh,Central,Food Processing,Food,4,19108.0,,
1001069,P00290242,F,26-35,28,0,Uttar Pradesh,Central,IT Sector,Food,2,19106.0,,
1000013,P00295942,F,46-50,50,1,Gujarat,Western,IT Sector,Food,3,19105.0,,
1004447,P00243942,F,46-50,50,0,Karnataka,Southern,Construction,Food,4,19101.0,,
1001676,P00003942,F,18-25,19,1,Bihar,Eastern,Aviation,Food,2,19099.0,,
1000757,P00142142,F,26-35,30,0,Delhi,Central,Healthcare,Food,2,19096.0,,
1003051,P00069042,F,18-25,23,0,Maharashtra,Western,Media,Food,2,19096.0,,
1004171,P00129642,F,55+,73,1,Gujarat,Western,Banking,Food,2,19095.0,,
1005747,P00003642,F,26-35,31,1,Madhya Pradesh,Central,Automobile,Food,4,19093.0,,
1000658,P00161942,M,26-35,27,1,Karnataka,Southern,Banking,Food,2,19092.0,,
1001199,P00351342,F,51-55,51,0,Karnataka,Southern,Healthcare,Food,1,19092.0,,
1003621,P00355942,F,18-25,23,1,Maharashtra,Western,Automobile,Food,2,19090.0,,
1001531,P00057642,F,46-50,46,1,Maharashtra,Western,Lawyer,Food,2,19089.0,,
1004381,P00279442,F,26-35,31,0,Uttar Pradesh,Central,Healthcare,Food,4,19088.0,,
1004381,P00305042,F,26-35,28,0,Maharashtra,Western,Healthcare,Food,4,19085.0,,
1003147,P00035842,F,26-35,33,0,Delhi,Central,Aviation,Food,3,19084.0,,
1005084,P00156542,F,18-25,20,1,Maharashtra,Western,Hospitality,Food,3,19081.0,,
1004406,P00151742,F,26-35,33,1,Maharashtra,Western,Healthcare,Food,4,19081.0,,
1001029,P00245242,F,26-35,34,0,Uttar Pradesh,Central,Healthcare,Food,1,19076.0,,
1005937,P00282642,F,26-35,35,0,Delhi,Central,Aviation,Food,3,19073.0,,
1004352,P00032142,F,18-25,24,0,Madhya Pradesh,Central,Aviation,Food,4,19073.0,,
1004227,P00335142,F,26-35,27,0,Kerala,Southern,Retail,Food,1,19072.0,,
1001716,P00365042,F,26-35,26,0,Maharashtra,Western,Aviation,Food,2,19072.0,,
1003408,P00182642,F,26-35,35,0,Haryana,Northern,Food Processing,Food,2,19070.0,,
1004467,P00149642,M,51-55,55,0,Delhi,Central,IT Sector,Food,3,19069.0,,
1004215,P00028042,F,26-35,30,0,Uttar Pradesh,Central,Healthcare,Food,4,19069.0,,
1000338,P00313842,F,36-45,44,0,Delhi,Central,Banking,Food,4,19067.0,,
1004913,P00053642,M,26-35,29,0,Himachal Pradesh,Northern,Banking,Food,3,19067.0,,
1001242,P00030642,M,36-45,40,0,Madhya Pradesh,Central,Textile,Food,2,19067.0,,
1000659,P00254142,M,26-35,26,0,Uttarakhand,Central,Hospitality,Food,1,19067.0,,
1004879,P00155442,F,26-35,30,0,Uttar Pradesh,Central,Healthcare,Food,1,19065.0,,
1001530,P00111142,F,26-35,29,0,AndhraÂ Pradesh,Southern,Healthcare,Food,3,19064.0,,
1004085,P00205242,M,26-35,30,0,Delhi,Central,Healthcare,Food,2,19059.0,,
1004001,P00014642,M,26-35,33,0,Jharkhand,Eastern,Automobile,Gift Card,2,19059.0,,
1004809,P00349242,M,51-55,53,1,AndhraÂ Pradesh,Southern,Agriculture,Food,4,19056.0,,
1001780,P00285842,F,36-45,39,1,Karnataka,Southern,IT Sector,Food,2,19054.0,,
1001078,P00002542,M,46-50,49,1,Madhya Pradesh,Central,Lawyer,Food,4,19054.0,,
1003723,P00249142,F,26-35,29,0,Uttar Pradesh,Central,Aviation,Food,1,19054.0,,
1004867,P00303042,F,26-35,33,1,Haryana,Northern,Banking,Food,4,19053.0,,
1002611,P00046242,F,26-35,31,0,Maharashtra,Western,Aviation,Food,1,19052.0,,
1003796,P00302142,F,46-50,47,0,Madhya Pradesh,Central,IT Sector,Food,2,19051.0,,
1000473,P00363742,M,18-25,22,1,Maharashtra,Western,Govt,Gift Card,2,19050.0,,
1002934,P00003442,M,36-45,40,0,Delhi,Central,Govt,Food,4,19049.0,,
1001647,P00217742,F,18-25,23,1,Jharkhand,Eastern,Govt,Food,3,19048.0,,
1005404,P00153842,F,26-35,28,1,Karnataka,Southern,Healthcare,Food,4,19048.0,,
1002996,P00367242,F,18-25,23,0,Uttar Pradesh,Central,Automobile,Food,1,19048.0,,
1001306,P00364842,F,26-35,35,0,Delhi,Central,IT Sector,Food,4,19046.0,,
1005147,P00150942,F,18-25,24,0,AndhraÂ Pradesh,Southern,Banking,Gift Card,4,19045.0,,
1004021,P00189242,F,51-55,51,1,Maharashtra,Western,Agriculture,Food,2,19045.0,,
1000552,P00155442,F,51-55,54,0,Maharashtra,Western,IT Sector,Food,1,19045.0,,
1005580,P00311542,F,46-50,47,0,Uttar Pradesh,Central,Govt,Food,3,19045.0,,
1002967,P00111142,F,26-35,28,0,Karnataka,Southern,IT Sector,Food,3,19044.0,,
1005471,P00295942,F,18-25,22,1,AndhraÂ Pradesh,Southern,Media,Food,2,19041.0,,
1000869,P00006242,F,18-25,18,0,AndhraÂ Pradesh,Southern,Aviation,Gift Card,1,19039.0,,
1005282,P00116642,M,18-25,20,0,Madhya Pradesh,Central,Food Processing,Gift Card,4,19038.0,,
1002777,P00283942,F,18-25,21,1,AndhraÂ Pradesh,Southern,Chemical,Food,4,19037.0,,
1000676,P00362442,F,18-25,19,0,Maharashtra,Western,Govt,Food,2,19036.0,,
1004174,P00086242,M,36-45,45,1,AndhraÂ Pradesh,Southern,Media,Food,2,19034.0,,
1003882,P00161942,F,55+,84,0,AndhraÂ Pradesh,Southern,IT Sector,Food,3,19034.0,,
1003697,P00173242,F,26-35,28,1,Karnataka,Southern,Aviation,Food,2,19034.0,,
1006006,P00129542,F,0-17,14,1,Maharashtra,Western,Aviation,Food,1,19033.0,,
1004748,P00366542,F,46-50,47,1,Maharashtra,Western,Automobile,Food,1,19032.0,,
1003538,P00159542,F,36-45,45,0,Uttar Pradesh,Central,Healthcare,Food,2,19031.0,,
1003336,P00211142,F,36-45,43,0,Haryana,Northern,Aviation,Food,1,19030.0,,
1004606,P00250242,M,0-17,16,0,Uttar Pradesh,Central,Healthcare,Food,4,19029.0,,
1005597,P00031942,M,18-25,19,0,Delhi,Central,Banking,Food,2,19027.0,,
1002868,P00358742,F,36-45,41,1,Kerala,Southern,Govt,Food,3,19024.0,,
1002507,P00113942,F,26-35,35,1,Uttar Pradesh,Central,Aviation,Food,4,19024.0,,
1000169,P00083842,F,26-35,28,1,Uttar Pradesh,Central,Healthcare,Food,3,19023.0,,
1000956,P00303742,M,36-45,40,0,AndhraÂ Pradesh,Southern,Banking,Gift Card,2,19022.0,,
1002063,P00239142,F,26-35,31,1,Himachal Pradesh,Northern,IT Sector,Food,4,19021.0,,
1001636,P00216342,M,26-35,28,1,Himachal Pradesh,Northern,Healthcare,Food,1,19020.0,,
1005035,P00286742,M,26-35,31,0,Himachal Pradesh,Northern,Govt,Food,2,19019.0,,
1003705,P00117342,F,46-50,50,1,Uttar Pradesh,Central,IT Sector,Food,1,19015.0,,
1005021,P00187442,F,51-55,52,0,Karnataka,Southern,Food Processing,Food,3,19014.0,,
1001255,P00294842,F,26-35,34,1,Maharashtra,Western,IT Sector,Food,2,19014.0,,
1000451,P00176342,F,55+,76,0,Maharashtra,Western,Healthcare,Food,3,19014.0,,
1000379,P00176842,M,36-45,36,0,Uttar Pradesh,Central,Automobile,Food,1,19014.0,,
1001680,P00047742,M,26-35,26,1,Gujarat,Western,Banking,Food,4,19011.0,,
1003320,P00249542,F,26-35,35,0,Karnataka,Southern,Healthcare,Food,2,19010.0,,
1005492,P00156342,F,18-25,23,0,Uttar Pradesh,Central,Healthcare,Food,2,19007.0,,
1003746,P00288642,F,26-35,26,1,Uttar Pradesh,Central,Banking,Food,4,19007.0,,
1002980,P00278642,F,46-50,46,1,Madhya Pradesh,Central,Govt,Food,1,19004.0,,
1003308,P00070442,M,18-25,20,0,AndhraÂ Pradesh,Southern,Aviation,Food,2,19002.0,,
1004473,P00031142,F,36-45,39,0,Rajasthan,Northern,Healthcare,Food,4,19002.0,,
1002730,P00226342,F,36-45,39,0,Madhya Pradesh,Central,IT Sector,Food,1,19000.0,,
1000655,P00057442,M,26-35,27,1,Kerala,Southern,Aviation,Food,3,18997.0,,
1000934,P00041942,M,36-45,42,0,AndhraÂ Pradesh,Southern,Govt,Food,3,18996.0,,
1001185,P00213742,M,36-45,40,1,Delhi,Central,Retail,Food,2,18996.0,,
1000211,P00325242,F,46-50,46,0,AndhraÂ Pradesh,Southern,Healthcare,Gift Card,1,18995.0,,
1005394,P00101342,F,18-25,21,1,Delhi,Central,Textile,Food,2,18992.0,,
1004744,P00110742,F,51-55,52,1,Haryana,Northern,Aviation,Food,1,18989.0,,
1001426,P00326742,F,18-25,23,0,Karnataka,Southern,Retail,Food,1,18987.0,,
1004430,P00194442,M,26-35,32,0,Uttar Pradesh,Central,Banking,Food,4,18985.0,,
1003897,P00116342,F,55+,66,0,Maharashtra,Western,Chemical,Food,4,18984.0,,
1004271,P00120842,F,36-45,39,1,Maharashtra,Western,Aviation,Food,2,18983.0,,
1004781,P00293342,M,51-55,53,0,Jharkhand,Eastern,Aviation,Food,1,18980.0,,
1005632,P00305142,M,18-25,21,1,AndhraÂ Pradesh,Southern,Chemical,Food,4,18975.0,,
1003063,P00250242,F,18-25,18,0,AndhraÂ Pradesh,Southern,Media,Food,2,18974.0,,
1000616,P00113242,F,26-35,33,0,Maharashtra,Western,Agriculture,Food,1,18971.0,,
1001737,P00180642,F,36-45,38,0,Uttar Pradesh,Central,Healthcare,Food,1,18970.0,,
1004023,P00244742,M,36-45,36,0,Karnataka,Southern,Aviation,Food,4,18968.0,,
1002724,P00034842,M,46-50,47,1,Delhi,Central,IT Sector,Food,2,18964.0,,
1004510,P00313642,F,46-50,48,1,Karnataka,Southern,Healthcare,Food,2,18964.0,,
1001436,P00255942,M,51-55,53,1,Bihar,Eastern,Lawyer,Food,1,18963.0,,
1002383,P00006942,M,26-35,34,0,Madhya Pradesh,Central,Automobile,Food,2,18961.0,,
1005689,P00222842,F,26-35,34,0,Haryana,Northern,Food Processing,Food,2,18960.0,,
1003292,P00265242,M,51-55,53,1,Gujarat,Western,Aviation,Food,1,18959.0,,
1001873,P00220442,F,36-45,40,1,Maharashtra,Western,Chemical,Food,3,18959.0,,
1004508,P00051642,F,26-35,30,1,Uttar Pradesh,Central,Aviation,Food,3,18959.0,,
1002552,P00173842,M,26-35,30,1,Delhi,Central,Aviation,Food,3,18957.0,,
1003669,P00182642,F,26-35,34,0,Maharashtra,Western,Aviation,Food,3,18956.0,,
1005749,P00343642,M,26-35,30,1,Karnataka,Southern,Healthcare,Food,3,18953.0,,
1004917,P00111142,M,46-50,46,0,Maharashtra,Western,Healthcare,Food,1,18953.0,,
1005780,P00157942,F,18-25,20,0,Karnataka,Southern,Textile,Food,1,18952.0,,
1000117,P00031542,F,26-35,29,0,Maharashtra,Western,Chemical,Food,3,18952.0,,
1005099,P00003942,F,18-25,24,1,AndhraÂ Pradesh,Southern,Govt,Gift Card,4,18891.0,,
1002456,P00145742,F,26-35,34,1,AndhraÂ Pradesh,Southern,IT Sector,Gift Card,3,18858.0,,
1003626,P00276842,F,26-35,35,1,Uttar Pradesh,Central,Banking,Gift Card,3,18856.0,,
1001181,P00038442,F,36-45,43,1,AndhraÂ Pradesh,Southern,Automobile,Gift Card,1,18851.0,,
1004089,P00327842,F,26-35,32,1,Delhi,Central,Banking,Hand & Power Tools,4,18832.0,,
1001837,P00093642,F,26-35,29,0,AndhraÂ Pradesh,Southern,Govt,Gift Card,1,18828.0,,
1004088,P00163242,F,26-35,28,1,AndhraÂ Pradesh,Southern,Banking,Gift Card,2,18801.0,,
1003056,P00058142,F,26-35,27,0,AndhraÂ Pradesh,Southern,Hospitality,Gift Card,4,18798.0,,
1001491,P00240142,M,18-25,21,0,AndhraÂ Pradesh,Southern,Media,Hand & Power Tools,4,18789.0,,
1001312,P00277642,F,26-35,34,1,AndhraÂ Pradesh,Southern,Hospitality,Gift Card,1,18782.0,,
1000667,P00127642,F,26-35,30,0,Maharashtra,Western,Aviation,Gift Card,3,18780.0,,
1000121,P00110942,F,36-45,38,0,AndhraÂ Pradesh,Southern,Govt,Gift Card,3,18770.0,,
1004085,P00347142,M,26-35,27,0,Kerala,Southern,Healthcare,Gift Card,3,18688.0,,
1001051,P00111042,M,26-35,30,1,Madhya Pradesh,Central,Banking,Gift Card,2,18685.0,,
1004452,P00173542,M,26-35,30,0,Jharkhand,Eastern,Hospitality,Gift Card,1,18679.0,,
1005749,P00114742,M,26-35,31,0,Maharashtra,Western,IT Sector,Hand & Power Tools,3,18665.0,,
1000053,P00351042,F,26-35,31,1,AndhraÂ Pradesh,Southern,Hospitality,Gift Card,3,18614.0,,
1003796,P00025442,F,46-50,48,0,AndhraÂ Pradesh,Southern,Media,Gift Card,2,18612.0,,
1003562,P00035842,M,26-35,28,0,Bihar,Eastern,Agriculture,Gift Card,4,18609.0,,
1000187,P00102442,M,46-50,48,0,AndhraÂ Pradesh,Southern,Govt,Gift Card,3,18608.0,,
1002747,P00245642,M,18-25,19,0,Madhya Pradesh,Central,Banking,Hand & Power Tools,3,18592.0,,
1004680,P00275642,F,36-45,39,0,Uttar Pradesh,Central,Media,Gift Card,4,18583.0,,
1003301,P00073642,M,26-35,34,0,Uttarakhand,Central,IT Sector,Gift Card,3,18580.0,,
1001748,P00001142,F,51-55,53,0,AndhraÂ Pradesh,Southern,Healthcare,Gift Card,3,18573.0,,
1002279,P00144542,F,51-55,51,1,AndhraÂ Pradesh,Southern,Retail,Gift Card,4,18568.0,,
1002334,P00293342,M,55+,82,0,Maharashtra,Western,Govt,Gift Card,3,18559.0,,
1001571,P00003442,F,26-35,27,0,AndhraÂ Pradesh,Southern,Banking,Gift Card,4,18536.0,,
1002878,P00111242,M,51-55,53,0,Uttar Pradesh,Central,Media,Gift Card,4,18516.0,,
1001755,P00131542,M,18-25,25,0,Punjab,Northern,Media,Hand & Power Tools,1,18465.0,,
1000702,P00073842,M,36-45,45,1,AndhraÂ Pradesh,Southern,Banking,Hand & Power Tools,4,18413.0,,
1005780,P00057542,M,18-25,19,0,AndhraÂ Pradesh,Southern,IT Sector,Hand & Power Tools,4,18311.0,,
1002131,P00225942,F,26-35,35,1,Delhi,Central,IT Sector,Hand & Power Tools,4,18269.0,,
1001150,P00346942,M,26-35,27,1,Maharashtra,Western,Aviation,Stationery,1,17415.0,,
1001246,P00119142,M,18-25,18,0,Delhi,Central,Aviation,Stationery,1,17333.0,,
1001299,P00093642,M,26-35,31,0,Delhi,Central,Retail,Stationery,4,17321.0,,
1002887,P00103042,F,26-35,26,1,Delhi,Central,Automobile,Stationery,4,17300.0,,
1001447,P00304542,M,18-25,21,0,Delhi,Central,Media,Stationery,1,17262.0,,
1000971,P00118642,F,26-35,31,1,Delhi,Central,Banking,Stationery,2,17204.0,,
1003965,P00205842,F,18-25,24,0,Delhi,Central,Banking,Stationery,1,17175.0,,
1002507,P00064442,F,26-35,35,1,Delhi,Central,Aviation,Stationery,4,17175.0,,
1000996,P00153742,F,26-35,31,0,Maharashtra,Western,Chemical,Stationery,2,17175.0,,
1004085,P00165842,M,26-35,30,1,Maharashtra,Western,Chemical,Stationery,2,17143.0,,
1000454,P00258442,F,26-35,32,0,Delhi,Central,Lawyer,Stationery,4,17130.0,,
1003821,P00199642,F,26-35,30,1,Delhi,Central,IT Sector,Stationery,1,17107.0,,
1001912,P00271442,F,26-35,33,0,Delhi,Central,Aviation,Stationery,4,17097.0,,
1005795,P00057442,M,26-35,30,0,Delhi,Central,IT Sector,Stationery,4,17093.0,,
1001658,P00009542,M,36-45,44,1,Gujarat,Western,Hospitality,Stationery,1,17058.0,,
1002761,P00265742,F,36-45,36,1,Delhi,Central,Banking,Stationery,1,17052.0,,
1004823,P00233342,F,18-25,24,1,Delhi,Central,Automobile,Stationery,1,17036.0,,
1004950,P00247542,M,26-35,28,1,Delhi,Central,Aviation,Stationery,1,17002.0,,
1000467,P00036842,M,36-45,36,0,Maharashtra,Western,Textile,Stationery,1,16995.0,,
1005222,P00024642,F,26-35,35,0,Kerala,Southern,Aviation,Tupperware,1,16980.0,,
1003471,P00157142,F,18-25,21,1,Uttar Pradesh,Central,IT Sector,Tupperware,4,16954.0,,
1005464,P00274242,F,36-45,37,1,Madhya Pradesh,Central,IT Sector,Tupperware,2,16947.0,,
1000326,P00243942,M,51-55,51,0,AndhraÂ Pradesh,Southern,IT Sector,Footwear & Shoes,2,16938.0,,
1002459,P00296342,F,51-55,55,0,Madhya Pradesh,Central,Textile,Footwear & Shoes,4,16937.0,,
1003476,P00227842,F,51-55,55,1,Uttar Pradesh,Central,Banking,Footwear & Shoes,4,16937.0,,
1004005,P00057742,M,36-45,39,0,Karnataka,Southern,Govt,Footwear & Shoes,2,16935.0,,
1002340,P00008742,F,36-45,36,1,Delhi,Central,Banking,Footwear & Shoes,1,16933.0,,
1003650,P00055642,F,26-35,31,1,Gujarat,Western,Hospitality,Tupperware,3,16933.0,,
1003665,P00144642,F,26-35,35,0,Karnataka,Southern,Healthcare,Footwear & Shoes,2,16928.0,,
1000005,P00240142,F,26-35,27,0,Karnataka,Southern,Food Processing,Footwear & Shoes,2,16927.0,,
1004915,P00275842,F,26-35,33,1,Uttar Pradesh,Central,Banking,Footwear & Shoes,3,16927.0,,
1003198,P00114542,F,26-35,34,0,Delhi,Central,Govt,Footwear & Shoes,3,16922.0,,
1002665,P00111242,F,36-45,39,0,Madhya Pradesh,Central,Food Processing,Footwear & Shoes,3,16921.0,,
1001230,P00120042,F,26-35,32,1,Karnataka,Southern,Lawyer,Footwear & Shoes,4,16920.0,,
1000137,P00368042,M,46-50,50,0,Karnataka,Southern,Automobile,Footwear & Shoes,2,16920.0,,
1002173,P00302642,F,51-55,54,1,Uttar Pradesh,Central,Healthcare,Footwear & Shoes,4,16920.0,,
1003507,P00248142,F,26-35,30,0,Karnataka,Southern,Hospitality,Footwear & Shoes,4,16919.0,,
1001325,P00316642,F,26-35,27,0,Karnataka,Southern,IT Sector,Footwear & Shoes,3,16918.0,,
1004802,P00212942,F,55+,67,0,Delhi,Central,Govt,Stationery,3,16917.0,,
1001817,P00035842,F,36-45,41,1,Karnataka,Southern,Chemical,Footwear & Shoes,4,16915.0,,
1004022,P00153842,M,36-45,38,0,Karnataka,Southern,Media,Footwear & Shoes,2,16911.0,,
1004721,P00102242,F,36-45,37,0,Delhi,Central,Retail,Footwear & Shoes,3,16907.0,,
1000816,P00254242,F,46-50,49,1,Karnataka,Southern,Healthcare,Footwear & Shoes,1,16906.0,,
1004769,P00348242,F,26-35,29,0,Delhi,Central,Construction,Stationery,3,16904.0,,
1003878,P00086442,F,36-45,42,0,Delhi,Central,Healthcare,Footwear & Shoes,3,16903.0,,
1005209,P00025142,F,51-55,55,0,Gujarat,Western,Aviation,Tupperware,3,16902.0,,
1004451,P00022942,F,26-35,29,0,Karnataka,Southern,IT Sector,Footwear & Shoes,2,16902.0,,
1005767,P00269642,F,26-35,29,0,Delhi,Central,Aviation,Footwear & Shoes,3,16901.0,,
1001317,P00299142,F,46-50,47,0,Delhi,Central,IT Sector,Footwear & Shoes,1,16900.0,,
1001010,P00325742,F,26-35,30,1,Karnataka,Southern,Healthcare,Footwear & Shoes,2,16897.0,,
1005769,P00332842,F,46-50,50,1,Karnataka,Southern,Govt,Footwear & Shoes,1,16896.0,,
1003924,P00181542,M,51-55,55,0,Maharashtra,Western,Construction,Footwear & Shoes,3,16896.0,,
1001607,P00300042,F,46-50,47,0,Madhya Pradesh,Central,Healthcare,Footwear & Shoes,1,16895.0,,
1002063,P0098442,F,26-35,33,1,Delhi,Central,Aviation,Footwear & Shoes,2,16894.0,,
1003203,P00150342,F,36-45,42,0,Karnataka,Southern,Automobile,Footwear & Shoes,2,16892.0,,
1004836,P00265142,M,46-50,48,0,Gujarat,Western,Healthcare,Tupperware,1,16891.0,,
1001010,P00196742,F,26-35,26,0,Karnataka,Southern,Retail,Footwear & Shoes,4,16891.0,,
1002484,P00356742,F,46-50,47,1,Delhi,Central,Lawyer,Footwear & Shoes,3,16887.0,,
1002109,P00176642,F,26-35,35,0,Madhya Pradesh,Central,Food Processing,Footwear & Shoes,1,16887.0,,
1004438,P00348942,F,51-55,52,0,Uttar Pradesh,Central,Healthcare,Footwear & Shoes,4,16887.0,,
1002109,P0096542,F,26-35,27,0,Karnataka,Southern,IT Sector,Footwear & Shoes,1,16883.0,,
1000733,P00188542,F,36-45,41,0,Delhi,Central,Chemical,Footwear & Shoes,3,16878.0,,
1003055,P00271142,M,26-35,26,0,Delhi,Central,Banking,Footwear & Shoes,3,16870.0,,
1002967,P00113642,F,26-35,35,1,Karnataka,Southern,Govt,Footwear & Shoes,4,16867.0,,
1005761,P00223242,F,26-35,33,0,Delhi,Central,Automobile,Footwear & Shoes,4,16865.0,,
1005472,P00088042,F,36-45,40,1,Delhi,Central,Aviation,Footwear & Shoes,4,16865.0,,
1001303,P00115142,F,26-35,27,1,Delhi,Central,IT Sector,Footwear & Shoes,3,16863.0,,
1004511,P00120042,F,36-45,44,0,Delhi,Central,Chemical,Footwear & Shoes,2,16862.0,,
1005430,P00004842,M,46-50,49,0,Delhi,Central,Lawyer,Tupperware,2,16862.0,,
1001017,P00083242,F,36-45,41,0,Karnataka,Southern,Media,Footwear & Shoes,3,16861.0,,
1001352,P00262642,F,36-45,42,0,Karnataka,Southern,Banking,Footwear & Shoes,4,16861.0,,
1000796,P00295942,F,51-55,55,1,Kerala,Southern,Automobile,Tupperware,1,16860.0,,
1005108,P00329242,M,26-35,28,0,Maharashtra,Western,Aviation,Stationery,3,16859.0,,
1005555,P00147342,M,0-17,16,1,Maharashtra,Western,Healthcare,Stationery,1,16856.0,,
1001891,P00217442,F,46-50,48,0,Uttar Pradesh,Central,Govt,Footwear & Shoes,1,16855.0,,
1001980,P00170642,F,36-45,42,0,Delhi,Central,Govt,Footwear & Shoes,3,16854.0,,
1004947,P00085042,F,36-45,43,0,Delhi,Central,Automobile,Footwear & Shoes,3,16854.0,,
1001790,P00352842,F,26-35,35,1,Uttar Pradesh,Central,Aviation,Footwear & Shoes,1,16851.0,,
1002334,P00252542,M,55+,86,1,Maharashtra,Western,Hospitality,Tupperware,1,16843.0,,
1003237,P00110042,M,36-45,45,1,AndhraÂ Pradesh,Southern,Chemical,Footwear & Shoes,3,16842.0,,
1003237,P00110042,M,36-45,45,1,Delhi,Central,Chemical,Footwear & Shoes,4,16842.0,,
1004729,P00326842,M,51-55,54,1,Maharashtra,Western,Hospitality,Footwear & Shoes,1,16842.0,,
1006001,P00127742,M,26-35,32,0,Bihar,Eastern,Agriculture,Tupperware,1,16837.0,,
1005969,P00319342,F,46-50,50,1,Madhya Pradesh,Central,Aviation,Footwear & Shoes,1,16837.0,,
1005645,P00274242,F,26-35,29,1,Uttar Pradesh,Central,Food Processing,Footwear & Shoes,4,16836.0,,
1001266,P00084442,F,26-35,28,0,Karnataka,Southern,Hospitality,Footwear & Shoes,2,16835.0,,
1000563,P00121042,F,26-35,31,0,Karnataka,Southern,Automobile,Footwear & Shoes,3,16835.0,,
1002678,P00251242,F,26-35,31,1,Delhi,Central,IT Sector,Footwear & Shoes,2,16834.0,,
1000711,P00270942,F,26-35,27,0,Delhi,Central,Media,Footwear & Shoes,1,16832.0,,
1004115,P00255942,F,26-35,33,0,Karnataka,Southern,Automobile,Footwear & Shoes,3,16832.0,,
1004257,P00255942,M,51-55,52,1,Delhi,Central,Food Processing,Stationery,4,16829.0,,
1005597,P00010842,M,18-25,21,1,Maharashtra,Western,IT Sector,Footwear & Shoes,1,16828.0,,
1002389,P00348542,F,26-35,33,0,Delhi,Central,Healthcare,Footwear & Shoes,4,16827.0,,
1004343,P00162442,F,26-35,33,1,Karnataka,Southern,Textile,Footwear & Shoes,1,16822.0,,
1004894,P00155442,F,36-45,40,0,Delhi,Central,Textile,Footwear & Shoes,1,16818.0,,
1005100,P00112142,M,51-55,52,0,Madhya Pradesh,Central,Chemical,Footwear & Shoes,1,16818.0,,
1001298,P00000842,F,36-45,44,0,Maharashtra,Western,Healthcare,Footwear & Shoes,2,16818.0,,
1003261,P00208942,F,46-50,46,1,Delhi,Central,IT Sector,Footwear & Shoes,4,16817.0,,
1004403,P00010742,F,26-35,30,0,Karnataka,Southern,Aviation,Footwear & Shoes,2,16813.0,,
1001117,P00130642,F,18-25,20,1,Uttar Pradesh,Central,Govt,Tupperware,3,16812.0,,
1004947,P00150542,F,36-45,39,0,Gujarat,Western,Automobile,Tupperware,4,16811.0,,
1000195,P00184842,M,26-35,29,0,Jharkhand,Eastern,Govt,Footwear & Shoes,4,16807.0,,
1001176,P00128942,M,55+,92,0,Uttar Pradesh,Central,Media,Footwear & Shoes,4,16805.0,,
1003041,P00270242,F,26-35,31,1,Karnataka,Southern,IT Sector,Footwear & Shoes,4,16804.0,,
1002793,P00148342,F,36-45,40,1,Delhi,Central,IT Sector,Footwear & Shoes,3,16799.0,,
1002753,P00117842,M,51-55,54,1,Maharashtra,Western,Lawyer,Footwear & Shoes,1,16799.0,,
1004404,P00026742,F,26-35,33,1,Karnataka,Southern,Banking,Footwear & Shoes,1,16797.0,,
1000922,P00116142,M,55+,87,0,Kerala,Southern,Agriculture,Footwear & Shoes,2,16795.0,,
1003346,P00177542,F,36-45,36,0,Delhi,Central,Hospitality,Footwear & Shoes,4,16794.0,,
1005010,P00341342,F,46-50,49,1,Delhi,Central,Banking,Stationery,3,16794.0,,
1006000,P00187342,F,46-50,46,1,Delhi,Central,IT Sector,Footwear & Shoes,1,16792.0,,
1004171,P00117942,M,55+,89,0,Uttar Pradesh,Central,Govt,Footwear & Shoes,1,16792.0,,
1000231,P00117942,F,26-35,31,0,Karnataka,Southern,Food Processing,Footwear & Shoes,1,16790.0,,
1002909,P00196842,M,26-35,29,1,Maharashtra,Western,Healthcare,Footwear & Shoes,3,16789.0,,
1003557,P00183342,F,18-25,22,1,Madhya Pradesh,Central,IT Sector,Footwear & Shoes,1,16788.0,,
1000148,P00289442,M,51-55,55,0,Bihar,Eastern,Hospitality,Footwear & Shoes,3,16787.0,,
1004291,P00221842,M,36-45,39,0,Uttarakhand,Central,Food Processing,Footwear & Shoes,4,16787.0,,
1003261,P00005142,F,46-50,49,0,Karnataka,Southern,Food Processing,Footwear & Shoes,2,16785.0,,
1002376,P00072542,F,26-35,31,1,Maharashtra,Western,Banking,Footwear & Shoes,2,16785.0,,
1001685,P00091842,F,36-45,36,0,Maharashtra,Western,Media,Footwear & Shoes,4,16784.0,,
1001146,P00026042,M,18-25,23,1,Jharkhand,Eastern,Chemical,Footwear & Shoes,1,16783.0,,
1002491,P00233942,F,36-45,41,0,Karnataka,Southern,Construction,Footwear & Shoes,3,16781.0,,
1005653,P00200342,F,51-55,52,0,Karnataka,Southern,Chemical,Footwear & Shoes,2,16778.0,,
1005230,P00029942,F,26-35,32,0,Delhi,Central,Aviation,Footwear & Shoes,2,16776.0,,
1004977,P00112542,F,26-35,26,1,Karnataka,Southern,Aviation,Footwear & Shoes,1,16776.0,,
1003882,P00293342,M,55+,68,0,Uttarakhand,Central,Lawyer,Footwear & Shoes,3,16776.0,,
1005726,P00111542,F,26-35,33,1,Maharashtra,Western,Aviation,Footwear & Shoes,1,16775.0,,
1002494,P00015542,F,18-25,20,0,Delhi,Central,IT Sector,Footwear & Shoes,2,16774.0,,
1004995,P00015942,F,51-55,55,1,Delhi,Central,Lawyer,Stationery,3,16773.0,,
1000204,P00037242,F,26-35,35,0,Karnataka,Southern,Healthcare,Footwear & Shoes,2,16772.0,,
1000667,P00125342,F,26-35,29,0,Uttar Pradesh,Central,Chemical,Footwear & Shoes,3,16767.0,,
1005838,P00276342,M,46-50,48,0,Bihar,Eastern,Healthcare,Footwear & Shoes,1,16766.0,,
1005838,P00276342,M,46-50,48,0,Delhi,Central,Healthcare,Footwear & Shoes,2,16766.0,,
1001706,P00167942,F,26-35,32,1,Karnataka,Southern,IT Sector,Footwear & Shoes,3,16766.0,,
1005648,P00295342,F,26-35,28,0,Delhi,Central,Govt,Footwear & Shoes,1,16765.0,,
1000305,P00194242,M,18-25,23,0,Haryana,Northern,Aviation,Tupperware,2,16761.0,,
1004406,P00263442,F,26-35,26,1,Karnataka,Southern,Healthcare,Footwear & Shoes,1,16760.0,,
1003618,P00192542,M,18-25,19,1,Uttar Pradesh,Central,Govt,Footwear & Shoes,3,16760.0,,
1000245,P00200642,F,36-45,45,0,Delhi,Central,Banking,Footwear & Shoes,2,16758.0,,
1000298,P00328342,M,18-25,23,1,Karnataka,Southern,Chemical,Tupperware,3,16753.0,,
1001202,P00147942,F,36-45,44,1,Delhi,Central,IT Sector,Footwear & Shoes,4,16751.0,,
1003272,P00251242,M,36-45,38,1,Uttar Pradesh,Central,IT Sector,Footwear & Shoes,2,16749.0,,
1001041,P00080342,F,46-50,46,0,Karnataka,Southern,Healthcare,Footwear & Shoes,3,16747.0,,
1004409,P00280442,F,26-35,28,1,Karnataka,Southern,Aviation,Footwear & Shoes,1,16745.0,,
1005466,P00033342,F,26-35,33,1,Karnataka,Southern,Banking,Footwear & Shoes,3,16732.0,,
1004042,P00251242,M,36-45,37,1,Karnataka,Southern,Banking,Footwear & Shoes,4,16732.0,,
1002701,P00194642,F,46-50,49,1,Maharashtra,Western,Textile,Tupperware,4,16732.0,,
1001298,P00128042,F,36-45,44,1,Delhi,Central,Banking,Footwear & Shoes,3,16727.0,,
1001941,P00180342,M,36-45,26,1,Karnataka,Southern,Aviation,Footwear & Shoes,1,16726.0,,
1001279,P00165842,F,36-45,43,1,Delhi,Central,Food Processing,Footwear & Shoes,2,16724.0,,
1001440,P00361842,F,36-45,43,0,Kerala,Southern,Media,Tupperware,1,16724.0,,
1004480,P00044442,F,26-35,28,1,Karnataka,Southern,Aviation,Footwear & Shoes,3,16721.0,,
1005026,P00289042,F,26-35,34,1,Maharashtra,Western,Aviation,Footwear & Shoes,4,16720.0,,
1000331,P00208042,F,26-35,33,0,Uttar Pradesh,Central,Aviation,Footwear & Shoes,3,16719.0,,
1003469,P00130742,F,46-50,47,1,Karnataka,Southern,Lawyer,Footwear & Shoes,1,16717.0,,
1004819,P00326742,F,36-45,37,0,Madhya Pradesh,Central,Chemical,Footwear & Shoes,4,16716.0,,
1002048,P00192842,F,51-55,54,0,Madhya Pradesh,Central,Aviation,Footwear & Shoes,4,16716.0,,
1001881,P00302442,F,36-45,41,0,Uttar Pradesh,Central,Chemical,Footwear & Shoes,2,16716.0,,
1004161,P00093542,F,46-50,50,0,Delhi,Central,Aviation,Footwear & Shoes,1,16715.0,,
1005443,P00182142,F,26-35,32,0,Karnataka,Southern,IT Sector,Footwear & Shoes,2,16715.0,,
1003232,P00000142,F,36-45,43,1,Uttar Pradesh,Central,Chemical,Tupperware,2,16713.0,,
1003626,P00034442,F,26-35,34,0,Madhya Pradesh,Central,Hospitality,Footwear & Shoes,3,16711.0,,
1001632,P00347342,F,26-35,27,1,Delhi,Central,Food Processing,Footwear & Shoes,4,16710.0,,
1002676,P00191042,F,55+,87,1,Gujarat,Western,Aviation,Furniture,3,16709.0,,
1002645,P00207442,F,26-35,26,0,Madhya Pradesh,Central,Agriculture,Footwear & Shoes,4,16707.0,,
1003017,P00033342,M,36-45,40,1,Uttar Pradesh,Central,Hospitality,Furniture,3,16706.0,,
1002295,P00262242,F,46-50,50,1,Uttar Pradesh,Central,Hospitality,Furniture,2,16706.0,,
1002162,P00192942,M,0-17,16,0,Maharashtra,Western,Media,Stationery,3,16705.0,,
1002972,P00161442,M,26-35,35,0,Uttarakhand,Central,Media,Footwear & Shoes,1,16704.0,,
1002143,P00066642,F,18-25,18,1,Himachal Pradesh,Northern,Lawyer,Furniture,4,16701.0,,
1005021,P00260042,F,51-55,52,1,Karnataka,Southern,Banking,Footwear & Shoes,1,16701.0,,
1004425,P00246142,F,36-45,44,0,Maharashtra,Western,Banking,Tupperware,1,16698.0,,
1005026,P00032442,F,26-35,26,0,Karnataka,Southern,Retail,Footwear & Shoes,4,16693.0,,
1003031,P00321742,F,18-25,23,1,Gujarat,Western,Retail,Furniture,1,16692.0,,
1003356,P00025442,M,36-45,41,1,Maharashtra,Western,Lawyer,Footwear & Shoes,2,16692.0,,
1002774,P00209342,F,26-35,31,0,Uttar Pradesh,Central,IT Sector,Footwear & Shoes,1,16691.0,,
1002413,P00118642,M,55+,61,0,Uttar Pradesh,Central,Healthcare,Footwear & Shoes,1,16687.0,,
1003526,P00296242,F,36-45,45,0,Delhi,Central,Govt,Footwear & Shoes,2,16685.0,,
1004496,P00034442,F,46-50,47,0,Maharashtra,Western,Retail,Footwear & Shoes,3,16685.0,,
1003823,P00138542,M,55+,91,1,Uttar Pradesh,Central,IT Sector,Footwear & Shoes,4,16685.0,,
1004626,P00029742,M,26-35,26,0,Karnataka,Southern,Food Processing,Footwear & Shoes,4,16684.0,,
1002946,P00320742,F,36-45,39,1,Delhi,Central,Hospitality,Footwear & Shoes,1,16681.0,,
1003476,P00284742,F,51-55,53,0,Karnataka,Southern,IT Sector,Footwear & Shoes,3,16681.0,,
1002414,P00174442,F,26-35,27,0,Uttar Pradesh,Central,Retail,Footwear & Shoes,4,16681.0,,
1004908,P00305142,F,36-45,42,0,Karnataka,Southern,Automobile,Footwear & Shoes,3,16674.0,,
1005468,P00329442,F,26-35,35,0,Delhi,Central,Retail,Stationery,2,16673.0,,
1000767,P00249542,F,26-35,35,1,Delhi,Central,IT Sector,Footwear & Shoes,1,16672.0,,
1004303,P00113242,F,26-35,31,0,Karnataka,Southern,Aviation,Footwear & Shoes,2,16671.0,,
1003922,P00000242,F,18-25,20,1,Maharashtra,Western,Govt,Furniture,4,16671.0,,
1004964,P00113342,F,36-45,36,0,Karnataka,Southern,Banking,Footwear & Shoes,2,16669.0,,
1003032,P00126242,M,26-35,31,0,Uttar Pradesh,Central,Construction,Furniture,3,16669.0,,
1000604,P00240142,F,46-50,47,0,Bihar,Eastern,IT Sector,Furniture,1,16665.0,,
1004215,P00227142,F,26-35,34,0,Delhi,Central,Media,Footwear & Shoes,3,16664.0,,
1003827,P00102142,F,51-55,52,0,Madhya Pradesh,Central,Aviation,Footwear & Shoes,3,16664.0,,
1001962,P00117442,M,18-25,22,1,Uttar Pradesh,Central,IT Sector,Furniture,1,16664.0,,
1000515,P00102342,F,26-35,33,1,Delhi,Central,IT Sector,Footwear & Shoes,4,16663.0,,
1000075,P00137642,M,0-17,15,0,Uttar Pradesh,Central,Govt,Furniture,1,16662.0,,
1001332,P00002142,F,26-35,28,0,Maharashtra,Western,Aviation,Furniture,4,16658.0,,
1002059,P00253142,M,36-45,45,1,Delhi,Central,Media,Footwear & Shoes,4,16655.0,,
1003841,P00340942,F,46-50,47,0,Karnataka,Southern,Media,Footwear & Shoes,2,16655.0,,
1001053,P00254842,F,36-45,44,1,Karnataka,Southern,Govt,Footwear & Shoes,1,16654.0,,
1003526,P00102942,F,36-45,39,0,Delhi,Central,Media,Stationery,3,16651.0,,
1004482,P00150542,M,36-45,43,0,AndhraÂ Pradesh,Southern,Healthcare,Footwear & Shoes,2,16649.0,,
1005630,P00216142,F,36-45,44,0,Delhi,Central,Healthcare,Footwear & Shoes,1,16649.0,,
1003483,P00173942,M,46-50,49,1,Uttar Pradesh,Central,Healthcare,Furniture,3,16649.0,,
1000889,P00119042,F,46-50,48,0,Delhi,Central,Banking,Footwear & Shoes,1,16643.0,,
1001749,P00067842,F,26-35,35,1,Karnataka,Southern,Media,Footwear & Shoes,3,16643.0,,
1001264,P00140742,F,26-35,35,0,Karnataka,Southern,Banking,Footwear & Shoes,2,16643.0,,
1001413,P00370342,F,18-25,18,0,Kerala,Southern,Govt,Furniture,2,16637.0,,
1002330,P00244042,M,46-50,47,0,Uttar Pradesh,Central,Automobile,Footwear & Shoes,4,16636.0,,
1002117,P00089542,M,55+,77,0,Uttar Pradesh,Central,Automobile,Footwear & Shoes,1,16636.0,,
1001865,P00224942,M,18-25,20,0,Karnataka,Southern,IT Sector,Furniture,4,16634.0,,
1002857,P00237242,F,26-35,29,1,Kerala,Southern,Food Processing,Furniture,1,16633.0,,
1005812,P00266642,M,26-35,28,0,Bihar,Eastern,Healthcare,Footwear & Shoes,2,16631.0,,
1003336,P00124242,F,36-45,37,0,Delhi,Central,IT Sector,Footwear & Shoes,3,16630.0,,
1002203,P00211042,F,46-50,47,1,Rajasthan,Northern,Construction,Furniture,3,16627.0,,
1003808,P00245642,F,26-35,34,0,Maharashtra,Western,Aviation,Footwear & Shoes,1,16626.0,,
1005654,P00238542,F,26-35,26,0,Uttar Pradesh,Central,Aviation,Stationery,4,16624.0,,
1004673,P00100642,M,36-45,43,1,Delhi,Central,Govt,Stationery,2,16623.0,,
1002544,P00368642,F,46-50,47,1,Maharashtra,Western,Automobile,Furniture,4,16622.0,,
1005159,P00334242,F,36-45,42,1,Delhi,Central,Banking,Footwear & Shoes,4,16620.0,,
1002918,P00256642,M,26-35,32,0,Madhya Pradesh,Central,Textile,Footwear & Shoes,1,16620.0,,
1002053,P00302642,M,46-50,47,0,Uttar Pradesh,Central,Aviation,Footwear & Shoes,1,16618.0,,
1001357,P00198342,F,46-50,48,0,Madhya Pradesh,Central,Banking,Footwear & Shoes,1,16616.0,,
1002030,P00192242,M,26-35,29,1,Kerala,Southern,Govt,Furniture,3,16614.0,,
1000326,P00113942,F,51-55,53,1,Madhya Pradesh,Central,Banking,Furniture,2,16614.0,,
1002234,P00177142,M,55+,85,0,Uttar Pradesh,Central,Banking,Footwear & Shoes,3,16614.0,,
1000579,P00125942,F,26-35,32,1,Jharkhand,Eastern,Automobile,Furniture,2,16613.0,,
1005046,P00215642,F,26-35,27,1,Karnataka,Southern,Healthcare,Footwear & Shoes,3,16613.0,,
1001835,P00219542,F,26-35,35,0,Karnataka,Southern,Textile,Footwear & Shoes,4,16612.0,,
1004675,P00010742,M,18-25,19,0,Maharashtra,Western,IT Sector,Furniture,1,16610.0,,
1001418,P00352142,F,18-25,21,1,Uttar Pradesh,Central,Aviation,Tupperware,1,16610.0,,
1005678,P00118242,F,36-45,38,0,Uttar Pradesh,Central,IT Sector,Footwear & Shoes,2,16608.0,,
1004961,P00271442,F,26-35,30,0,Karnataka,Southern,Banking,Footwear & Shoes,2,16606.0,,
1003304,P00209742,M,46-50,47,0,Karnataka,Southern,Chemical,Furniture,3,16604.0,,
1004408,P00286042,M,46-50,46,0,Madhya Pradesh,Central,Hospitality,Furniture,2,16599.0,,
1000446,P00031142,M,51-55,51,0,Maharashtra,Western,Hospitality,Furniture,3,16599.0,,
1002888,P00218142,F,26-35,26,0,Rajasthan,Northern,Healthcare,Furniture,3,16598.0,,
1002581,P00293742,F,26-35,32,1,Madhya Pradesh,Central,Govt,Footwear & Shoes,2,16597.0,,
1000388,P00117942,M,26-35,32,0,Karnataka,Southern,Hospitality,Furniture,4,16596.0,,
1002941,P00254242,F,36-45,41,0,Karnataka,Southern,Aviation,Footwear & Shoes,1,16595.0,,
1000924,P00295942,F,51-55,54,0,Karnataka,Southern,Aviation,Footwear & Shoes,4,16595.0,,
1001688,P00070942,M,18-25,24,1,Uttar Pradesh,Central,Banking,Footwear & Shoes,3,16593.0,,
1005322,P00286542,M,36-45,44,1,Uttar Pradesh,Central,Healthcare,Footwear & Shoes,2,16592.0,,
1002995,P00006942,F,26-35,31,0,Gujarat,Western,IT Sector,Furniture,3,16588.0,,
1003492,P00113042,F,36-45,41,1,Karnataka,Southern,Govt,Footwear & Shoes,1,16588.0,,
1001721,P00194442,F,18-25,25,1,Bihar,Eastern,Retail,Furniture,1,16587.0,,
1004788,P00119742,F,36-45,42,0,Delhi,Central,Aviation,Footwear & Shoes,1,16585.0,,
1000238,P00175942,M,51-55,53,1,AndhraÂ Pradesh,Southern,Chemical,Footwear & Shoes,1,16581.0,,
1000238,P00175942,M,51-55,53,1,Gujarat,Western,Chemical,Footwear & Shoes,1,16581.0,,
1003735,P00260042,F,26-35,35,0,Karnataka,Southern,Media,Footwear & Shoes,3,16579.0,,
1004562,P00268442,F,36-45,39,0,Karnataka,Southern,Aviation,Footwear & Shoes,2,16578.0,,
1003288,P00058042,F,26-35,30,1,Uttar Pradesh,Central,Agriculture,Footwear & Shoes,1,16578.0,,
1000996,P00221542,F,26-35,30,0,Rajasthan,Northern,Retail,Furniture,3,16577.0,,
1000391,P00090942,F,46-50,48,0,Kerala,Southern,Automobile,Furniture,2,16576.0,,
1004980,P00193242,F,26-35,30,0,Karnataka,Southern,Banking,Footwear & Shoes,4,16574.0,,
1004682,P00324942,F,26-35,28,1,Delhi,Central,Govt,Footwear & Shoes,4,16573.0,,
1004054,P00123842,F,36-45,42,0,Uttar Pradesh,Central,Hospitality,Footwear & Shoes,2,16569.0,,
1005698,P00196342,F,36-45,39,0,Delhi,Central,Retail,Footwear & Shoes,3,16568.0,,
1000601,P00042842,M,18-25,23,0,Uttar Pradesh,Central,Automobile,Furniture,4,16568.0,,
1003864,P00121342,F,51-55,51,0,Delhi,Central,Banking,Footwear & Shoes,3,16567.0,,
1000885,P00192842,F,36-45,42,0,Maharashtra,Western,Aviation,Furniture,1,16566.0,,
1002627,P00345742,F,26-35,31,1,Karnataka,Southern,Food Processing,Footwear & Shoes,1,16565.0,,
1003997,P00201442,M,36-45,40,1,Maharashtra,Western,Aviation,Footwear & Shoes,2,16564.0,,
1000623,P00219242,F,26-35,33,0,Uttar Pradesh,Central,Banking,Footwear & Shoes,1,16563.0,,
1005762,P00101042,M,36-45,43,0,AndhraÂ Pradesh,Southern,Hospitality,Footwear & Shoes,2,16562.0,,
1003553,P00074442,M,36-45,36,1,Uttar Pradesh,Central,Food Processing,Footwear & Shoes,1,16561.0,,
1004680,P00052442,F,36-45,41,1,Karnataka,Southern,Lawyer,Footwear & Shoes,3,16560.0,,
1005378,P00343042,F,36-45,39,1,Maharashtra,Western,Aviation,Footwear & Shoes,2,16560.0,,
1000670,P00103342,F,26-35,31,1,Delhi,Central,Agriculture,Footwear & Shoes,1,16553.0,,
1004656,P00070942,F,26-35,27,1,Delhi,Central,Lawyer,Footwear & Shoes,1,16552.0,,
1004013,P00142942,M,26-35,31,0,Karnataka,Southern,Healthcare,Footwear & Shoes,2,16552.0,,
1003201,P00245042,F,46-50,48,1,Delhi,Central,Automobile,Footwear & Shoes,2,16551.0,,
1003118,P00280342,F,26-35,29,0,Delhi,Central,Healthcare,Footwear & Shoes,1,16550.0,,
1003389,P00145642,F,18-25,24,0,Kerala,Southern,Govt,Furniture,2,16550.0,,
1000611,P00329442,F,36-45,39,0,Uttarakhand,Central,Chemical,Tupperware,4,16549.0,,
1005107,P00046742,M,46-50,48,0,AndhraÂ Pradesh,Southern,Hospitality,Footwear & Shoes,2,16548.0,,
1001836,P00344442,F,26-35,27,0,Maharashtra,Western,Media,Footwear & Shoes,2,16548.0,,
1002008,P00309242,F,26-35,32,0,Maharashtra,Western,Retail,Footwear & Shoes,4,16548.0,,
1004022,P00288042,F,36-45,45,0,Delhi,Central,Agriculture,Footwear & Shoes,2,16544.0,,
1000033,P00311442,M,46-50,47,0,Uttar Pradesh,Central,Banking,Furniture,4,16540.0,,
1003345,P00117942,F,26-35,30,0,Karnataka,Southern,Retail,Footwear & Shoes,4,16539.0,,
1003620,P00112842,F,26-35,28,0,Karnataka,Southern,Media,Footwear & Shoes,3,16537.0,,
1001546,P00293242,F,26-35,31,0,Kerala,Southern,Chemical,Furniture,3,16534.0,,
1005111,P00001442,F,36-45,37,0,Uttar Pradesh,Central,Hospitality,Tupperware,4,16533.0,,
1003589,P00177842,M,46-50,48,0,Madhya Pradesh,Central,Chemical,Furniture,1,16532.0,,
1000329,P00140742,F,36-45,44,1,Himachal Pradesh,Northern,Chemical,Furniture,4,16530.0,,
1000731,P00021742,F,46-50,50,1,Delhi,Central,Hospitality,Footwear & Shoes,2,16527.0,,
1003321,P00275842,F,36-45,38,1,Karnataka,Southern,Govt,Footwear & Shoes,2,16527.0,,
1000271,P00117442,F,18-25,25,0,Uttar Pradesh,Central,Retail,Furniture,4,16525.0,,
1001367,P00187442,F,26-35,29,0,Kerala,Southern,IT Sector,Furniture,2,16524.0,,
1002125,P00190742,F,36-45,38,0,Uttar Pradesh,Central,Aviation,Footwear & Shoes,3,16522.0,,
1002154,P00051442,F,26-35,31,0,Madhya Pradesh,Central,Construction,Footwear & Shoes,4,16520.0,,
1001392,P00271042,F,46-50,48,1,Karnataka,Southern,Lawyer,Footwear & Shoes,3,16518.0,,
1004322,P00132542,M,51-55,54,0,Uttar Pradesh,Central,Media,Furniture,2,16518.0,,
1003691,P00081142,M,26-35,28,0,Uttarakhand,Central,Aviation,Furniture,2,16518.0,,
1000091,P00189342,F,36-45,42,0,Karnataka,Southern,IT Sector,Footwear & Shoes,3,16517.0,,
1002764,P00278242,M,26-35,33,1,Karnataka,Southern,Govt,Furniture,2,16516.0,,
1001420,P00274042,F,18-25,22,0,Delhi,Central,Automobile,Footwear & Shoes,1,16512.0,,
1005097,P00315742,F,55+,76,0,Gujarat,Western,Retail,Furniture,1,16512.0,,
1003129,P00340942,F,26-35,26,1,Maharashtra,Western,Healthcare,Footwear & Shoes,4,16511.0,,
1004904,P00131742,M,51-55,54,1,Jharkhand,Eastern,Banking,Footwear & Shoes,3,16510.0,,
1001693,P00217942,F,26-35,33,1,Uttar Pradesh,Central,Lawyer,Footwear & Shoes,3,16510.0,,
1001017,P00303042,M,36-45,37,0,Karnataka,Southern,Aviation,Footwear & Shoes,3,16509.0,,
1002208,P00057942,F,26-35,33,1,Madhya Pradesh,Central,Govt,Furniture,4,16509.0,,
1001599,P00265242,F,26-35,35,0,Delhi,Central,Food Processing,Footwear & Shoes,1,16506.0,,
1002753,P00176542,M,51-55,52,1,Uttar Pradesh,Central,Chemical,Footwear & Shoes,3,16501.0,,
1002389,P00184942,F,26-35,27,0,Uttar Pradesh,Central,IT Sector,Games & Toys,1,16499.0,,
1004520,P00036742,F,26-35,32,1,Karnataka,Southern,IT Sector,Footwear & Shoes,1,16496.0,,
1001671,P00054242,F,36-45,45,0,Karnataka,Southern,Textile,Games & Toys,3,16494.0,,
1000161,P00178642,F,46-50,49,1,Karnataka,Southern,IT Sector,Footwear & Shoes,3,16491.0,,
1002581,P00123742,F,26-35,26,1,Karnataka,Southern,Govt,Footwear & Shoes,1,16490.0,,
1005165,P00085942,F,36-45,37,0,Madhya Pradesh,Central,Hospitality,Footwear & Shoes,2,16490.0,,
1000872,P00221042,F,51-55,55,1,Maharashtra,Western,Chemical,Footwear & Shoes,1,16489.0,,
1005120,P00147942,F,51-55,53,1,Delhi,Central,Textile,Footwear & Shoes,3,16488.0,,
1001983,P00128142,F,26-35,31,1,Maharashtra,Western,Chemical,Games & Toys,2,16486.0,,
1000212,P00046142,F,26-35,27,0,Kerala,Southern,Hospitality,Furniture,4,16484.0,,
1004206,P00044142,M,36-45,45,1,Madhya Pradesh,Central,Hospitality,Furniture,2,16484.0,,
1005880,P00207942,F,26-35,34,1,Uttar Pradesh,Central,Media,Games & Toys,2,16484.0,,
1000566,P00125842,F,26-35,30,0,Bihar,Eastern,Banking,Games & Toys,1,16480.0,,
1005322,P00205942,F,36-45,44,1,Delhi,Central,Aviation,Footwear & Shoes,1,16479.0,,
1001285,P00348742,M,36-45,44,0,Delhi,Central,Govt,Footwear & Shoes,1,16478.0,,
1005085,P00288042,M,55+,68,0,AndhraÂ Pradesh,Southern,IT Sector,Footwear & Shoes,3,16475.0,,
1001087,P00103042,F,26-35,30,0,Delhi,Central,Hospitality,Footwear & Shoes,1,16475.0,,
1003929,P00154042,F,26-35,31,0,Delhi,Central,Healthcare,Footwear & Shoes,1,16475.0,,
1004466,P00113342,F,36-45,42,0,Karnataka,Southern,Lawyer,Footwear & Shoes,3,16475.0,,
1004016,P00324342,M,51-55,52,0,Uttar Pradesh,Central,Media,Footwear & Shoes,1,16475.0,,
1003730,P00352942,F,26-35,29,1,Bihar,Eastern,Aviation,Games & Toys,3,16472.0,,
1005100,P00100642,M,51-55,54,0,Delhi,Central,Chemical,Footwear & Shoes,1,16472.0,,
1003773,P00331042,F,36-45,39,0,AndhraÂ Pradesh,Southern,Lawyer,Games & Toys,4,16471.0,,
1004656,P00039742,F,26-35,35,0,Madhya Pradesh,Central,Govt,Footwear & Shoes,3,16471.0,,
1003650,P00003442,F,26-35,26,0,Uttar Pradesh,Central,IT Sector,Tupperware,1,16469.0,,
1003845,P00129642,F,26-35,33,1,Himachal Pradesh,Northern,Hospitality,Furniture,3,16466.0,,
1002429,P00183242,F,26-35,28,1,Delhi,Central,Banking,Footwear & Shoes,3,16461.0,,
1002889,P00220642,F,36-45,45,0,Karnataka,Southern,Govt,Footwear & Shoes,3,16461.0,,
1000137,P0099042,M,46-50,47,1,AndhraÂ Pradesh,Southern,Banking,Games & Toys,4,16460.0,,
1000102,P00071442,F,36-45,36,1,Uttar Pradesh,Central,Lawyer,Footwear & Shoes,3,16460.0,,
1005722,P00319042,F,26-35,31,0,Gujarat,Western,IT Sector,Games & Toys,4,16458.0,,
1001763,P00129642,F,36-45,44,0,Delhi,Central,Automobile,Footwear & Shoes,3,16456.0,,
1002910,P00100942,F,0-17,14,1,Haryana,Northern,Agriculture,Furniture,1,16456.0,,
1002039,P00111842,M,51-55,51,0,Haryana,Northern,Govt,Footwear & Shoes,1,16453.0,,
1002798,P00028842,F,36-45,45,0,Madhya Pradesh,Central,Food Processing,Footwear & Shoes,2,16452.0,,
1003491,P00122542,F,26-35,26,1,Delhi,Central,Banking,Footwear & Shoes,1,16451.0,,
1004220,P00265242,F,36-45,38,0,Delhi,Central,Retail,Footwear & Shoes,2,16451.0,,
1002273,P00261142,F,26-35,26,0,Delhi,Central,Chemical,Footwear & Shoes,2,16450.0,,
1002484,P00351242,F,46-50,46,1,Karnataka,Southern,Banking,Footwear & Shoes,2,16449.0,,
1003547,P00275742,F,36-45,41,0,Karnataka,Southern,Hospitality,Footwear & Shoes,4,16447.0,,
1004229,P00113442,F,36-45,40,1,Karnataka,Southern,Food Processing,Footwear & Shoes,4,16444.0,,
1003641,P00083442,M,26-35,27,0,Rajasthan,Northern,Healthcare,Footwear & Shoes,2,16444.0,,
1002518,P00117442,F,26-35,33,1,Uttar Pradesh,Central,Banking,Furniture,1,16444.0,,
1001765,P00262242,F,18-25,21,1,Bihar,Eastern,Aviation,Furniture,1,16443.0,,
1003393,P00121342,F,36-45,38,0,Karnataka,Southern,Banking,Footwear & Shoes,3,16443.0,,
1001451,P00119542,M,36-45,45,0,Karnataka,Southern,Food Processing,Footwear & Shoes,3,16441.0,,
1002788,P00025442,F,55+,81,1,Karnataka,Southern,Food Processing,Furniture,4,16438.0,,
1000157,P00112542,F,36-45,38,0,Gujarat,Western,Retail,Furniture,1,16435.0,,
1001820,P00182142,F,26-35,31,1,Kerala,Southern,Aviation,Tupperware,1,16435.0,,
1000651,P00266542,F,36-45,37,0,Haryana,Northern,Textile,Games & Toys,1,16427.0,,
1001369,P00243942,F,26-35,35,0,Uttar Pradesh,Central,Aviation,Footwear & Shoes,3,16426.0,,
1005361,P00177742,M,51-55,54,1,Haryana,Northern,Hospitality,Footwear & Shoes,3,16425.0,,
1003763,P00271742,F,26-35,28,1,Uttar Pradesh,Central,Banking,Games & Toys,3,16423.0,,
1003022,P00205942,F,26-35,29,0,Karnataka,Southern,Healthcare,Footwear & Shoes,2,16422.0,,
1003476,P00208742,F,51-55,51,0,Karnataka,Southern,Aviation,Footwear & Shoes,4,16419.0,,
1003683,P00117542,F,26-35,30,0,Kerala,Southern,Hospitality,Furniture,1,16418.0,,
1004112,P00282742,F,46-50,49,1,Madhya Pradesh,Central,Food Processing,Footwear & Shoes,1,16418.0,,
1000308,P00339542,F,26-35,30,0,Uttar Pradesh,Central,Hospitality,Furniture,4,16416.0,,
1000321,P00267542,F,18-25,21,0,Uttarakhand,Central,Automobile,Furniture,1,16416.0,,
1004502,P00003942,F,51-55,51,0,Uttar Pradesh,Central,IT Sector,Games & Toys,2,16415.0,,
1001902,P00004742,F,26-35,35,0,Karnataka,Southern,IT Sector,Footwear & Shoes,2,16413.0,,
1004718,P00251642,F,36-45,42,1,Uttar Pradesh,Central,Aviation,Footwear & Shoes,3,16412.0,,
1002462,P00110542,F,36-45,42,0,Gujarat,Western,IT Sector,Furniture,3,16409.0,,
1001188,P00201442,F,46-50,46,1,Karnataka,Southern,Banking,Footwear & Shoes,1,16409.0,,
1004739,P00230842,F,26-35,28,0,Maharashtra,Western,Media,Furniture,1,16408.0,,
1004581,P00232442,F,26-35,35,1,Delhi,Central,Retail,Footwear & Shoes,1,16407.0,,
1004837,P00319342,F,26-35,35,1,Delhi,Central,Lawyer,Footwear & Shoes,3,16407.0,,
1002529,P00018642,M,36-45,43,0,Madhya Pradesh,Central,Hospitality,Games & Toys,1,16405.0,,
1004271,P00113442,F,36-45,43,0,Madhya Pradesh,Central,Healthcare,Footwear & Shoes,2,16404.0,,
1001884,P00218542,F,46-50,49,0,Karnataka,Southern,Govt,Footwear & Shoes,1,16403.0,,
1001845,P00048442,F,26-35,33,0,Karnataka,Southern,IT Sector,Footwear & Shoes,2,16401.0,,
1001733,P00107042,F,18-25,25,0,Uttar Pradesh,Central,Construction,Furniture,2,16398.0,,
1004238,P00034742,F,36-45,40,1,Madhya Pradesh,Central,Aviation,Footwear & Shoes,2,16397.0,,
1002465,P00110942,F,51-55,52,1,Haryana,Northern,Media,Furniture,3,16396.0,,
1001139,P00158242,F,26-35,27,0,Karnataka,Southern,Aviation,Footwear & Shoes,3,16396.0,,
1003526,P00207342,M,36-45,37,0,Himachal Pradesh,Northern,IT Sector,Footwear & Shoes,1,16395.0,,
1005100,P00121442,M,51-55,51,0,Himachal Pradesh,Northern,Healthcare,Footwear & Shoes,3,16393.0,,
1004220,P00156142,F,36-45,40,1,Delhi,Central,IT Sector,Footwear & Shoes,2,16392.0,,
1004658,P00346842,M,26-35,26,1,AndhraÂ Pradesh,Southern,Food Processing,Footwear & Shoes,4,16391.0,,
1001457,P00362642,F,26-35,26,1,Delhi,Central,Govt,Footwear & Shoes,4,16390.0,,
1003081,P00275842,F,26-35,27,0,Uttar Pradesh,Central,Healthcare,Games & Toys,2,16390.0,,
1000339,P00103342,M,51-55,52,1,Uttar Pradesh,Central,IT Sector,Footwear & Shoes,2,16390.0,,
1005954,P00216742,F,46-50,48,1,Delhi,Central,Govt,Footwear & Shoes,4,16386.0,,
1004016,P00273742,M,51-55,53,0,Uttarakhand,Central,Healthcare,Footwear & Shoes,1,16386.0,,
1003182,P00307342,F,26-35,27,0,Haryana,Northern,Govt,Furniture,1,16385.0,,
1005112,P00266542,F,36-45,45,1,Maharashtra,Western,Govt,Games & Toys,1,16385.0,,
1003835,P00113542,F,26-35,30,1,Karnataka,Southern,Hospitality,Footwear & Shoes,1,16384.0,,
1002457,P00154042,F,26-35,32,1,Karnataka,Southern,Hospitality,Footwear & Shoes,1,16382.0,,
1000729,P00057942,F,36-45,43,0,Karnataka,Southern,Chemical,Footwear & Shoes,1,16382.0,,
1001544,P00211942,F,26-35,32,1,Karnataka,Southern,Banking,Footwear & Shoes,4,16380.0,,
1001284,P00298442,F,46-50,50,1,Karnataka,Southern,Aviation,Footwear & Shoes,3,16380.0,,
1005698,P00110842,F,36-45,43,0,Karnataka,Southern,Retail,Footwear & Shoes,4,16379.0,,
1003635,P00362842,M,51-55,55,0,Karnataka,Southern,Hospitality,Footwear & Shoes,4,16378.0,,
1001630,P00173042,F,46-50,47,0,Madhya Pradesh,Central,Banking,Footwear & Shoes,4,16377.0,,
1002969,P00279442,F,26-35,29,1,Uttar Pradesh,Central,Food Processing,Games & Toys,4,16377.0,,
1000308,P00072342,F,26-35,29,0,Gujarat,Western,IT Sector,Furniture,1,16376.0,,
1003738,P00362442,F,46-50,46,0,Gujarat,Western,Healthcare,Games & Toys,2,16376.0,,
1005994,P00274442,F,36-45,41,0,Delhi,Central,Healthcare,Footwear & Shoes,3,16375.0,,
1001343,P00111842,F,36-45,42,1,Delhi,Central,Banking,Footwear & Shoes,4,16375.0,,
1001010,P00035142,F,26-35,29,1,Karnataka,Southern,Retail,Footwear & Shoes,4,16375.0,,
1004013,P0094842,F,26-35,33,1,Delhi,Central,Chemical,Footwear & Shoes,1,16372.0,,
1003237,P00100742,M,36-45,44,1,Maharashtra,Western,Chemical,Footwear & Shoes,2,16369.0,,
1002240,P00345642,F,46-50,46,1,Bihar,Eastern,Chemical,Furniture,2,16367.0,,
1000188,P00106042,M,55+,64,1,Uttar Pradesh,Central,Media,Footwear & Shoes,4,16366.0,,
1003275,P00015242,F,36-45,42,0,Uttar Pradesh,Central,Construction,Tupperware,2,16365.0,,
1003437,P00120642,M,26-35,30,1,Maharashtra,Western,Healthcare,Furniture,2,16364.0,,
1005256,P00109742,F,26-35,26,0,Himachal Pradesh,Northern,Construction,Furniture,3,16363.0,,
1002875,P00113242,F,26-35,32,1,Rajasthan,Northern,Automobile,Furniture,1,16362.0,,
1005054,P00087042,F,36-45,41,1,Delhi,Central,Govt,Footwear & Shoes,3,16360.0,,
1001741,P00320742,F,36-45,45,1,Madhya Pradesh,Central,Chemical,Footwear & Shoes,2,16359.0,,
1002172,P00102242,F,18-25,20,0,Uttar Pradesh,Central,Banking,Footwear & Shoes,1,16357.0,,
1003621,P00117942,F,18-25,22,0,Uttar Pradesh,Central,Hospitality,Furniture,2,16357.0,,
1002478,P00174842,F,51-55,52,1,Karnataka,Southern,Banking,Footwear & Shoes,1,16355.0,,
1000543,P00304642,F,26-35,34,1,Delhi,Central,IT Sector,Footwear & Shoes,1,16354.0,,
1001312,P00025442,F,26-35,33,0,Karnataka,Southern,Aviation,Footwear & Shoes,3,16354.0,,
1001776,P00344942,F,26-35,34,1,Madhya Pradesh,Central,Govt,Footwear & Shoes,3,16354.0,,
1004058,P00155642,F,26-35,31,0,Maharashtra,Western,Aviation,Furniture,1,16353.0,,
1003031,P00010742,F,18-25,20,1,Uttar Pradesh,Central,Retail,Footwear & Shoes,3,16353.0,,
1000758,P00287242,F,36-45,39,0,Delhi,Central,Aviation,Footwear & Shoes,3,16351.0,,
1002378,P00065242,F,26-35,31,0,Bihar,Eastern,Construction,Furniture,2,16349.0,,
1002203,P00080042,F,46-50,48,1,Delhi,Central,Agriculture,Footwear & Shoes,4,16349.0,,
1004277,P00190142,M,36-45,38,0,Maharashtra,Western,Banking,Footwear & Shoes,2,16348.0,,
1000603,P00330442,M,26-35,34,0,Uttar Pradesh,Central,IT Sector,Games & Toys,1,16348.0,,
1002990,P00119742,F,36-45,42,1,Karnataka,Southern,Media,Footwear & Shoes,3,16346.0,,
1005978,P00298542,F,36-45,40,1,Madhya Pradesh,Central,Media,Footwear & Shoes,3,16345.0,,
1004287,P00050442,F,26-35,35,1,Maharashtra,Western,IT Sector,Furniture,3,16344.0,,
1001309,P00110842,F,26-35,34,1,Delhi,Central,Food Processing,Footwear & Shoes,1,16343.0,,
1001274,P00193842,F,46-50,46,0,Delhi,Central,IT Sector,Footwear & Shoes,2,16343.0,,
1001285,P00118242,M,36-45,41,1,Karnataka,Southern,Aviation,Footwear & Shoes,2,16340.0,,
1005588,P00125742,M,26-35,28,0,Uttar Pradesh,Central,Banking,Games & Toys,1,16337.0,,
1002157,P00289942,M,18-25,20,0,Karnataka,Southern,Healthcare,Games & Toys,3,16331.0,,
1001983,P00102642,F,26-35,35,0,Delhi,Central,Aviation,Footwear & Shoes,3,16329.0,,
1002913,P00119142,M,36-45,42,0,AndhraÂ Pradesh,Southern,Banking,Games & Toys,2,16325.0,,
1003401,P00153742,F,36-45,37,1,AndhraÂ Pradesh,Southern,Retail,Games & Toys,3,16324.0,,
1003995,P00041042,M,36-45,44,1,Uttar Pradesh,Central,Govt,Footwear & Shoes,3,16324.0,,
1004735,P00217442,F,46-50,46,0,Delhi,Central,Hospitality,Footwear & Shoes,1,16321.0,,
1004685,P00271742,F,36-45,43,0,Delhi,Central,Aviation,Footwear & Shoes,3,16319.0,,
1003768,P00084842,M,26-35,28,1,Himachal Pradesh,Northern,IT Sector,Footwear & Shoes,3,16318.0,,
1003842,P00279542,M,36-45,39,1,Maharashtra,Western,IT Sector,Tupperware,2,16317.0,,
1000466,P00286842,F,26-35,34,0,Maharashtra,Western,Media,Footwear & Shoes,3,16316.0,,
1002408,P00231242,M,46-50,46,0,Delhi,Central,Chemical,Games & Toys,4,16314.0,,
1000151,P00103342,M,26-35,28,0,Bihar,Eastern,Food Processing,Tupperware,4,16311.0,,
1000195,P00086442,F,26-35,29,0,Madhya Pradesh,Central,IT Sector,Games & Toys,1,16311.0,,
1004373,P00216742,F,51-55,53,0,Uttar Pradesh,Central,Healthcare,Furniture,2,16304.0,,
1003906,P00349942,M,51-55,53,1,Haryana,Northern,Automobile,Footwear & Shoes,3,16303.0,,
1005239,P00148642,F,36-45,36,1,Karnataka,Southern,IT Sector,Footwear & Shoes,4,16302.0,,
1005511,P00127742,F,46-50,50,1,Uttar Pradesh,Central,Aviation,Footwear & Shoes,2,16300.0,,
1004271,P00245642,F,36-45,43,1,Delhi,Central,Chemical,Footwear & Shoes,3,16298.0,,
1003220,P00341442,F,36-45,38,1,Uttar Pradesh,Central,Textile,Games & Toys,2,16297.0,,
1003620,P00248342,F,26-35,27,1,Delhi,Central,IT Sector,Footwear & Shoes,2,16294.0,,
1001851,P00225642,F,26-35,35,1,Himachal Pradesh,Northern,Govt,Games & Toys,3,16292.0,,
1003933,P00112542,M,36-45,45,0,Karnataka,Southern,Healthcare,Furniture,3,16292.0,,
1000765,P00329242,F,26-35,27,0,Uttar Pradesh,Central,Banking,Furniture,2,16290.0,,
1004227,P00250842,F,26-35,35,0,Maharashtra,Western,Automobile,Footwear & Shoes,4,16289.0,,
1001503,P00081142,F,26-35,30,1,Delhi,Central,Lawyer,Footwear & Shoes,1,16288.0,,
1001817,P00259342,F,36-45,38,0,Delhi,Central,Agriculture,Footwear & Shoes,2,16288.0,,
1003227,P00058042,M,26-35,35,0,Uttar Pradesh,Central,Lawyer,Games & Toys,2,16287.0,,
1001490,P00340342,M,51-55,54,1,Uttar Pradesh,Central,Banking,Furniture,2,16287.0,,
1004186,P00110842,F,26-35,29,0,Madhya Pradesh,Central,Retail,Furniture,4,16284.0,,
1004044,P00277642,M,36-45,42,0,Uttarakhand,Central,Banking,Games & Toys,2,16283.0,,
1003927,P00148642,M,26-35,30,1,Delhi,Central,Healthcare,Games & Toys,2,16282.0,,
1001456,P00294542,F,26-35,35,0,Maharashtra,Western,Automobile,Tupperware,3,16279.0,,
1002124,P00116142,F,26-35,29,0,Delhi,Central,Healthcare,Footwear & Shoes,1,16278.0,,
1002841,P00153742,F,51-55,54,0,Maharashtra,Western,Aviation,Footwear & Shoes,4,16277.0,,
1005627,P00111042,F,26-35,29,0,Uttar Pradesh,Central,IT Sector,Footwear & Shoes,1,16277.0,,
1003916,P00043642,F,26-35,26,0,Delhi,Central,Lawyer,Footwear & Shoes,2,16276.0,,
1001354,P00234742,M,26-35,28,0,Uttarakhand,Central,Healthcare,Footwear & Shoes,3,16274.0,,
1003182,P00074242,F,26-35,28,0,Delhi,Central,Textile,Footwear & Shoes,2,16271.0,,
1000197,P00025942,F,18-25,21,0,Uttarakhand,Central,Govt,Furniture,4,16271.0,,
1005729,P00246742,F,18-25,19,0,Karnataka,Southern,IT Sector,Footwear & Shoes,3,16270.0,,
1003717,P00025442,F,36-45,39,1,Delhi,Central,IT Sector,Footwear & Shoes,3,16268.0,,
1005981,P00015642,F,36-45,44,0,Madhya Pradesh,Central,Food Processing,Footwear & Shoes,2,16268.0,,
1001899,P00103342,M,46-50,48,1,Delhi,Central,IT Sector,Games & Toys,1,16267.0,,
1000148,P00352542,M,51-55,54,0,Himachal Pradesh,Northern,Banking,Footwear & Shoes,2,16266.0,,
1002092,P00288942,M,55+,75,0,Bihar,Eastern,Lawyer,Footwear & Shoes,3,16264.0,,
1001023,P00355942,F,55+,82,0,Haryana,Northern,IT Sector,Games & Toys,2,16257.0,,
1001100,P00270842,F,26-35,29,0,Karnataka,Southern,Retail,Games & Toys,1,16257.0,,
1003227,P00013742,M,26-35,30,0,Gujarat,Western,IT Sector,Games & Toys,4,16255.0,,
1000865,P00147942,F,36-45,42,0,Kerala,Southern,Chemical,Furniture,3,16251.0,,
1004404,P00125842,F,26-35,29,1,AndhraÂ Pradesh,Southern,Healthcare,Games & Toys,2,16245.0,,
1002304,P00127742,F,46-50,48,0,Delhi,Central,Banking,Footwear & Shoes,4,16245.0,,
1000822,P00058142,M,26-35,34,1,Himachal Pradesh,Northern,Automobile,Games & Toys,2,16244.0,,
1002166,P0095742,M,0-17,14,0,Maharashtra,Western,Banking,Furniture,4,16244.0,,
1001496,P00226442,F,26-35,26,1,Delhi,Central,Govt,Footwear & Shoes,2,16242.0,,
1004538,P00115842,F,26-35,30,0,Karnataka,Southern,Govt,Games & Toys,2,16241.0,,
1003412,P00350942,F,26-35,28,1,Delhi,Central,Textile,Footwear & Shoes,1,16240.0,,
1001407,P00219942,M,36-45,41,1,Uttarakhand,Central,Hospitality,Games & Toys,4,16239.0,,
1004980,P00024042,F,26-35,28,1,Karnataka,Southern,Construction,Games & Toys,4,16236.0,,
1003576,P00221942,F,51-55,53,1,Uttar Pradesh,Central,Banking,Footwear & Shoes,3,16236.0,,
1005636,P00141942,F,26-35,31,0,Delhi,Central,Lawyer,Footwear & Shoes,4,16230.0,,
1004824,P00135642,F,26-35,26,0,Madhya Pradesh,Central,Aviation,Footwear & Shoes,4,16227.0,,
1001505,P00271942,F,51-55,55,1,Karnataka,Southern,Healthcare,Footwear & Shoes,1,16225.0,,
1001666,P00057742,F,26-35,31,1,Delhi,Central,Hospitality,Footwear & Shoes,2,16224.0,,
1005902,P00273942,M,51-55,52,0,Delhi,Central,Govt,Footwear & Shoes,4,16224.0,,
1002023,P00190142,F,18-25,18,1,Madhya Pradesh,Central,Govt,Games & Toys,2,16222.0,,
1003201,P00218342,F,46-50,46,1,Delhi,Central,Hospitality,Footwear & Shoes,2,16221.0,,
1001176,P00111542,M,55+,58,1,Bihar,Eastern,Retail,Footwear & Shoes,1,16220.0,,
1000044,P00323942,M,46-50,50,1,Karnataka,Southern,Media,Footwear & Shoes,4,16219.0,,
1005771,P00117942,F,26-35,35,1,Maharashtra,Western,Automobile,Games & Toys,4,16219.0,,
1001501,P00074442,F,26-35,35,0,Bihar,Eastern,Aviation,Furniture,4,16217.0,,
1004471,P00159442,F,26-35,32,1,Delhi,Central,Healthcare,Footwear & Shoes,4,16216.0,,
1003432,P00193142,F,26-35,30,0,Uttar Pradesh,Central,IT Sector,Footwear & Shoes,4,16216.0,,
1000024,P00032042,M,26-35,32,0,Haryana,Northern,Textile,Games & Toys,4,16215.0,,
1005475,P00110842,F,26-35,28,0,Uttar Pradesh,Central,Healthcare,Footwear & Shoes,2,16214.0,,
1005680,P00085242,M,51-55,55,0,Bihar,Eastern,Retail,Footwear & Shoes,3,16213.0,,
1004167,P00253242,F,26-35,30,1,Delhi,Central,Lawyer,Footwear & Shoes,2,16213.0,,
1002018,P00245342,M,36-45,36,0,Maharashtra,Western,IT Sector,Footwear & Shoes,3,16211.0,,
1000749,P00111242,F,36-45,41,0,Delhi,Central,Healthcare,Footwear & Shoes,1,16209.0,,
1004324,P00183142,F,26-35,30,0,Kerala,Southern,Govt,Furniture,4,16209.0,,
1001495,P00075642,F,18-25,23,1,Uttar Pradesh,Central,IT Sector,Footwear & Shoes,2,16209.0,,
1003601,P00057742,M,36-45,36,1,Karnataka,Southern,IT Sector,Footwear & Shoes,1,16208.0,,
1000102,P00001042,F,36-45,39,0,Delhi,Central,Hospitality,Footwear & Shoes,3,16204.0,,
1003567,P00114942,F,26-35,35,0,Maharashtra,Western,Healthcare,Furniture,4,16201.0,,
1005153,P00006142,F,26-35,26,1,Delhi,Central,IT Sector,Footwear & Shoes,3,16200.0,,
1000352,P00304942,F,18-25,22,0,Himachal Pradesh,Northern,Aviation,Games & Toys,3,16199.0,,
1002762,P00183442,F,51-55,51,1,Uttar Pradesh,Central,Banking,Games & Toys,3,16197.0,,
1005367,P0094942,F,18-25,20,0,Gujarat,Western,Healthcare,Games & Toys,1,16195.0,,
1003243,P00208742,F,26-35,30,1,Delhi,Central,Hospitality,Footwear & Shoes,2,16194.0,,
1004116,P00346142,F,36-45,44,0,Maharashtra,Western,IT Sector,Footwear & Shoes,2,16194.0,,
1005838,P00268742,M,46-50,50,1,Madhya Pradesh,Central,Govt,Furniture,2,16190.0,,
1001861,P00256042,M,51-55,53,0,AndhraÂ Pradesh,Southern,Banking,Footwear & Shoes,1,16189.0,,
1003547,P00213942,F,36-45,41,1,Uttar Pradesh,Central,Aviation,Footwear & Shoes,1,16187.0,,
1001884,P00273442,F,46-50,46,1,Karnataka,Southern,Lawyer,Footwear & Shoes,2,16185.0,,
1001321,P00292342,M,26-35,27,1,Rajasthan,Northern,Hospitality,Furniture,1,16185.0,,
1002041,P00034042,M,26-35,30,0,Madhya Pradesh,Central,Healthcare,Games & Toys,2,16181.0,,
1000536,P00118742,F,26-35,28,0,Maharashtra,Western,Construction,Games & Toys,1,16181.0,,
1001298,P00147742,F,36-45,37,0,Himachal Pradesh,Northern,Hospitality,Games & Toys,2,16179.0,,
1001687,P00068142,F,26-35,34,0,Maharashtra,Western,Construction,Furniture,2,16179.0,,
1004837,P00195442,F,26-35,34,1,Himachal Pradesh,Northern,Hospitality,Games & Toys,1,16178.0,,
1002380,P00002542,F,26-35,31,0,Karnataka,Southern,Food Processing,Footwear & Shoes,4,16178.0,,
1000332,P00045542,F,51-55,51,1,Uttar Pradesh,Central,Aviation,Furniture,1,16178.0,,
1005792,P00049542,F,26-35,27,0,Madhya Pradesh,Central,IT Sector,Footwear & Shoes,3,16176.0,,
1002472,P00344542,F,26-35,35,1,Maharashtra,Western,Banking,Furniture,1,16176.0,,
1002857,P00269542,F,26-35,33,0,Uttar Pradesh,Central,Media,Footwear & Shoes,4,16176.0,,
1003118,P00221042,F,26-35,35,0,Madhya Pradesh,Central,Govt,Footwear & Shoes,1,16175.0,,
1000042,P00244042,F,26-35,35,0,Uttar Pradesh,Central,IT Sector,Furniture,4,16175.0,,
1003005,P00112542,F,26-35,34,0,AndhraÂ Pradesh,Southern,Healthcare,Games & Toys,4,16174.0,,
1002899,P00106042,M,36-45,43,1,Karnataka,Southern,IT Sector,Footwear & Shoes,1,16170.0,,
1002628,P00028442,M,26-35,35,0,Madhya Pradesh,Central,Construction,Furniture,4,16170.0,,
1001502,P00328142,F,18-25,25,1,Himachal Pradesh,Northern,Aviation,Games & Toys,3,16165.0,,
1002688,P00171542,F,26-35,33,1,Karnataka,Southern,Lawyer,Footwear & Shoes,2,16165.0,,
1003737,P00208742,F,26-35,28,0,Uttar Pradesh,Central,Healthcare,Furniture,1,16165.0,,
1000724,P00070342,F,51-55,55,0,Uttar Pradesh,Central,IT Sector,Footwear & Shoes,4,16165.0,,
1002786,P00117242,F,26-35,31,0,Uttar Pradesh,Central,Banking,Furniture,1,16163.0,,
1003272,P00075742,F,36-45,42,0,Delhi,Central,Textile,Footwear & Shoes,3,16162.0,,
1003622,P00117542,F,18-25,25,0,Uttar Pradesh,Central,IT Sector,Furniture,1,16162.0,,
1001680,P00199742,M,26-35,26,0,Karnataka,Southern,Healthcare,Footwear & Shoes,1,16159.0,,
1002665,P00035542,F,36-45,37,0,Karnataka,Southern,Govt,Footwear & Shoes,3,16157.0,,
1000749,P00149342,F,36-45,42,1,Delhi,Central,Lawyer,Footwear & Shoes,1,16156.0,,
1003416,P00057742,F,26-35,26,0,Karnataka,Southern,Retail,Footwear & Shoes,2,16156.0,,
1001434,P00265242,F,0-17,12,0,Himachal Pradesh,Northern,Textile,Games & Toys,2,16149.0,,
1001179,P00219242,F,51-55,55,0,Delhi,Central,Automobile,Footwear & Shoes,2,16148.0,,
1005390,P00113342,F,0-17,13,0,Kerala,Southern,Hospitality,Furniture,1,16148.0,,
1000922,P00179342,M,55+,70,1,Himachal Pradesh,Northern,Media,Footwear & Shoes,2,16143.0,,
1005470,P00059442,M,55+,62,1,Jharkhand,Eastern,Banking,Footwear & Shoes,2,16143.0,,
1004310,P00270242,F,26-35,31,1,Karnataka,Southern,IT Sector,Footwear & Shoes,4,16143.0,,
1002731,P00266042,M,36-45,44,0,Karnataka,Southern,Textile,Footwear & Shoes,2,16143.0,,
1005535,P00274342,F,26-35,26,0,Delhi,Central,Healthcare,Footwear & Shoes,1,16142.0,,
1001679,P00046742,F,26-35,31,0,Uttar Pradesh,Central,Retail,Footwear & Shoes,1,16142.0,,
1004269,P00193042,F,36-45,40,1,AndhraÂ Pradesh,Southern,Aviation,Games & Toys,3,16140.0,,
1002701,P00015842,F,46-50,49,1,Madhya Pradesh,Central,IT Sector,Footwear & Shoes,4,16139.0,,
1003526,P00211242,F,36-45,44,1,Delhi,Central,Aviation,Footwear & Shoes,3,16138.0,,
1001985,P00182142,F,46-50,48,1,Karnataka,Southern,IT Sector,Footwear & Shoes,2,16134.0,,
1003471,P0095642,F,18-25,20,1,Karnataka,Southern,Healthcare,Games & Toys,3,16133.0,,
1002934,P00177642,M,36-45,38,1,Maharashtra,Western,Media,Games & Toys,3,16133.0,,
1003079,P00271242,M,26-35,35,0,AndhraÂ Pradesh,Southern,Aviation,Games & Toys,2,16132.0,,
1002261,P00051642,F,26-35,35,0,Maharashtra,Western,IT Sector,Games & Toys,1,16131.0,,
1001503,P00182742,F,26-35,33,1,AndhraÂ Pradesh,Southern,Chemical,Furniture,2,16125.0,,
1003641,P00110342,F,26-35,34,1,Uttar Pradesh,Central,Lawyer,Furniture,1,16124.0,,
1000134,P00051142,F,26-35,30,0,Maharashtra,Western,Retail,Games & Toys,2,16116.0,,
1002004,P00053342,F,46-50,46,1,Karnataka,Southern,Aviation,Games & Toys,3,16107.0,,
1003161,P00121642,F,26-35,31,0,Maharashtra,Western,Media,Games & Toys,4,16105.0,,
1002419,P00163842,F,26-35,27,1,Jharkhand,Eastern,Automobile,Furniture,4,16103.0,,
1005747,P00049642,F,26-35,32,1,Uttarakhand,Central,IT Sector,Furniture,2,16103.0,,
1005250,P00129342,F,51-55,55,0,Himachal Pradesh,Northern,Banking,Games & Toys,2,16102.0,,
1004663,P00115542,M,26-35,32,1,Maharashtra,Western,Media,Furniture,4,16101.0,,
1004009,P00029242,F,18-25,24,0,Uttar Pradesh,Central,Banking,Games & Toys,3,16096.0,,
1005200,P00084842,M,36-45,45,0,AndhraÂ Pradesh,Southern,Aviation,Furniture,3,16092.0,,
1003121,P00179442,F,26-35,28,0,Madhya Pradesh,Central,Banking,Games & Toys,3,16092.0,,
1005458,P00293342,M,18-25,22,1,Delhi,Central,Agriculture,Games & Toys,2,16081.0,,
1000850,P00296642,F,36-45,44,0,Karnataka,Southern,Aviation,Games & Toys,3,16081.0,,
1005604,P00128242,F,36-45,41,0,Uttarakhand,Central,Textile,Furniture,3,16080.0,,
1000261,P00302042,M,26-35,34,0,Kerala,Southern,Automobile,Furniture,1,16078.0,,
1004302,P00059442,F,51-55,55,0,Uttar Pradesh,Central,Textile,Games & Toys,2,16078.0,,
1003014,P00334642,F,36-45,40,0,AndhraÂ Pradesh,Southern,Banking,Furniture,2,16076.0,,
1003458,P00237042,F,46-50,48,0,Haryana,Northern,Retail,Games & Toys,1,16061.0,,
1003118,P00088442,F,26-35,29,0,Uttarakhand,Central,Retail,Furniture,3,16054.0,,
1005271,P00121342,M,26-35,30,1,Madhya Pradesh,Central,Automobile,Furniture,1,16051.0,,
1002079,P00138442,F,0-17,15,0,Bihar,Eastern,Media,Furniture,3,16042.0,,
1003735,P00259342,M,26-35,29,1,Himachal Pradesh,Northern,Automobile,Games & Toys,1,16034.0,,
1005749,P00032542,F,26-35,26,0,Uttar Pradesh,Central,Retail,Games & Toys,4,16033.0,,
1001059,P00119742,M,26-35,29,0,Rajasthan,Northern,Media,Furniture,2,16032.0,,
1004705,P00000742,M,18-25,23,0,Uttar Pradesh,Central,Aviation,Furniture,3,16029.0,,
1000281,P00220342,M,36-45,41,1,Madhya Pradesh,Central,Lawyer,Furniture,4,16026.0,,
1000566,P00216742,F,26-35,35,1,Uttar Pradesh,Central,Lawyer,Games & Toys,4,16010.0,,
1002015,P00158042,F,18-25,21,1,AndhraÂ Pradesh,Southern,Healthcare,Games & Toys,4,16002.0,,
1001605,P00080342,M,18-25,19,0,AndhraÂ Pradesh,Southern,Lawyer,Games & Toys,1,15996.0,,
1001246,P00144342,F,18-25,20,0,Karnataka,Southern,Chemical,Furniture,2,15996.0,,
1005515,P00239842,F,18-25,23,0,Madhya Pradesh,Central,Banking,Furniture,1,15994.0,,
1000855,P00163642,M,18-25,22,0,Uttar Pradesh,Central,IT Sector,Furniture,3,15993.0,,
1004897,P00313842,F,36-45,36,0,AndhraÂ Pradesh,Southern,Aviation,Furniture,3,15992.0,,
1003641,P00309142,F,26-35,34,0,Uttar Pradesh,Central,Automobile,Furniture,2,15992.0,,
1003679,P00352142,F,26-35,28,1,Madhya Pradesh,Central,Healthcare,Furniture,4,15980.0,,
1001006,P00080342,F,18-25,18,1,Karnataka,Southern,Agriculture,Furniture,4,15966.0,,
1002860,P00348942,F,36-45,36,0,Haryana,Northern,Aviation,Furniture,3,15952.0,,
1002522,P00192542,F,18-25,18,0,Madhya Pradesh,Central,IT Sector,Furniture,4,15952.0,,
1001503,P00324742,F,26-35,33,1,Himachal Pradesh,Northern,Food Processing,Furniture,3,15951.0,,
1003361,P00143342,F,26-35,32,0,Jharkhand,Eastern,IT Sector,Games & Toys,1,15949.0,,
1003082,P00163442,M,36-45,36,0,Madhya Pradesh,Central,Healthcare,Furniture,1,15949.0,,
1001645,P00249142,M,18-25,23,1,Uttar Pradesh,Central,Automobile,Furniture,2,15945.0,,
1003436,P00224242,M,36-45,37,1,Uttarakhand,Central,Govt,Furniture,3,15944.0,,
1003834,P00223742,F,18-25,22,1,Haryana,Northern,Retail,Furniture,4,15936.0,,
1000854,P00146442,M,26-35,34,0,Himachal Pradesh,Northern,Healthcare,Furniture,3,15934.0,,
1002026,P00087842,F,51-55,54,0,Uttar Pradesh,Central,Aviation,Games & Toys,4,15930.0,,
1004425,P00071442,F,36-45,39,0,Karnataka,Southern,Chemical,Games & Toys,2,15925.0,,
1000854,P00207742,M,26-35,31,1,Karnataka,Southern,Retail,Furniture,4,15924.0,,
1003471,P00205842,F,18-25,18,0,Maharashtra,Western,Retail,Furniture,2,15918.0,,
1000411,P00266542,M,46-50,47,0,Maharashtra,Western,Media,Food,2,15918.0,,
1002129,P00290042,F,26-35,29,1,Uttar Pradesh,Central,Lawyer,Food,4,15918.0,,
1000965,P00265242,F,55+,81,1,Madhya Pradesh,Central,IT Sector,Food,3,15917.0,,
1000922,P00304642,F,55+,90,0,AndhraÂ Pradesh,Southern,Healthcare,Food,4,15916.0,,
1003594,P00102642,M,0-17,15,1,Haryana,Northern,Aviation,Food,1,15916.0,,
1004345,P00004642,M,26-35,34,0,Maharashtra,Western,Lawyer,Food,2,15916.0,,
1000146,P00120242,M,36-45,38,1,Maharashtra,Western,Hospitality,Food,2,15916.0,,
1003067,P00067442,M,26-35,29,0,Uttar Pradesh,Central,Hospitality,Games & Toys,1,15915.0,,
1002824,P00050742,F,18-25,23,1,Karnataka,Southern,Chemical,Food,4,15914.0,,
1001019,P00054042,F,36-45,41,0,Madhya Pradesh,Central,Automobile,Food,3,15914.0,,
1005523,P00121642,F,36-45,40,0,Uttar Pradesh,Central,IT Sector,Food,1,15914.0,,
1003410,P00233642,F,36-45,41,1,Maharashtra,Western,Healthcare,Food,1,15912.0,,
1000813,P00131342,F,18-25,25,1,Uttar Pradesh,Central,Banking,Food,1,15912.0,,
1004637,P00255842,M,36-45,39,0,Punjab,Northern,Healthcare,Food,1,15911.0,,
1004354,P00249542,F,36-45,42,1,Karnataka,Southern,Textile,Food,1,15909.0,,
1003138,P00185442,F,36-45,40,0,Madhya Pradesh,Central,Govt,Food,2,15909.0,,
1003026,P00159442,M,18-25,24,1,Kerala,Southern,Aviation,Food,2,15907.0,,
1000727,P00212942,F,36-45,45,1,Delhi,Central,Chemical,Food,4,15906.0,,
1004099,P00110942,F,36-45,39,1,Maharashtra,Western,IT Sector,Games & Toys,4,15906.0,,
1002435,P00160942,F,26-35,33,0,Gujarat,Western,Lawyer,Food,2,15905.0,,
1004389,P00145042,F,26-35,30,1,Maharashtra,Western,Healthcare,Food,1,15905.0,,
1001392,P00285442,F,46-50,50,0,Madhya Pradesh,Central,Aviation,Food,4,15904.0,,
1000939,P00064042,M,26-35,26,0,AndhraÂ Pradesh,Southern,Healthcare,Food,1,15903.0,,
1004507,P00112442,F,18-25,23,1,Delhi,Central,Aviation,Food,4,15903.0,,
1001983,P00339942,F,26-35,27,0,Uttar Pradesh,Central,Banking,Food,1,15903.0,,
1001605,P00113542,M,18-25,22,0,Uttar Pradesh,Central,Retail,Food,1,15902.0,,
1005139,P00340942,F,51-55,51,1,Uttar Pradesh,Central,Govt,Food,4,15902.0,,
1000229,P00330442,M,18-25,21,0,Bihar,Eastern,Retail,Food,1,15899.0,,
1002967,P00110542,F,26-35,30,0,Delhi,Central,Govt,Food,2,15898.0,,
1004620,P00248742,M,18-25,23,0,Himachal Pradesh,Northern,Banking,Food,3,15896.0,,
1003624,P00086342,F,26-35,29,0,Uttar Pradesh,Central,Banking,Food,3,15896.0,,
1002921,P0097342,F,51-55,52,0,Uttar Pradesh,Central,Textile,Food,4,15894.0,,
1000239,P00102342,F,18-25,23,0,Uttar Pradesh,Central,Govt,Food,1,15893.0,,
1004248,P00073842,F,26-35,31,1,Haryana,Northern,Aviation,Food,4,15892.0,,
1003895,P00033042,M,36-45,42,1,Karnataka,Southern,IT Sector,Food,2,15892.0,,
1003394,P00106042,F,36-45,39,1,Madhya Pradesh,Central,IT Sector,Food,4,15892.0,,
1001920,P00270942,M,36-45,43,1,Karnataka,Southern,Healthcare,Food,4,15889.0,,
1004732,P00344042,F,26-35,34,0,Uttar Pradesh,Central,Govt,Food,3,15889.0,,
1001680,P00179342,M,26-35,26,1,Uttar Pradesh,Central,Media,Food,4,15888.0,,
1005538,P00086142,F,46-50,48,0,Uttar Pradesh,Central,Healthcare,Food,4,15887.0,,
1003454,P00074642,F,18-25,24,1,Madhya Pradesh,Central,IT Sector,Food,2,15886.0,,
1003778,P00265442,F,26-35,26,1,Uttar Pradesh,Central,Healthcare,Food,1,15884.0,,
1005511,P00241542,F,46-50,47,1,Karnataka,Southern,IT Sector,Food,2,15883.0,,
1003808,P00259942,F,26-35,27,0,Maharashtra,Western,Retail,Food,4,15883.0,,
1004819,P00005642,F,36-45,44,1,Uttar Pradesh,Central,Agriculture,Food,4,15883.0,,
1001384,P00237542,F,18-25,19,0,Delhi,Central,Govt,Food,4,15882.0,,
1004238,P00289342,F,36-45,39,0,Uttar Pradesh,Central,Chemical,Games & Toys,4,15882.0,,
1004705,P00260042,M,18-25,22,1,Rajasthan,Northern,Govt,Food,3,15880.0,,
1000866,P00035542,F,0-17,12,0,Uttar Pradesh,Central,Healthcare,Food,4,15880.0,,
1000352,P00205142,F,18-25,21,0,Karnataka,Southern,Automobile,Food,3,15877.0,,
1003554,P00245642,F,26-35,31,0,Uttar Pradesh,Central,Aviation,Food,3,15877.0,,
1003487,P00357042,F,18-25,23,0,AndhraÂ Pradesh,Southern,Healthcare,Food,3,15876.0,,
1002700,P00015942,F,26-35,30,1,Himachal Pradesh,Northern,Chemical,Food,1,15876.0,,
1001737,P00217942,F,36-45,36,1,Uttar Pradesh,Central,Healthcare,Food,3,15876.0,,
1002987,P00358242,F,18-25,24,0,Bihar,Eastern,Media,Food,1,15874.0,,
1003664,P00026642,M,36-45,44,1,Maharashtra,Western,IT Sector,Food,3,15874.0,,
1001242,P00025742,M,36-45,45,0,Maharashtra,Western,Lawyer,Food,3,15873.0,,
1004531,P00071442,F,18-25,23,1,Karnataka,Southern,IT Sector,Food,3,15872.0,,
1000245,P00088442,F,36-45,38,1,Uttar Pradesh,Central,Banking,Food,2,15871.0,,
1002030,P00113042,F,26-35,31,1,Karnataka,Southern,IT Sector,Food,4,15870.0,,
1004600,P00132842,F,26-35,31,0,Gujarat,Western,Media,Food,2,15869.0,,
1003138,P00276142,F,36-45,39,1,Gujarat,Western,Agriculture,Food,2,15868.0,,
1000579,P00178942,F,26-35,28,0,Maharashtra,Western,Aviation,Food,4,15868.0,,
1002979,P00114042,F,36-45,42,0,Maharashtra,Western,Aviation,Food,2,15867.0,,
1004058,P00302942,F,26-35,33,0,Gujarat,Western,Aviation,Food,2,15866.0,,
1001606,P00142842,M,36-45,39,1,Telangana,Southern,Govt,Food,2,15865.0,,
1005403,P00219942,M,0-17,15,0,Maharashtra,Western,Healthcare,Food,1,15864.0,,
1001680,P00122942,M,26-35,26,0,Maharashtra,Western,Govt,Food,3,15863.0,,
1003509,P00017042,F,18-25,23,0,Delhi,Central,Textile,Food,3,15860.0,,
1002205,P00319342,M,26-35,35,0,Gujarat,Western,Govt,Food,4,15860.0,,
1002848,P00192042,F,26-35,31,0,Maharashtra,Western,Textile,Food,3,15859.0,,
1005915,P00263542,F,18-25,21,0,Maharashtra,Western,Lawyer,Food,4,15858.0,,
1000588,P00176742,M,26-35,31,0,Jharkhand,Eastern,Automobile,Food,2,15856.0,,
1001988,P00192042,M,26-35,32,0,Maharashtra,Western,Agriculture,Food,3,15853.0,,
1003929,P00246642,F,26-35,31,0,Karnataka,Southern,Aviation,Food,1,15851.0,,
1000216,P00115542,F,46-50,50,0,Madhya Pradesh,Central,Govt,Food,4,15851.0,,
1004802,P00114542,F,55+,77,0,Karnataka,Southern,Aviation,Food,1,15850.0,,
1001681,P00275842,M,18-25,21,1,Madhya Pradesh,Central,Aviation,Food,2,15849.0,,
1005653,P00285842,M,51-55,53,0,Maharashtra,Western,Aviation,Food,4,15849.0,,
1000824,P00233042,F,36-45,39,0,Karnataka,Southern,Healthcare,Food,4,15848.0,,
1004448,P00000642,F,26-35,35,0,Uttar Pradesh,Central,Healthcare,Food,4,15848.0,,
1000533,P00157642,F,26-35,32,1,Uttar Pradesh,Central,Aviation,Food,4,15846.0,,
1004543,P00025942,F,26-35,29,1,Delhi,Central,Hospitality,Food,4,15845.0,,
1002889,P00178242,F,36-45,37,0,Bihar,Eastern,IT Sector,Food,3,15844.0,,
1002271,P00088742,F,51-55,53,1,Delhi,Central,IT Sector,Food,4,15844.0,,
1004033,P00292642,F,26-35,32,0,Rajasthan,Northern,Healthcare,Food,1,15843.0,,
1005206,P00154242,F,36-45,45,0,Maharashtra,Western,Lawyer,Food,2,15840.0,,
1000024,P00251942,M,26-35,31,0,Madhya Pradesh,Central,Aviation,Food,1,15838.0,,
1003754,P00121642,F,55+,87,0,Maharashtra,Western,Chemical,Food,4,15836.0,,
1003526,P00349442,F,36-45,38,0,AndhraÂ Pradesh,Southern,Aviation,Food,3,15833.0,,
1001125,P00061142,M,18-25,21,0,Karnataka,Southern,Construction,Food,1,15833.0,,
1000518,P00251242,M,36-45,40,0,Karnataka,Southern,Govt,Food,3,15833.0,,
1003267,P00003442,F,26-35,27,0,AndhraÂ Pradesh,Southern,Govt,Food,4,15831.0,,
1002731,P00100842,F,36-45,44,1,Maharashtra,Western,Lawyer,Food,1,15831.0,,
1004131,P00246942,F,46-50,48,0,Gujarat,Western,Banking,Food,1,15830.0,,
1003469,P00343042,F,46-50,47,0,Maharashtra,Western,Govt,Food,3,15830.0,,
1004053,P00274042,M,26-35,35,0,Karnataka,Southern,Banking,Food,3,15829.0,,
1001721,P00190242,F,18-25,18,0,Uttar Pradesh,Central,Food Processing,Food,3,15829.0,,
1005954,P00034642,F,46-50,50,0,Delhi,Central,Healthcare,Food,2,15826.0,,
1005880,P00125942,F,26-35,32,1,Karnataka,Southern,Media,Food,4,15826.0,,
1005187,P00174242,F,18-25,23,1,Madhya Pradesh,Central,Govt,Food,2,15826.0,,
1004663,P0097842,F,26-35,28,0,AndhraÂ Pradesh,Southern,IT Sector,Food,1,15825.0,,
1003033,P00113242,F,18-25,24,0,Uttar Pradesh,Central,IT Sector,Food,1,15825.0,,
1001502,P00229742,F,18-25,25,0,Delhi,Central,Healthcare,Food,2,15824.0,,
1000391,P00202142,F,46-50,48,1,AndhraÂ Pradesh,Southern,Healthcare,Food,4,15823.0,,
1000611,P00319342,F,36-45,39,0,Karnataka,Southern,Chemical,Food,1,15822.0,,
1005068,P00319342,F,36-45,41,0,AndhraÂ Pradesh,Southern,Agriculture,Food,1,15820.0,,
1002059,P00193042,F,36-45,36,0,Telangana,Southern,IT Sector,Food,2,15818.0,,
1004896,P00327942,F,36-45,41,1,Karnataka,Southern,Lawyer,Food,1,15815.0,,
1001172,P00214842,M,26-35,30,1,Delhi,Central,Govt,Food,3,15812.0,,
1003017,P00086042,M,36-45,42,0,Delhi,Central,Agriculture,Food,3,15812.0,,
1000549,P00029542,F,26-35,28,0,Uttar Pradesh,Central,Retail,Food,2,15812.0,,
1004637,P00022542,M,36-45,36,1,Himachal Pradesh,Northern,Automobile,Food,3,15810.0,,
1000287,P00058042,F,51-55,51,1,Madhya Pradesh,Central,Retail,Food,3,15808.0,,
1002561,P00117442,F,26-35,35,0,Maharashtra,Western,Healthcare,Food,2,15807.0,,
1005575,P00173942,F,36-45,41,1,Bihar,Eastern,Banking,Food,3,15806.0,,
1004510,P00270942,F,46-50,47,1,Madhya Pradesh,Central,Retail,Food,1,15806.0,,
1001794,P00135142,F,26-35,31,0,Uttar Pradesh,Central,Construction,Food,1,15806.0,,
1001807,P00101942,F,18-25,23,0,Delhi,Central,Aviation,Food,1,15803.0,,
1000186,P00249542,F,18-25,23,1,Maharashtra,Western,Healthcare,Food,4,15803.0,,
1005433,P00250342,M,36-45,36,0,Rajasthan,Northern,Textile,Food,2,15802.0,,
1001072,P00270242,M,36-45,36,1,AndhraÂ Pradesh,Southern,Lawyer,Food,1,15801.0,,
1003693,P00198642,F,26-35,30,0,Karnataka,Southern,IT Sector,Food,2,15800.0,,
1005104,P00295942,F,36-45,39,0,Uttar Pradesh,Central,IT Sector,Food,4,15800.0,,
1004156,P00286742,F,55+,91,0,Maharashtra,Western,IT Sector,Food,4,15799.0,,
1001557,P00326742,M,18-25,22,1,Kerala,Southern,Govt,Food,1,15798.0,,
1000326,P0097142,M,51-55,51,0,Bihar,Eastern,Automobile,Food,2,15796.0,,
1004562,P00036342,F,36-45,40,1,Delhi,Central,IT Sector,Food,4,15796.0,,
1000036,P00250242,F,26-35,29,0,Haryana,Northern,IT Sector,Food,2,15795.0,,
1005682,P00256542,M,18-25,25,1,Uttar Pradesh,Central,Chemical,Food,4,15795.0,,
1005283,P00270842,F,18-25,25,1,Uttar Pradesh,Central,Aviation,Food,1,15795.0,,
1005077,P00214442,F,26-35,35,1,Delhi,Central,Retail,Food,4,15792.0,,
1003341,P00302342,F,26-35,27,0,Uttar Pradesh,Central,Aviation,Food,2,15792.0,,
1000065,P00174442,F,36-45,41,0,Uttar Pradesh,Central,Construction,Food,3,15792.0,,
1005020,P00227942,M,55+,56,0,AndhraÂ Pradesh,Southern,Retail,Food,2,15791.0,,
1005300,P00258942,F,26-35,30,0,Uttar Pradesh,Central,Banking,Food,1,15791.0,,
1000198,P00244142,F,26-35,32,1,Bihar,Eastern,Automobile,Food,4,15790.0,,
1006002,P00313442,F,51-55,51,0,Maharashtra,Western,IT Sector,Food,4,15790.0,,
1002063,P00365142,F,26-35,29,0,Uttar Pradesh,Central,Agriculture,Food,3,15786.0,,
1001667,P00346442,F,51-55,52,0,Haryana,Northern,Retail,Food,2,15784.0,,
1001737,P00130642,F,36-45,43,1,Jharkhand,Eastern,Automobile,Food,2,15781.0,,
1003398,P00015142,F,18-25,19,0,Uttar Pradesh,Central,Lawyer,Food,1,15781.0,,
1002565,P00154642,F,36-45,45,0,Maharashtra,Western,Aviation,Food,1,15780.0,,
1001069,P00008442,F,26-35,34,0,Himachal Pradesh,Northern,Healthcare,Food,2,15779.0,,
1004957,P00150442,F,26-35,32,0,Maharashtra,Western,Govt,Food,4,15779.0,,
1001752,P00125742,F,26-35,33,0,Maharashtra,Western,Govt,Food,1,15778.0,,
1001969,P00181742,M,26-35,27,1,Uttar Pradesh,Central,Aviation,Food,4,15778.0,,
1002748,P00155442,F,26-35,32,0,Uttar Pradesh,Central,Healthcare,Food,3,15777.0,,
1004524,P00074342,F,26-35,30,1,Haryana,Northern,Banking,Food,4,15776.0,,
1003309,P00127442,F,26-35,35,0,Karnataka,Southern,IT Sector,Food,3,15776.0,,
1000271,P00223942,F,18-25,25,0,Karnataka,Southern,Aviation,Food,4,15772.0,,
1000934,P00313542,M,36-45,45,0,AndhraÂ Pradesh,Southern,Healthcare,Food,4,15771.0,,
1001356,P00090842,M,18-25,18,1,Maharashtra,Western,Aviation,Food,3,15771.0,,
1005827,P00036842,F,26-35,33,1,Maharashtra,Western,IT Sector,Food,1,15771.0,,
1003998,P00150842,M,46-50,48,0,Uttar Pradesh,Central,Textile,Food,4,15770.0,,
1004933,P00052042,F,26-35,31,1,Uttar Pradesh,Central,Food Processing,Food,2,15769.0,,
1004966,P00329542,F,51-55,53,0,Uttar Pradesh,Central,Aviation,Food,4,15769.0,,
1002565,P00196142,F,36-45,40,1,Delhi,Central,Hospitality,Food,4,15768.0,,
1003801,P00130642,F,18-25,24,1,Maharashtra,Western,Govt,Food,4,15768.0,,
1005547,P00207342,M,18-25,18,1,Delhi,Central,Aviation,Food,3,15765.0,,
1001545,P00145942,F,26-35,31,0,Karnataka,Southern,Retail,Food,4,15765.0,,
1003688,P00304442,F,18-25,20,1,Uttar Pradesh,Central,IT Sector,Food,4,15765.0,,
1001757,P00028542,F,26-35,35,0,Karnataka,Southern,Banking,Food,4,15764.0,,
1003999,P00046842,F,36-45,38,1,Madhya Pradesh,Central,Lawyer,Food,2,15764.0,,
1002057,P00093642,F,36-45,44,0,Uttar Pradesh,Central,IT Sector,Food,1,15763.0,,
1000392,P00277642,F,18-25,21,0,Delhi,Central,Food Processing,Food,4,15762.0,,
1000726,P00037142,M,26-35,34,0,Uttar Pradesh,Central,Lawyer,Food,4,15759.0,,
1005074,P00350142,F,0-17,12,1,Maharashtra,Western,Govt,Food,2,15757.0,,
1005083,P00265242,F,26-35,30,1,Bihar,Eastern,Healthcare,Food,1,15756.0,,
1005638,P00274342,F,18-25,25,1,Madhya Pradesh,Central,Chemical,Food,1,15756.0,,
1001285,P00022942,M,36-45,37,0,Uttar Pradesh,Central,Govt,Food,3,15755.0,,
1001202,P00250342,F,36-45,37,0,Delhi,Central,Food Processing,Food,3,15754.0,,
1005184,P00357042,F,18-25,21,1,Uttar Pradesh,Central,Agriculture,Food,1,15754.0,,
1004425,P00008342,F,36-45,43,1,AndhraÂ Pradesh,Southern,IT Sector,Food,2,15752.0,,
1000630,P00110042,M,36-45,45,0,Haryana,Northern,IT Sector,Food,1,15752.0,,
1002774,P00212042,F,26-35,29,1,Bihar,Eastern,Lawyer,Food,4,15750.0,,
1004972,P00022942,F,36-45,44,1,Maharashtra,Western,Banking,Food,3,15750.0,,
1005504,P00002442,F,46-50,47,0,Uttar Pradesh,Central,Healthcare,Food,1,15749.0,,
1001594,P00282242,M,36-45,37,0,Uttarakhand,Central,Agriculture,Food,4,15749.0,,
1001033,P00198042,F,26-35,31,0,Maharashtra,Western,Healthcare,Food,1,15748.0,,
1001647,P00113942,F,18-25,24,0,Uttar Pradesh,Central,Aviation,Food,4,15747.0,,
1003280,P00079742,F,26-35,29,0,Jharkhand,Eastern,Aviation,Food,4,15745.0,,
1004909,P00110742,M,36-45,40,0,Uttar Pradesh,Central,Healthcare,Food,3,15744.0,,
1003308,P00052842,M,18-25,21,1,AndhraÂ Pradesh,Southern,Aviation,Food,1,15742.0,,
1004425,P00073842,F,36-45,38,0,Maharashtra,Western,Automobile,Food,1,15742.0,,
1004644,P00217742,F,51-55,53,0,Karnataka,Southern,IT Sector,Food,3,15741.0,,
1004687,P00061142,F,36-45,41,1,Maharashtra,Western,Healthcare,Food,3,15741.0,,
1000131,P00126142,F,18-25,19,1,Uttar Pradesh,Central,Food Processing,Food,1,15739.0,,
1001449,P00274542,F,36-45,44,0,Uttar Pradesh,Central,Healthcare,Food,1,15739.0,,
1001220,P00118542,M,0-17,14,0,Maharashtra,Western,IT Sector,Food,2,15738.0,,
1003051,P00001942,F,18-25,22,0,Madhya Pradesh,Central,Agriculture,Food,2,15737.0,,
1005235,P00346242,F,26-35,31,1,Uttar Pradesh,Central,Chemical,Food,2,15737.0,,
1001383,P00113042,M,26-35,30,1,Uttarakhand,Central,IT Sector,Food,2,15736.0,,
1004343,P00014042,F,26-35,26,1,Madhya Pradesh,Central,Aviation,Food,2,15734.0,,
1000889,P00251242,M,46-50,50,0,Uttar Pradesh,Central,Aviation,Food,3,15734.0,,
1001164,P00169642,M,26-35,26,1,Punjab,Northern,Automobile,Food,3,15732.0,,
1002782,P00240142,M,18-25,25,1,Uttarakhand,Central,IT Sector,Food,2,15732.0,,
1003769,P00069042,F,26-35,35,0,Uttar Pradesh,Central,Construction,Food,2,15731.0,,
1003519,P00003942,M,26-35,34,1,Punjab,Northern,Lawyer,Food,2,15730.0,,
1000823,P00136542,F,26-35,33,0,Madhya Pradesh,Central,Retail,Food,4,15729.0,,
1000877,P00115242,F,26-35,30,0,Maharashtra,Western,IT Sector,Food,4,15729.0,,
1002801,P00310242,M,26-35,27,0,Delhi,Central,Construction,Food,4,15728.0,,
1003213,P00216342,M,26-35,29,1,Uttar Pradesh,Central,Lawyer,Food,4,15728.0,,
1005501,P00150942,F,26-35,27,0,Maharashtra,Western,Aviation,Food,2,15723.0,,
1005986,P00292042,M,55+,80,1,Haryana,Northern,Retail,Food,2,15722.0,,
1002235,P0097842,M,0-17,16,0,Uttar Pradesh,Central,Healthcare,Food,1,15721.0,,
1006036,P00089942,M,26-35,26,0,Himachal Pradesh,Northern,Chemical,Food,3,15718.0,,
1004122,P00216942,F,18-25,18,1,Karnataka,Southern,Govt,Food,2,15718.0,,
1000911,P00342742,F,51-55,54,1,Karnataka,Southern,Media,Food,3,15717.0,,
1004334,P00233442,F,26-35,35,0,Madhya Pradesh,Central,Lawyer,Food,3,15715.0,,
1004748,P00273742,F,46-50,48,1,Madhya Pradesh,Central,IT Sector,Food,1,15715.0,,
1004495,P00118042,F,18-25,25,0,Maharashtra,Western,IT Sector,Food,4,15714.0,,
1005826,P00248842,F,18-25,21,1,Uttar Pradesh,Central,Aviation,Food,2,15711.0,,
1004786,P00177442,F,46-50,47,0,Maharashtra,Western,Healthcare,Food,3,15710.0,,
1001051,P00159442,M,26-35,30,0,Delhi,Central,Govt,Food,4,15708.0,,
1002457,P00002142,F,26-35,29,0,Uttar Pradesh,Central,Chemical,Food,2,15707.0,,
1003032,P00210342,F,26-35,34,1,Bihar,Eastern,Chemical,Food,2,15703.0,,
1005886,P00148642,F,26-35,33,0,Maharashtra,Western,Healthcare,Food,1,15703.0,,
1000963,P00313142,F,26-35,33,0,Madhya Pradesh,Central,Govt,Food,4,15702.0,,
1005083,P00183342,F,26-35,32,0,Karnataka,Southern,Govt,Food,3,15701.0,,
1001753,P00069042,F,36-45,45,0,Gujarat,Western,IT Sector,Food,4,15699.0,,
1004788,P00223942,F,36-45,40,0,Maharashtra,Western,Aviation,Food,2,15699.0,,
1005074,P00177342,F,0-17,17,1,Delhi,Central,Aviation,Food,4,15697.0,,
1000161,P00106042,F,46-50,46,0,Karnataka,Southern,Hospitality,Food,2,15697.0,,
1004627,P00085142,F,55+,76,1,Maharashtra,Western,Healthcare,Food,3,15696.0,,
1000702,P00062842,F,36-45,45,1,Maharashtra,Western,IT Sector,Food,3,15695.0,,
1005441,P00005742,F,51-55,51,1,Madhya Pradesh,Central,Aviation,Food,2,15694.0,,
1006021,P00085942,F,26-35,33,0,Uttar Pradesh,Central,Food Processing,Food,2,15694.0,,
1001883,P00053042,M,51-55,51,0,Uttarakhand,Central,Chemical,Food,2,15693.0,,
1005543,P00112142,F,26-35,30,0,Haryana,Northern,Media,Food,2,15691.0,,
1003563,P00205942,F,26-35,27,1,Maharashtra,Western,Banking,Food,3,15691.0,,
1003824,P00145442,F,26-35,31,0,Maharashtra,Western,Chemical,Food,1,15690.0,,
1000549,P00161442,F,26-35,30,0,Rajasthan,Northern,Banking,Food,4,15690.0,,
1003051,P00004242,F,18-25,24,0,AndhraÂ Pradesh,Southern,Retail,Food,1,15689.0,,
1002472,P00119742,F,26-35,31,0,AndhraÂ Pradesh,Southern,Agriculture,Food,2,15689.0,,
1004962,P00251242,F,26-35,27,0,Maharashtra,Western,Media,Food,1,15689.0,,
1000509,P00265242,F,26-35,28,1,Maharashtra,Western,IT Sector,Food,2,15689.0,,
1005247,P00250342,M,0-17,15,1,Madhya Pradesh,Central,Media,Food,3,15688.0,,
1004562,P00248542,F,36-45,39,0,Uttar Pradesh,Central,Govt,Food,1,15682.0,,
1006002,P00136842,F,51-55,53,0,Uttar Pradesh,Central,Aviation,Food,3,15678.0,,
1004967,P00150942,F,18-25,19,0,Haryana,Northern,Healthcare,Food,3,15677.0,,
1002637,P00084442,M,36-45,44,1,Gujarat,Western,Healthcare,Food,2,15676.0,,
1002858,P00034442,M,0-17,16,1,Madhya Pradesh,Central,Healthcare,Food,4,15676.0,,
1004802,P00089242,F,55+,65,0,Maharashtra,Western,Aviation,Food,4,15675.0,,
1005074,P00195842,F,0-17,17,0,Uttar Pradesh,Central,Healthcare,Food,2,15675.0,,
1000312,P00058042,M,51-55,53,1,Uttar Pradesh,Central,Aviation,Food,3,15675.0,,
1002664,P00221142,F,36-45,38,0,Himachal Pradesh,Northern,Banking,Food,3,15674.0,,
1003652,P00074242,F,26-35,27,0,Delhi,Central,Textile,Food,4,15672.0,,
1003651,P00116142,F,26-35,28,0,Maharashtra,Western,IT Sector,Food,3,15671.0,,
1000515,P00108442,F,26-35,30,1,Uttar Pradesh,Central,Banking,Food,1,15670.0,,
1004074,P00115542,F,36-45,42,1,Karnataka,Southern,Automobile,Food,3,15669.0,,
1002116,P00135442,F,18-25,25,0,Uttar Pradesh,Central,Automobile,Food,2,15669.0,,
1000984,P00288442,F,51-55,51,1,Haryana,Northern,Automobile,Food,2,15668.0,,
1001980,P00269642,F,36-45,38,0,Uttar Pradesh,Central,Healthcare,Food,3,15668.0,,
1003990,P00123842,F,26-35,33,0,Madhya Pradesh,Central,Healthcare,Food,2,15666.0,,
1003724,P00128342,F,36-45,41,1,Delhi,Central,IT Sector,Food,4,15665.0,,
1005312,P00154642,F,26-35,35,1,Karnataka,Southern,Retail,Food,2,15665.0,,
1004139,P00033042,F,55+,63,0,Madhya Pradesh,Central,IT Sector,Food,2,15665.0,,
1003661,P00118742,F,36-45,42,0,AndhraÂ Pradesh,Southern,Healthcare,Food,2,15664.0,,
1002235,P00265542,F,0-17,15,1,Delhi,Central,Govt,Food,1,15662.0,,
1001112,P00083242,F,18-25,24,0,Delhi,Central,IT Sector,Food,3,15661.0,,
1004681,P00331442,M,36-45,44,1,Kerala,Southern,Banking,Food,2,15659.0,,
1004611,P00110942,M,18-25,21,0,Madhya Pradesh,Central,Healthcare,Food,2,15659.0,,
1005264,P00000142,F,18-25,22,0,Uttar Pradesh,Central,Retail,Food,4,15659.0,,
1002751,P00299142,M,26-35,34,1,Himachal Pradesh,Northern,Lawyer,Food,2,15658.0,,
1003145,P00119842,F,18-25,22,0,Maharashtra,Western,Hospitality,Food,4,15657.0,,
1004556,P00119242,F,46-50,46,0,Karnataka,Southern,Govt,Food,3,15655.0,,
1004833,P00216342,F,36-45,37,0,Karnataka,Southern,Textile,Food,2,15654.0,,
1005738,P00280742,F,26-35,29,0,Uttar Pradesh,Central,Media,Food,4,15654.0,,
1004153,P00237542,F,51-55,51,1,Haryana,Northern,Banking,Food,1,15653.0,,
1004589,P00129642,F,26-35,28,1,Uttar Pradesh,Central,Media,Food,1,15653.0,,
1005185,P00100042,M,36-45,40,0,Uttar Pradesh,Central,Aviation,Food,3,15653.0,,
1004310,P00236642,F,26-35,32,0,Madhya Pradesh,Central,Hospitality,Food,3,15651.0,,
1000604,P00168842,F,46-50,46,0,Maharashtra,Western,Chemical,Food,2,15650.0,,
1000669,P00054942,F,26-35,27,1,Uttar Pradesh,Central,IT Sector,Food,3,15650.0,,
1004904,P00275642,F,51-55,53,1,Uttar Pradesh,Central,Chemical,Food,1,15650.0,,
1001843,P00324942,F,26-35,26,0,Madhya Pradesh,Central,Govt,Food,3,15648.0,,
1002872,P00055542,F,26-35,28,0,Maharashtra,Western,Media,Food,1,15647.0,,
1005680,P00112142,F,51-55,55,1,Maharashtra,Western,Banking,Food,3,15647.0,,
1004743,P00083942,F,55+,73,1,Madhya Pradesh,Central,Govt,Food,3,15646.0,,
1001314,P00125942,M,18-25,21,1,Madhya Pradesh,Central,Banking,Food,1,15645.0,,
1003562,P00130442,M,26-35,33,0,Uttar Pradesh,Central,IT Sector,Food,1,15645.0,,
1002063,P00187942,F,26-35,29,0,Karnataka,Southern,Banking,Food,4,15644.0,,
1000704,P00364842,M,36-45,37,0,Telangana,Southern,Automobile,Food,2,15644.0,,
1001752,P00151742,F,26-35,26,0,Maharashtra,Western,Banking,Food,3,15641.0,,
1005437,P00059442,F,26-35,33,0,Haryana,Northern,Lawyer,Food,2,15639.0,,
1001681,P00177642,F,18-25,22,1,Uttar Pradesh,Central,Agriculture,Food,4,15639.0,,
1005249,P00286742,M,46-50,50,0,Punjab,Northern,Govt,Food,1,15637.0,,
1002799,P00000142,F,18-25,19,1,Delhi,Central,Media,Food,1,15633.0,,
1003884,P00227642,F,18-25,25,1,Karnataka,Southern,Aviation,Food,2,15633.0,,
1004181,P00303142,M,26-35,31,1,Maharashtra,Western,Media,Food,4,15633.0,,
1002700,P00148642,F,26-35,28,1,Uttar Pradesh,Central,Chemical,Food,4,15633.0,,
1001883,P00091042,M,51-55,52,1,Delhi,Central,Govt,Food,4,15632.0,,
1001767,P00033942,F,26-35,29,0,Uttar Pradesh,Central,Textile,Food,4,15631.0,,
1002342,P00368642,F,36-45,45,0,Uttar Pradesh,Central,Retail,Food,4,15631.0,,
1005504,P00013142,F,46-50,46,0,Bihar,Eastern,Media,Food,1,15630.0,,
1004374,P00059742,F,18-25,23,0,Uttar Pradesh,Central,Hospitality,Food,4,15627.0,,
1000533,P00146742,F,26-35,27,0,Karnataka,Southern,Healthcare,Food,4,15626.0,,
1000881,P00045842,F,18-25,18,0,Maharashtra,Western,Media,Food,3,15626.0,,
1000583,P0096442,M,26-35,35,0,Uttar Pradesh,Central,Govt,Food,3,15625.0,,
1002236,P00364242,F,0-17,12,0,Uttar Pradesh,Central,IT Sector,Food,1,15624.0,,
1001015,P00026042,F,36-45,37,1,Maharashtra,Western,Lawyer,Food,3,15623.0,,
1002027,P00117442,M,26-35,31,1,Karnataka,Southern,Textile,Food,2,15622.0,,
1001252,P00105642,F,55+,61,0,Karnataka,Southern,Retail,Food,4,15622.0,,
1002302,P00145642,F,51-55,52,0,Haryana,Northern,Banking,Food,2,15617.0,,
1003539,P00266542,M,26-35,32,0,Jharkhand,Eastern,Hospitality,Food,2,15617.0,,
1001130,P00221142,F,18-25,23,1,Maharashtra,Western,Automobile,Food,2,15617.0,,
1004343,P00042142,F,26-35,35,0,Maharashtra,Western,Healthcare,Food,1,15617.0,,
1001752,P00183242,F,26-35,33,0,Haryana,Northern,Banking,Food,1,15615.0,,
1000575,P00304642,F,26-35,28,1,Maharashtra,Western,Healthcare,Food,2,15615.0,,
1000746,P00313342,M,18-25,25,1,Kerala,Southern,Automobile,Food,3,15614.0,,
1001044,P00116842,F,26-35,30,1,Delhi,Central,Lawyer,Food,2,15613.0,,
1005809,P00100842,M,26-35,30,0,Uttar Pradesh,Central,Media,Food,4,15613.0,,
1003400,P00044442,F,26-35,31,1,Uttar Pradesh,Central,IT Sector,Food,1,15613.0,,
1002348,P00339942,F,51-55,53,1,Uttar Pradesh,Central,Lawyer,Food,4,15611.0,,
1000278,P00115042,F,46-50,46,1,Maharashtra,Western,Food Processing,Food,1,15610.0,,
1003507,P00164642,F,26-35,27,1,Maharashtra,Western,IT Sector,Food,3,15609.0,,
1003476,P00190242,F,51-55,54,1,Maharashtra,Western,Banking,Food,3,15609.0,,
1001069,P00201242,F,26-35,30,0,Uttar Pradesh,Central,Banking,Food,3,15607.0,,
1004780,P00270942,F,26-35,32,1,Uttar Pradesh,Central,IT Sector,Food,4,15607.0,,
1000881,P00071242,F,18-25,23,1,Karnataka,Southern,Media,Food,3,15606.0,,
1000762,P00127442,F,0-17,17,1,Uttar Pradesh,Central,Lawyer,Food,3,15605.0,,
1002927,P00275842,F,26-35,33,0,Karnataka,Southern,Govt,Food,3,15603.0,,
1005837,P00268442,F,26-35,35,0,Uttar Pradesh,Central,Chemical,Food,3,15601.0,,
1000646,P00042142,F,36-45,44,0,Karnataka,Southern,Healthcare,Food,4,15600.0,,
1005738,P00281942,F,26-35,35,0,Maharashtra,Western,Hospitality,Food,4,15599.0,,
1003261,P00041342,F,46-50,46,1,Uttar Pradesh,Central,IT Sector,Food,2,15599.0,,
1002380,P00192042,F,26-35,33,0,Uttar Pradesh,Central,Aviation,Food,3,15598.0,,
1001040,P00271142,F,26-35,26,0,Uttar Pradesh,Central,Aviation,Food,4,15597.0,,
1002469,P00241042,F,26-35,29,1,Bihar,Eastern,Banking,Food,4,15596.0,,
1004921,P00251242,M,26-35,35,0,Bihar,Eastern,Aviation,Food,1,15596.0,,
1002934,P00026542,M,36-45,38,0,Uttar Pradesh,Central,Media,Food,1,15596.0,,
1001807,P00073642,F,18-25,22,1,Madhya Pradesh,Central,Govt,Food,1,15595.0,,
1003971,P00159442,M,18-25,21,0,Telangana,Southern,Textile,Food,3,15595.0,,
1005437,P00156742,F,26-35,28,0,Bihar,Eastern,IT Sector,Food,4,15593.0,,
1000208,P00200642,F,36-45,43,0,Uttar Pradesh,Central,Chemical,Food,4,15593.0,,
1003808,P00169642,F,26-35,26,0,Delhi,Central,Healthcare,Food,4,15592.0,,
1003526,P00195342,F,36-45,40,0,Maharashtra,Western,Aviation,Food,2,15592.0,,
1002185,P00368042,M,46-50,47,0,Maharashtra,Western,Lawyer,Food,1,15591.0,,
1004719,P00042142,M,36-45,43,1,Madhya Pradesh,Central,Banking,Food,3,15590.0,,
1004041,P00159542,F,18-25,20,0,Madhya Pradesh,Central,Hospitality,Food,1,15588.0,,
1005689,P00214342,F,26-35,28,0,Uttar Pradesh,Central,Lawyer,Food,1,15586.0,,
1001695,P00127342,F,26-35,33,0,Madhya Pradesh,Central,Automobile,Food,4,15585.0,,
1004310,P00110742,F,26-35,30,0,AndhraÂ Pradesh,Southern,Construction,Food,3,15583.0,,
1005664,P00178842,F,18-25,22,0,Bihar,Eastern,Aviation,Food,3,15582.0,,
1002841,P0097342,F,51-55,55,1,Uttar Pradesh,Central,Chemical,Food,2,15582.0,,
1003208,P00115942,F,26-35,33,0,Maharashtra,Western,Media,Food,1,15581.0,,
1005042,P00178242,M,18-25,24,0,Maharashtra,Western,Banking,Food,1,15574.0,,
1003196,P00253142,M,18-25,21,0,Madhya Pradesh,Central,Healthcare,Food,2,15573.0,,
1000352,P00127642,F,18-25,23,1,Maharashtra,Western,Govt,Food,4,15573.0,,
1002752,P00232342,F,26-35,31,1,Uttar Pradesh,Central,IT Sector,Food,1,15573.0,,
1002927,P00021642,F,26-35,28,1,Bihar,Eastern,Banking,Food,3,15572.0,,
1004840,P00000142,M,46-50,50,0,Maharashtra,Western,Lawyer,Food,2,15572.0,,
1004156,P00066542,F,55+,67,0,Haryana,Northern,Media,Food,3,15571.0,,
1003192,P00037142,M,18-25,18,0,Uttarakhand,Central,Automobile,Food,2,15570.0,,
1002208,P00155742,F,26-35,33,0,Bihar,Eastern,Retail,Food,2,15569.0,,
1005880,P00128242,F,26-35,29,0,Delhi,Central,Hospitality,Food,4,15567.0,,
1003206,P00051642,F,18-25,18,0,Maharashtra,Western,Healthcare,Food,4,15567.0,,
1001860,P00362642,F,55+,56,1,Maharashtra,Western,Govt,Food,3,15567.0,,
1001219,P00137542,F,26-35,26,1,Uttar Pradesh,Central,Retail,Food,3,15566.0,,
1001372,P00157142,F,0-17,13,1,Madhya Pradesh,Central,Agriculture,Food,3,15564.0,,
1001134,P00070042,F,18-25,18,0,Maharashtra,Western,Construction,Food,1,15564.0,,
1003621,P00200142,F,18-25,18,0,Maharashtra,Western,Construction,Food,2,15564.0,,
1000877,P00026042,F,26-35,31,0,Delhi,Central,Aviation,Food,1,15562.0,,
1003576,P00287842,F,51-55,55,1,Maharashtra,Western,Media,Food,4,15562.0,,
1001884,P00365242,F,46-50,49,0,Haryana,Northern,Media,Food,1,15561.0,,
1005927,P00240142,F,36-45,44,1,Uttar Pradesh,Central,Lawyer,Food,3,15561.0,,
1001218,P00111942,F,55+,75,0,Uttar Pradesh,Central,Aviation,Food,1,15561.0,,
1000655,P00270542,M,26-35,26,0,Maharashtra,Western,Aviation,Food,4,15559.0,,
1004089,P00279542,F,26-35,29,1,Uttar Pradesh,Central,Aviation,Food,3,15559.0,,
1003620,P00030842,F,26-35,30,0,Maharashtra,Western,Banking,Food,4,15558.0,,
1005394,P00120042,F,18-25,24,0,AndhraÂ Pradesh,Southern,Healthcare,Food,1,15557.0,,
1005705,P00029542,M,18-25,19,1,Uttar Pradesh,Central,Govt,Food,3,15557.0,,
1005000,P00102542,F,26-35,35,0,Haryana,Northern,Food Processing,Food,4,15556.0,,
1001061,P00110842,F,46-50,46,1,Haryana,Northern,Aviation,Food,3,15556.0,,
1003798,P00359142,F,26-35,35,1,Karnataka,Southern,Automobile,Food,4,15556.0,,
1005026,P00041342,F,26-35,35,0,Uttar Pradesh,Central,Banking,Food,4,15555.0,,
1002124,P00344042,F,26-35,35,1,Uttar Pradesh,Central,Banking,Food,2,15554.0,,
1005954,P00191642,F,46-50,47,0,Karnataka,Southern,IT Sector,Food,3,15551.0,,
1003001,P00132042,F,18-25,20,0,Bihar,Eastern,Automobile,Food,1,15549.0,,
1000877,P00129042,F,26-35,33,0,Uttar Pradesh,Central,IT Sector,Food,1,15549.0,,
1000093,P00028442,F,26-35,29,0,Karnataka,Southern,Media,Food,4,15545.0,,
1004399,P00190542,M,18-25,23,0,Rajasthan,Northern,Hospitality,Food,2,15545.0,,
1000343,P00242742,M,36-45,37,1,Madhya Pradesh,Central,Banking,Food,1,15544.0,,
1001634,P00034842,M,55+,74,0,Maharashtra,Western,Media,Food,1,15543.0,,
1002768,P00283942,F,26-35,30,0,Delhi,Central,Govt,Food,4,15542.0,,
1001298,P00045842,F,36-45,39,1,Karnataka,Southern,Media,Food,1,15542.0,,
1001748,P00329042,F,51-55,51,1,Bihar,Eastern,Govt,Food,1,15541.0,,
1001714,P00112142,F,26-35,33,1,Delhi,Central,IT Sector,Food,1,15541.0,,
1005600,P00085542,M,46-50,46,0,Madhya Pradesh,Central,IT Sector,Food,1,15540.0,,
1003600,P00214342,F,36-45,44,1,Maharashtra,Western,Construction,Food,2,15540.0,,
1002358,P00248542,M,55+,79,0,Telangana,Southern,Aviation,Food,1,15539.0,,
1002620,P00255842,F,18-25,25,1,Uttar Pradesh,Central,Media,Food,3,15539.0,,
1005111,P00303142,F,36-45,39,0,Uttar Pradesh,Central,Hospitality,Food,1,15537.0,,
1002124,P00150142,F,26-35,28,1,Delhi,Central,Textile,Food,1,15536.0,,
1001119,P00240842,F,36-45,40,1,Telangana,Southern,IT Sector,Food,4,15536.0,,
1002946,P00208742,F,36-45,36,0,Uttar Pradesh,Central,Food Processing,Food,4,15536.0,,
1004447,P00285242,F,46-50,48,0,Uttar Pradesh,Central,Healthcare,Food,4,15536.0,,
1000604,P00286642,F,46-50,50,0,Telangana,Southern,Retail,Food,3,15535.0,,
1002071,P00028842,F,46-50,47,1,Karnataka,Southern,Lawyer,Food,2,15534.0,,
1001752,P00249642,F,26-35,26,1,Maharashtra,Western,Construction,Food,4,15534.0,,
1003311,P00024942,F,26-35,32,0,Maharashtra,Western,IT Sector,Food,1,15534.0,,
1003768,P00251942,F,26-35,32,0,AndhraÂ Pradesh,Southern,Govt,Food,2,15533.0,,
1002786,P00100942,F,26-35,28,0,Karnataka,Southern,Banking,Food,1,15533.0,,
1005468,P00107642,F,26-35,32,1,Haryana,Northern,Aviation,Food,1,15531.0,,
1005352,P00243242,M,36-45,37,1,Jharkhand,Eastern,Aviation,Food,4,15531.0,,
1003454,P00093642,F,18-25,18,1,Uttar Pradesh,Central,IT Sector,Food,2,15531.0,,
1004928,P00024142,M,26-35,27,0,Delhi,Central,Govt,Food,2,15529.0,,
1001069,P00049642,F,26-35,28,0,Karnataka,Southern,Media,Food,4,15529.0,,
1005246,P00242142,M,18-25,20,1,Uttar Pradesh,Central,Banking,Food,2,15528.0,,
1005046,P00178642,F,26-35,33,1,Uttar Pradesh,Central,Healthcare,Food,1,15528.0,,
1000157,P00237542,F,36-45,40,1,Bihar,Eastern,IT Sector,Food,1,15527.0,,
1002302,P00138542,F,51-55,54,0,Himachal Pradesh,Northern,IT Sector,Food,3,15524.0,,
1003473,P00121642,M,36-45,37,0,Uttar Pradesh,Central,Media,Food,1,15523.0,,
1004115,P00101042,F,26-35,31,1,Madhya Pradesh,Central,Aviation,Food,4,15522.0,,
1003391,P00128742,F,18-25,20,0,Haryana,Northern,Aviation,Food,4,15519.0,,
1001998,P00176542,M,51-55,52,0,Karnataka,Southern,Banking,Food,2,15519.0,,
1004298,P00187442,M,18-25,20,1,Uttar Pradesh,Central,Healthcare,Food,1,15519.0,,
1001023,P00313542,F,55+,89,0,Uttar Pradesh,Central,IT Sector,Food,1,15519.0,,
1002536,P00156742,F,55+,63,1,Maharashtra,Western,Banking,Food,1,15517.0,,
1001425,P00212842,F,0-17,17,0,Maharashtra,Western,Construction,Food,1,15516.0,,
1006007,P00285942,F,36-45,40,1,Maharashtra,Western,Aviation,Food,2,15516.0,,
1001952,P00199442,F,36-45,44,0,Maharashtra,Western,Chemical,Food,1,15516.0,,
1004054,P00177642,F,36-45,37,0,Uttar Pradesh,Central,Lawyer,Food,2,15516.0,,
1005914,P00054242,F,36-45,44,1,Karnataka,Southern,Chemical,Food,1,15515.0,,
1003546,P00067942,F,26-35,33,0,Karnataka,Southern,Healthcare,Food,2,15513.0,,
1004867,P00334242,F,26-35,32,0,Uttar Pradesh,Central,Chemical,Food,3,15513.0,,
1001609,P00159442,M,36-45,37,0,Maharashtra,Western,Agriculture,Food,1,15511.0,,
1001138,P00361842,F,18-25,20,0,Delhi,Central,Textile,Food,3,15509.0,,
1005193,P00307542,F,36-45,39,0,Delhi,Central,Hospitality,Food,3,15508.0,,
1001059,P00052842,M,26-35,30,0,Uttar Pradesh,Central,IT Sector,Food,3,15508.0,,
1003859,P00182142,F,26-35,32,1,AndhraÂ Pradesh,Southern,Hospitality,Food,3,15507.0,,
1004897,P00062842,F,36-45,45,0,Karnataka,Southern,Retail,Food,2,15507.0,,
1000293,P00018242,F,55+,69,0,Delhi,Central,Healthcare,Food,2,15506.0,,
1001141,P00261842,M,26-35,27,1,Madhya Pradesh,Central,Govt,Food,1,15506.0,,
1001465,P00154642,F,51-55,54,0,Delhi,Central,Healthcare,Food,4,15505.0,,
1000566,P00310842,F,26-35,26,1,Bihar,Eastern,Aviation,Food,4,15504.0,,
1004144,P00073842,F,18-25,19,1,Maharashtra,Western,Govt,Food,4,15504.0,,
1005795,P00219742,F,26-35,28,0,Maharashtra,Western,Banking,Food,2,15503.0,,
1000350,P00138542,F,46-50,49,0,Gujarat,Western,Retail,Food,1,15502.0,,
1003129,P00329242,F,26-35,33,1,Uttar Pradesh,Central,Construction,Food,2,15500.0,,
1002342,P00073842,F,36-45,43,0,AndhraÂ Pradesh,Southern,Banking,Food,2,15499.0,,
1003312,P00101942,M,18-25,21,0,Kerala,Southern,IT Sector,Food,4,15498.0,,
1005011,P00218042,F,18-25,22,0,Maharashtra,Western,Construction,Food,4,15496.0,,
1001383,P00161942,M,26-35,35,1,Karnataka,Southern,Hospitality,Food,4,15492.0,,
1005557,P00002542,F,36-45,41,1,Maharashtra,Western,IT Sector,Food,1,15492.0,,
1003872,P00025942,F,26-35,33,1,Uttar Pradesh,Central,Automobile,Food,3,15492.0,,
1002872,P00213242,F,26-35,33,0,Uttar Pradesh,Central,Hospitality,Food,3,15492.0,,
1004679,P00085342,F,55+,63,1,Karnataka,Southern,Hospitality,Food,1,15491.0,,
1001969,P00001342,M,26-35,32,0,Madhya Pradesh,Central,IT Sector,Food,1,15490.0,,
1001978,P00183242,F,0-17,14,0,Uttar Pradesh,Central,Retail,Food,3,15488.0,,
1003569,P00111842,M,18-25,18,0,Uttar Pradesh,Central,Aviation,Food,3,15488.0,,
1005246,P00297042,M,18-25,21,0,AndhraÂ Pradesh,Southern,Aviation,Food,1,15486.0,,
1006037,P00116242,M,46-50,47,1,Maharashtra,Western,IT Sector,Food,1,15486.0,,
1005277,P00148642,F,26-35,31,0,AndhraÂ Pradesh,Southern,Banking,Food,3,15485.0,,
1000438,P00058042,F,18-25,20,0,Rajasthan,Northern,Hospitality,Food,4,15485.0,,
1001010,P00297842,F,26-35,30,0,Maharashtra,Western,Healthcare,Food,1,15482.0,,
1002533,P00192842,M,26-35,35,1,Karnataka,Southern,Textile,Food,2,15481.0,,
1000595,P00017542,F,26-35,33,1,Maharashtra,Western,Aviation,Food,1,15480.0,,
1003971,P00259942,M,18-25,20,0,Uttar Pradesh,Central,Chemical,Food,4,15480.0,,
1004279,P00069242,F,26-35,26,0,AndhraÂ Pradesh,Southern,IT Sector,Food,3,15477.0,,
1005762,P00251242,M,36-45,41,1,Bihar,Eastern,Lawyer,Food,4,15477.0,,
1002986,P00002942,F,26-35,26,0,Karnataka,Southern,Aviation,Food,4,15477.0,,
1004704,P00335442,M,18-25,21,1,Uttar Pradesh,Central,IT Sector,Food,1,15477.0,,
1002968,P00001042,M,18-25,18,1,Uttar Pradesh,Central,Retail,Food,1,15476.0,,
1002000,P00110942,F,18-25,20,0,Madhya Pradesh,Central,Healthcare,Food,3,15474.0,,
1005132,P00114742,F,36-45,40,0,Maharashtra,Western,Healthcare,Food,2,15474.0,,
1002242,P00058142,F,18-25,19,0,Telangana,Southern,IT Sector,Food,2,15474.0,,
1005501,P00271142,F,26-35,29,0,Karnataka,Southern,Lawyer,Food,2,15473.0,,
1004718,P00273442,F,36-45,38,1,Maharashtra,Western,Aviation,Food,4,15473.0,,
1004917,P00285842,F,46-50,46,1,Maharashtra,Western,Aviation,Food,4,15473.0,,
1001323,P00274342,M,36-45,44,1,Uttar Pradesh,Central,Banking,Food,2,15473.0,,
1001170,P00297742,M,55+,79,1,Karnataka,Southern,IT Sector,Food,2,15472.0,,
1003539,P00110342,M,26-35,29,0,Madhya Pradesh,Central,Construction,Food,3,15472.0,,
1004051,P00173742,F,18-25,20,1,Maharashtra,Western,Lawyer,Food,1,15472.0,,
1001360,P00185442,F,26-35,26,0,Telangana,Southern,Retail,Food,1,15472.0,,
1000733,P00086742,F,36-45,41,1,Uttar Pradesh,Central,IT Sector,Food,3,15472.0,,
1000591,P00173542,F,26-35,33,1,Bihar,Eastern,IT Sector,Food,4,15470.0,,
1001413,P00085342,F,18-25,20,0,Delhi,Central,Govt,Food,3,15470.0,,
1003099,P00207042,F,26-35,28,0,Gujarat,Western,Chemical,Food,1,15470.0,,
1003900,P00058042,M,26-35,30,0,Himachal Pradesh,Northern,Media,Food,3,15470.0,,
1005100,P00102342,F,51-55,54,1,Maharashtra,Western,Media,Food,3,15470.0,,
1000030,P00265242,M,36-45,41,1,Madhya Pradesh,Central,Healthcare,Food,4,15468.0,,
1000777,P00218942,M,18-25,22,0,Uttar Pradesh,Central,IT Sector,Food,1,15468.0,,
1004042,P00270942,F,36-45,42,1,Gujarat,Western,Hospitality,Food,3,15467.0,,
1001263,P00278442,F,0-17,13,1,Karnataka,Southern,Healthcare,Food,4,15466.0,,
1005882,P00057642,F,36-45,38,1,Bihar,Eastern,Aviation,Food,2,15465.0,,
1006036,P00247742,M,26-35,26,0,Jharkhand,Eastern,Healthcare,Food,3,15465.0,,
1003777,P00000142,F,18-25,23,0,Karnataka,Southern,Food Processing,Food,3,15465.0,,
1005779,P00024342,F,26-35,33,1,Uttar Pradesh,Central,Media,Food,3,15465.0,,
1001183,P00147942,F,36-45,36,0,Delhi,Central,Media,Food,4,15463.0,,
1004116,P00002342,F,36-45,45,0,Madhya Pradesh,Central,Banking,Food,2,15463.0,,
1000543,P00285042,F,26-35,33,1,Uttar Pradesh,Central,IT Sector,Food,3,15462.0,,
1000456,P00286642,F,36-45,39,0,Uttar Pradesh,Central,Food Processing,Food,1,15462.0,,
1000601,P00179142,M,18-25,25,0,AndhraÂ Pradesh,Southern,Textile,Food,1,15461.0,,
1003055,P00037342,M,26-35,33,0,Gujarat,Western,Automobile,Food,4,15461.0,,
1000752,P00254242,M,26-35,30,1,AndhraÂ Pradesh,Southern,Healthcare,Food,2,15460.0,,
1004026,P00124242,F,26-35,27,1,Bihar,Eastern,IT Sector,Food,3,15459.0,,
1000509,P00124242,F,26-35,32,1,Haryana,Northern,IT Sector,Food,2,15458.0,,
1003908,P00021842,F,26-35,32,0,Uttar Pradesh,Central,Media,Food,3,15458.0,,
1001616,P00184942,F,26-35,29,0,Delhi,Central,Media,Food,1,15457.0,,
1004673,P00114442,F,36-45,38,0,Karnataka,Southern,Hospitality,Food,3,15456.0,,
1003308,P00226542,M,18-25,18,1,Uttar Pradesh,Central,Aviation,Food,1,15456.0,,
1000664,P0097142,F,36-45,40,0,Haryana,Northern,IT Sector,Food,3,15455.0,,
1005080,P00352842,M,51-55,55,0,Karnataka,Southern,Textile,Food,4,15454.0,,
1005278,P00350342,M,26-35,26,1,Maharashtra,Western,Construction,Food,1,15453.0,,
1005248,P00084542,M,46-50,47,0,Maharashtra,Western,Aviation,Food,3,15453.0,,
1001172,P00035242,M,26-35,29,0,Bihar,Eastern,Aviation,Food,4,15451.0,,
1002162,P00192242,M,0-17,15,0,Uttar Pradesh,Central,IT Sector,Food,4,15451.0,,
1004434,P00359142,M,36-45,41,1,Delhi,Central,Lawyer,Food,4,15450.0,,
1001279,P00246142,F,36-45,39,0,Karnataka,Southern,Chemical,Food,4,15450.0,,
1004502,P00057942,F,51-55,52,1,Maharashtra,Western,Hospitality,Food,1,15450.0,,
1000424,P00365042,F,26-35,26,0,Uttar Pradesh,Central,Aviation,Food,4,15449.0,,
1000637,P00114442,F,36-45,38,0,Bihar,Eastern,Banking,Food,4,15448.0,,
1004260,P00369142,F,26-35,34,0,Gujarat,Western,IT Sector,Food,3,15448.0,,
1001548,P00327842,F,36-45,41,1,Uttar Pradesh,Central,Media,Food,4,15448.0,,
1005210,P00344342,M,36-45,40,0,Karnataka,Southern,Lawyer,Food,3,15446.0,,
1005131,P00010242,M,26-35,30,0,Kerala,Southern,IT Sector,Food,1,15446.0,,
1005347,P00249142,F,26-35,27,0,Uttar Pradesh,Central,Retail,Food,2,15446.0,,
1000083,P00334242,M,26-35,33,0,Uttar Pradesh,Central,IT Sector,Food,4,15443.0,,
1004513,P00280342,F,55+,86,1,Delhi,Central,Chemical,Food,2,15441.0,,
1001230,P00111642,F,26-35,28,0,Uttar Pradesh,Central,Agriculture,Food,3,15438.0,,
1003743,P00184942,M,36-45,39,1,Delhi,Central,Aviation,Food,1,15434.0,,
1002611,P00260042,F,26-35,35,0,Delhi,Central,Retail,Food,3,15433.0,,
1005042,P00265142,M,18-25,21,0,Maharashtra,Western,Chemical,Food,3,15427.0,,
1005955,P00233842,M,26-35,34,0,Uttar Pradesh,Central,Chemical,Food,4,15426.0,,
1003683,P00345842,F,26-35,31,0,Karnataka,Southern,Govt,Food,3,15425.0,,
1000647,P00229742,F,36-45,45,1,Uttar Pradesh,Central,Agriculture,Food,2,15425.0,,
1001077,P00246342,F,26-35,35,1,AndhraÂ Pradesh,Southern,Govt,Food,1,15423.0,,
1000184,P00046642,M,26-35,29,0,Madhya Pradesh,Central,Food Processing,Food,1,15423.0,,
1001032,P00256642,F,51-55,51,0,Gujarat,Western,Healthcare,Food,2,15422.0,,
1004882,P00155442,F,46-50,46,1,Madhya Pradesh,Central,Agriculture,Food,2,15419.0,,
1002926,P00303342,M,18-25,18,0,Delhi,Central,Banking,Food,2,15418.0,,
1002047,P00102642,M,0-17,13,0,Kerala,Southern,Retail,Food,2,15417.0,,
1000623,P00000142,F,26-35,30,0,Maharashtra,Western,IT Sector,Food,2,15415.0,,
1000190,P00058042,F,26-35,33,0,Uttar Pradesh,Central,Banking,Food,2,15415.0,,
1004879,P00115942,F,26-35,33,0,AndhraÂ Pradesh,Southern,IT Sector,Food,4,15414.0,,
1005511,P00204242,F,46-50,48,1,Bihar,Eastern,IT Sector,Food,1,15412.0,,
1000918,P00285842,M,46-50,46,0,Karnataka,Southern,Govt,Food,1,15411.0,,
1003612,P00289842,F,26-35,32,0,Uttar Pradesh,Central,Lawyer,Food,2,15410.0,,
1000678,P00183242,M,26-35,34,1,Maharashtra,Western,IT Sector,Food,2,15409.0,,
1000312,P00115642,M,51-55,54,0,Bihar,Eastern,Construction,Food,2,15408.0,,
1003611,P00112742,F,26-35,33,0,Karnataka,Southern,Aviation,Food,3,15408.0,,
1000335,P00101842,F,36-45,40,0,Bihar,Eastern,IT Sector,Food,1,15407.0,,
1001666,P00274242,F,26-35,29,0,Delhi,Central,Govt,Food,4,15405.0,,
1005471,P00059442,F,18-25,19,1,Karnataka,Southern,IT Sector,Food,2,15404.0,,
1003491,P00327342,F,26-35,26,1,Maharashtra,Western,Govt,Food,3,15404.0,,
1004543,P00133742,F,26-35,29,0,Gujarat,Western,Automobile,Food,4,15403.0,,
1003329,P00111042,F,51-55,55,0,Delhi,Central,Automobile,Food,1,15402.0,,
1005565,P00146042,F,18-25,21,1,Madhya Pradesh,Central,Banking,Food,3,15401.0,,
1000302,P00239942,F,18-25,18,0,Maharashtra,Western,Retail,Food,3,15401.0,,
1004732,P00305142,M,26-35,26,0,Uttar Pradesh,Central,IT Sector,Food,4,15401.0,,
1002105,P00298542,F,26-35,32,1,Delhi,Central,Food Processing,Food,3,15399.0,,
1002507,P00156242,F,26-35,33,1,Maharashtra,Western,Banking,Food,3,15399.0,,
1004454,P00247142,F,26-35,35,0,Maharashtra,Western,Chemical,Food,1,15399.0,,
1001137,P00350942,F,18-25,22,1,Madhya Pradesh,Central,Lawyer,Food,1,15397.0,,
1003743,P00214742,M,36-45,39,0,Uttar Pradesh,Central,Automobile,Food,2,15397.0,,
1004448,P00348942,F,26-35,30,1,Madhya Pradesh,Central,Hospitality,Food,2,15396.0,,
1004543,P00302942,F,26-35,28,0,Maharashtra,Western,Hospitality,Food,3,15396.0,,
1001142,P00113242,F,18-25,21,1,Uttar Pradesh,Central,Textile,Food,2,15394.0,,
1005013,P00265242,F,18-25,22,0,Bihar,Eastern,Chemical,Food,2,15393.0,,
1002302,P00302142,F,51-55,53,1,Maharashtra,Western,Media,Food,1,15392.0,,
1004732,P00182242,F,26-35,35,1,Maharashtra,Western,Media,Food,4,15391.0,,
1002935,P00184242,F,26-35,28,0,Madhya Pradesh,Central,Aviation,Food,1,15389.0,,
1002628,P00049642,M,26-35,33,0,AndhraÂ Pradesh,Southern,Lawyer,Food,3,15388.0,,
1003600,P00294242,F,36-45,41,0,Karnataka,Southern,Banking,Food,2,15388.0,,
1003493,P00084442,F,26-35,35,0,Uttar Pradesh,Central,Aviation,Food,1,15386.0,,
1002625,P00243742,F,36-45,40,0,Karnataka,Southern,Healthcare,Food,2,15385.0,,
1003109,P00073842,M,26-35,29,0,Jharkhand,Eastern,Retail,Food,4,15384.0,,
1002643,P00176442,F,46-50,49,0,Madhya Pradesh,Central,Aviation,Food,1,15383.0,,
1001285,P00247042,M,36-45,45,0,Bihar,Eastern,IT Sector,Food,3,15382.0,,
1005847,P00222242,M,18-25,18,0,Madhya Pradesh,Central,Food Processing,Food,2,15382.0,,
1002611,P00121642,F,26-35,26,1,Madhya Pradesh,Central,Construction,Food,4,15380.0,,
1006016,P00154742,F,46-50,49,0,Uttar Pradesh,Central,IT Sector,Food,4,15380.0,,
1000272,P00036442,F,18-25,20,0,Maharashtra,Western,IT Sector,Food,4,15378.0,,
1005085,P00155742,F,55+,75,0,Uttar Pradesh,Central,IT Sector,Food,4,15378.0,,
1005831,P00259142,F,26-35,29,1,Delhi,Central,Media,Food,2,15377.0,,
1001164,P00350942,M,26-35,32,1,Maharashtra,Western,Banking,Food,3,15375.0,,
1001837,P00138542,F,26-35,29,1,Uttar Pradesh,Central,IT Sector,Food,2,15374.0,,
1002167,P00246242,M,26-35,33,1,Maharashtra,Western,Aviation,Food,4,15371.0,,
1005823,P00230442,F,26-35,31,0,Uttar Pradesh,Central,Aviation,Food,2,15371.0,,
1001958,P00058042,M,26-35,35,0,Gujarat,Western,Banking,Food,3,15369.0,,
1003476,P00152742,F,51-55,55,0,Haryana,Northern,Media,Food,1,15369.0,,
1002685,P00343042,F,46-50,48,0,Maharashtra,Western,Healthcare,Food,1,15369.0,,
1002820,P00336542,M,36-45,38,0,Delhi,Central,Govt,Food,1,15367.0,,
1003365,P00114042,F,51-55,52,0,Uttar Pradesh,Central,IT Sector,Food,4,15364.0,,
1003128,P00142942,F,18-25,24,0,Bihar,Eastern,Healthcare,Food,2,15363.0,,
1004412,P00265242,F,18-25,20,0,Karnataka,Southern,Govt,Food,3,15362.0,,
1001680,P00067842,M,26-35,26,1,Uttar Pradesh,Central,Banking,Food,3,15362.0,,
1004601,P00042142,F,36-45,44,1,Uttar Pradesh,Central,Chemical,Food,3,15362.0,,
1002948,P00310142,F,18-25,21,0,Gujarat,Western,Agriculture,Food,2,15361.0,,
1001677,P00251242,F,18-25,24,0,Karnataka,Southern,IT Sector,Food,1,15359.0,,
1003618,P00212342,M,18-25,19,0,Madhya Pradesh,Central,Chemical,Food,2,15359.0,,
1005492,P00347642,F,18-25,21,1,Bihar,Eastern,Media,Food,2,15358.0,,
1003099,P00170342,F,26-35,29,1,Madhya Pradesh,Central,Chemical,Food,3,15358.0,,
1001528,P00251242,F,26-35,26,1,AndhraÂ Pradesh,Southern,Aviation,Food,1,15357.0,,
1004041,P00001042,F,18-25,24,0,Haryana,Northern,Media,Food,4,15357.0,,
1000881,P00356842,F,18-25,22,0,Maharashtra,Western,Banking,Food,4,15356.0,,
1005321,P00100442,F,26-35,26,0,Maharashtra,Western,Govt,Food,4,15356.0,,
1000482,P00323942,F,26-35,32,1,Uttar Pradesh,Central,Aviation,Food,3,15356.0,,
1002380,P00369342,F,26-35,30,1,Karnataka,Southern,Govt,Food,1,15355.0,,
1003590,P00265242,M,18-25,24,0,Madhya Pradesh,Central,Chemical,Food,3,15354.0,,
1003292,P00175042,M,51-55,54,1,Himachal Pradesh,Northern,Aviation,Food,4,15353.0,,
1003292,P00175042,M,51-55,54,1,Uttar Pradesh,Central,Aviation,Food,4,15353.0,,
1001164,P00115542,M,26-35,33,0,Uttar Pradesh,Central,Aviation,Food,1,15352.0,,
1001447,P00029542,F,18-25,20,0,Karnataka,Southern,Govt,Food,4,15351.0,,
1004797,P00078742,M,36-45,39,1,Uttar Pradesh,Central,Lawyer,Food,4,15350.0,,
1003737,P00146742,F,26-35,31,0,Karnataka,Southern,IT Sector,Food,3,15348.0,,
1002960,P00120242,F,18-25,19,1,Maharashtra,Western,Govt,Food,2,15348.0,,
1002223,P00236342,F,26-35,28,0,Maharashtra,Western,Healthcare,Food,3,15348.0,,
1004022,P00212742,F,36-45,38,0,Maharashtra,Western,Banking,Food,1,15347.0,,
1001639,P00128742,F,26-35,30,1,Uttar Pradesh,Central,Retail,Food,4,15347.0,,
1001447,P00316642,F,18-25,18,1,Delhi,Central,Media,Food,1,15346.0,,
1004591,P00244742,F,26-35,33,0,Delhi,Central,Construction,Food,1,15346.0,,
1004682,P0094642,F,26-35,29,1,Karnataka,Southern,Aviation,Food,4,15346.0,,
1004510,P00117942,F,46-50,47,1,Karnataka,Southern,IT Sector,Food,1,15345.0,,
1003824,P00264642,F,26-35,26,0,Uttar Pradesh,Central,Automobile,Food,2,15344.0,,
1004830,P00139942,F,0-17,15,0,AndhraÂ Pradesh,Southern,Govt,Food,3,15342.0,,
1001412,P00184442,F,26-35,27,0,Himachal Pradesh,Northern,Hospitality,Food,2,15341.0,,
1003931,P00326942,F,26-35,29,0,Maharashtra,Western,Lawyer,Food,3,15341.0,,
1000297,P00148642,F,18-25,24,1,Karnataka,Southern,Banking,Food,4,15340.0,,
1001177,P00210042,M,26-35,29,0,Uttar Pradesh,Central,Lawyer,Food,1,15340.0,,
1001470,P00369842,F,18-25,20,1,Uttar Pradesh,Central,Aviation,Food,2,15336.0,,
1001019,P00232442,M,36-45,44,0,Uttar Pradesh,Central,Chemical,Food,2,15335.0,,
1001291,P00227142,M,36-45,37,0,Karnataka,Southern,Govt,Food,3,15333.0,,
1001116,P00270842,F,26-35,26,0,Uttar Pradesh,Central,Aviation,Food,2,15333.0,,
1004054,P00032342,F,36-45,42,0,Uttar Pradesh,Central,Lawyer,Food,2,15333.0,,
1005329,P00089242,M,26-35,31,0,Gujarat,Western,Healthcare,Food,1,15332.0,,
1001422,P00110842,F,36-45,45,1,Gujarat,Western,Aviation,Food,2,15332.0,,
1004579,P00237842,M,18-25,25,0,Karnataka,Southern,Textile,Food,3,15332.0,,
1000998,P00054342,F,46-50,49,0,Madhya Pradesh,Central,IT Sector,Food,4,15332.0,,
1005954,P00139942,F,46-50,50,0,Delhi,Central,Govt,Food,1,15331.0,,
1000718,P00046742,F,18-25,25,0,Uttar Pradesh,Central,Media,Food,1,15330.0,,
1001749,P00366942,F,26-35,29,0,Haryana,Northern,Retail,Food,3,15329.0,,
1001502,P00044442,F,18-25,24,0,Delhi,Central,Govt,Food,3,15326.0,,
1000714,P00263542,M,18-25,24,1,Karnataka,Southern,Agriculture,Food,2,15325.0,,
1003662,P0095542,F,36-45,40,0,Kerala,Southern,Govt,Food,2,15325.0,,
1002814,P0098342,F,36-45,36,0,Maharashtra,Western,Textile,Food,2,15325.0,,
1003690,P00051642,F,18-25,23,0,Uttar Pradesh,Central,Aviation,Food,2,15324.0,,
1005494,P00117342,M,36-45,44,0,Maharashtra,Western,Healthcare,Food,4,15323.0,,
1005446,P00247642,M,51-55,52,0,Uttarakhand,Central,Govt,Food,4,15321.0,,
1003608,P00304042,M,36-45,44,0,AndhraÂ Pradesh,Southern,Banking,Food,4,15318.0,,
1005837,P00010742,F,26-35,35,0,Maharashtra,Western,Healthcare,Food,2,15315.0,,
1005733,P00222242,F,26-35,35,0,Maharashtra,Western,IT Sector,Food,2,15314.0,,
1003808,P00344042,F,26-35,29,0,Maharashtra,Western,Healthcare,Food,2,15311.0,,
1000007,P00036842,F,36-45,36,1,Bihar,Eastern,Media,Food,2,15310.0,,
1002859,P00240142,F,18-25,18,0,Karnataka,Southern,Agriculture,Food,2,15309.0,,
1002306,P00110542,M,18-25,20,0,Karnataka,Southern,IT Sector,Food,4,15309.0,,
1003641,P00303642,F,26-35,33,0,Delhi,Central,Healthcare,Food,2,15306.0,,
1002036,P00118842,M,26-35,34,0,Delhi,Central,Automobile,Food,2,15304.0,,
1000752,P00207442,M,26-35,29,0,Uttar Pradesh,Central,Hospitality,Food,4,15302.0,,
1000707,P00015642,F,36-45,44,1,Maharashtra,Western,Automobile,Food,4,15300.0,,
1002156,P00183042,F,18-25,21,1,Gujarat,Western,Food Processing,Food,2,15299.0,,
1002837,P00148642,F,18-25,19,0,Haryana,Northern,Media,Food,2,15298.0,,
1004824,P00057742,F,26-35,31,1,Maharashtra,Western,Healthcare,Food,4,15298.0,,
1002348,P00071442,F,51-55,51,1,Delhi,Central,IT Sector,Food,4,15297.0,,
1005046,P00006842,F,26-35,31,1,Maharashtra,Western,Banking,Food,4,15296.0,,
1005100,P00196542,F,51-55,55,0,AndhraÂ Pradesh,Southern,Healthcare,Food,4,15295.0,,
1001552,P00188942,F,46-50,49,1,Uttar Pradesh,Central,Automobile,Food,1,15295.0,,
1000741,P00179442,F,26-35,32,0,Madhya Pradesh,Central,Banking,Food,2,15294.0,,
1002934,P00037242,M,36-45,45,1,Uttar Pradesh,Central,Automobile,Food,1,15289.0,,
1003118,P00228642,F,26-35,28,0,Uttar Pradesh,Central,Banking,Food,2,15287.0,,
1003945,P00277442,M,46-50,50,0,Himachal Pradesh,Northern,Food Processing,Food,2,15286.0,,
1003904,P00214642,M,0-17,14,0,Madhya Pradesh,Central,Retail,Food,3,15286.0,,
1002771,P00163842,F,18-25,18,1,Gujarat,Western,Aviation,Food,1,15285.0,,
1000457,P00192942,F,18-25,20,1,Uttar Pradesh,Central,Govt,Food,2,15285.0,,
1004607,P00102242,F,26-35,35,0,Uttar Pradesh,Central,Automobile,Food,3,15284.0,,
1002537,P00116542,F,36-45,39,1,Jharkhand,Eastern,Retail,Food,4,15283.0,,
1005029,P00003442,F,26-35,32,0,Madhya Pradesh,Central,Agriculture,Food,2,15283.0,,
1005482,P00145042,F,18-25,19,0,Uttar Pradesh,Central,Retail,Food,4,15283.0,,
1000518,P00119642,M,36-45,45,0,Delhi,Central,Media,Food,1,15282.0,,
1001692,P00085942,F,36-45,36,1,Maharashtra,Western,Media,Food,2,15280.0,,
1002457,P00035542,F,26-35,30,0,Maharashtra,Western,Hospitality,Food,3,15279.0,,
1005156,P0009942,F,18-25,19,0,Gujarat,Western,Healthcare,Food,2,15278.0,,
1004162,P00125742,M,26-35,33,1,Maharashtra,Western,Construction,Food,4,15274.0,,
1001016,P00286742,F,55+,85,0,Madhya Pradesh,Central,IT Sector,Food,4,15273.0,,
1005585,P00209742,F,26-35,34,0,Uttar Pradesh,Central,Construction,Food,3,15273.0,,
1000264,P00183242,F,36-45,42,1,Uttar Pradesh,Central,Media,Food,4,15273.0,,
1005574,P00254242,F,26-35,35,1,AndhraÂ Pradesh,Southern,IT Sector,Food,3,15272.0,,
1000628,P00043742,M,36-45,43,1,Delhi,Central,Media,Food,2,15270.0,,
1001968,P00105142,F,26-35,32,0,Uttar Pradesh,Central,Govt,Food,1,15269.0,,
1005306,P00139742,M,26-35,34,1,Uttar Pradesh,Central,Textile,Food,2,15268.0,,
1002743,P00332442,F,26-35,27,0,AndhraÂ Pradesh,Southern,Agriculture,Food,1,15267.0,,
1005473,P00031042,F,26-35,29,0,AndhraÂ Pradesh,Southern,Chemical,Food,1,15267.0,,
1000539,P00341342,F,26-35,26,1,Karnataka,Southern,Media,Food,4,15266.0,,
1001430,P00112842,F,18-25,19,0,Uttar Pradesh,Central,Aviation,Food,2,15265.0,,
1002402,P00178042,F,46-50,50,0,Delhi,Central,Hospitality,Food,1,15264.0,,
1001999,P00084642,M,36-45,38,0,Uttarakhand,Central,Healthcare,Food,2,15263.0,,
1003874,P00193742,F,26-35,28,0,Haryana,Northern,Aviation,Food,4,15262.0,,
1004367,P0095742,F,36-45,39,1,Madhya Pradesh,Central,Healthcare,Food,3,15262.0,,
1000531,P00330442,M,18-25,20,0,Uttar Pradesh,Central,Healthcare,Food,2,15262.0,,
1000223,P00110742,F,26-35,33,1,Madhya Pradesh,Central,Media,Food,2,15261.0,,
1001377,P00014642,F,36-45,36,0,Delhi,Central,Media,Food,2,15260.0,,
1003541,P00285842,F,26-35,30,0,Uttar Pradesh,Central,Aviation,Food,2,15260.0,,
1000851,P00270942,F,18-25,21,0,Delhi,Central,Govt,Food,2,15256.0,,
1002833,P00270242,F,26-35,32,1,Telangana,Southern,Food Processing,Food,4,15256.0,,
1000015,P00302442,F,26-35,29,0,AndhraÂ Pradesh,Southern,Chemical,Food,2,15254.0,,
1004312,P00093642,F,26-35,31,0,AndhraÂ Pradesh,Southern,Healthcare,Food,3,15254.0,,
1003733,P00370442,F,18-25,20,0,Karnataka,Southern,Hospitality,Food,1,15254.0,,
1003768,P00351942,F,26-35,35,0,Maharashtra,Western,Banking,Food,2,15254.0,,
1001101,P00185442,F,36-45,38,0,Uttar Pradesh,Central,Healthcare,Food,2,15254.0,,
1001667,P00341342,F,51-55,53,0,Haryana,Northern,Media,Food,1,15251.0,,
1004899,P00265342,F,26-35,31,1,Delhi,Central,Govt,Food,1,15250.0,,
1004167,P00226242,F,26-35,34,0,Kerala,Southern,Media,Food,2,15249.0,,
1002857,P00132042,F,26-35,33,0,Maharashtra,Western,Aviation,Food,3,15248.0,,
1002854,P00351842,M,18-25,25,0,Madhya Pradesh,Central,Banking,Food,2,15247.0,,
1000424,P00074142,F,26-35,26,0,Maharashtra,Western,Aviation,Food,3,15247.0,,
1005341,P00271142,M,26-35,27,0,Uttar Pradesh,Central,Aviation,Food,2,15247.0,,
1003890,P00205042,F,18-25,25,1,Karnataka,Southern,Chemical,Food,2,15246.0,,
1001837,P00204242,F,26-35,29,1,Maharashtra,Western,Media,Food,1,15246.0,,
1004608,P00303842,M,26-35,27,1,Himachal Pradesh,Northern,Govt,Food,4,15244.0,,
1004437,P00211142,M,36-45,37,1,Uttar Pradesh,Central,Lawyer,Food,4,15244.0,,
1004584,P00287842,M,46-50,48,1,AndhraÂ Pradesh,Southern,Healthcare,Food,4,15242.0,,
1004584,P00287842,M,46-50,48,1,Delhi,Central,Healthcare,Food,2,15242.0,,
1003464,P00328142,M,26-35,26,1,Karnataka,Southern,Aviation,Food,2,15241.0,,
1005570,P00288042,F,26-35,30,1,Bihar,Eastern,Aviation,Food,2,15240.0,,
1001496,P00108842,F,26-35,31,0,Haryana,Northern,Healthcare,Food,4,15240.0,,
1003509,P00002642,M,18-25,25,1,Maharashtra,Western,Automobile,Food,2,15240.0,,
1002942,P00343042,M,51-55,54,1,Uttarakhand,Central,Media,Food,2,15239.0,,
1005276,P00080342,M,26-35,26,0,Uttar Pradesh,Central,Chemical,Food,2,15238.0,,
1004447,P00226842,F,46-50,46,0,Madhya Pradesh,Central,Govt,Food,1,15237.0,,
1004784,P00324642,M,36-45,44,0,AndhraÂ Pradesh,Southern,Banking,Food,4,15236.0,,
1003786,P00173742,M,26-35,28,0,Uttar Pradesh,Central,Chemical,Food,2,15236.0,,
1001422,P00138542,F,36-45,40,0,Uttar Pradesh,Central,Textile,Food,4,15236.0,,
1005605,P00324942,M,18-25,22,0,Maharashtra,Western,Retail,Food,1,15235.0,,
1001119,P00014542,F,36-45,43,0,Uttar Pradesh,Central,Construction,Food,4,15234.0,,
1004153,P00078542,F,51-55,51,0,Uttar Pradesh,Central,IT Sector,Food,4,15234.0,,
1005948,P00307442,F,55+,70,0,Uttar Pradesh,Central,Banking,Food,1,15234.0,,
1003391,P00195942,M,18-25,20,1,Jharkhand,Eastern,Lawyer,Food,3,15233.0,,
1003807,P00057442,M,36-45,43,0,Maharashtra,Western,Hospitality,Food,3,15232.0,,
1003823,P00259742,F,55+,78,0,Uttar Pradesh,Central,Healthcare,Food,2,15232.0,,
1001011,P00005042,F,26-35,35,0,Delhi,Central,Retail,Food,3,15231.0,,
1002383,P00120942,M,26-35,30,1,Uttar Pradesh,Central,Hospitality,Food,1,15230.0,,
1004802,P00246742,M,55+,64,0,Karnataka,Southern,Govt,Food,1,15228.0,,
1001051,P00216342,M,26-35,34,0,Bihar,Eastern,Banking,Food,3,15227.0,,
1004849,P00110942,M,18-25,24,0,Uttar Pradesh,Central,IT Sector,Food,3,15227.0,,
1004979,P00217242,F,36-45,44,0,Uttar Pradesh,Central,Aviation,Food,1,15227.0,,
1001156,P00252042,M,51-55,55,1,Delhi,Central,Chemical,Food,1,15226.0,,
1003558,P00223842,F,18-25,20,1,Haryana,Northern,Banking,Food,4,15226.0,,
1001331,P00111442,F,46-50,48,0,Uttar Pradesh,Central,Banking,Food,1,15225.0,,
1004508,P00163442,F,26-35,27,1,Haryana,Northern,IT Sector,Food,3,15223.0,,
1003469,P00196742,F,46-50,47,1,Telangana,Southern,Healthcare,Food,2,15223.0,,
1004611,P00156442,M,18-25,21,0,Madhya Pradesh,Central,Healthcare,Food,2,15222.0,,
1005684,P00222242,F,18-25,24,0,Madhya Pradesh,Central,Govt,Food,4,15221.0,,
1001496,P00233342,F,26-35,29,1,Uttar Pradesh,Central,Lawyer,Food,1,15219.0,,
1003885,P00174142,F,26-35,30,0,Madhya Pradesh,Central,Chemical,Food,2,15218.0,,
1005831,P00090542,F,26-35,28,1,Rajasthan,Northern,Aviation,Food,1,15218.0,,
1002483,P00313442,F,55+,66,0,Uttar Pradesh,Central,Retail,Food,1,15218.0,,
1003409,P00034742,F,26-35,33,0,Madhya Pradesh,Central,Hospitality,Food,4,15217.0,,
1004784,P00042842,M,36-45,39,0,Uttar Pradesh,Central,IT Sector,Food,4,15216.0,,
1005420,P00156842,F,0-17,13,0,Karnataka,Southern,Healthcare,Food,1,15213.0,,
1003557,P00087442,F,18-25,24,1,Maharashtra,Western,Govt,Food,3,15212.0,,
1006009,P00034742,M,26-35,34,0,Rajasthan,Northern,Automobile,Food,2,15212.0,,
1004940,P00247642,M,51-55,53,0,Madhya Pradesh,Central,Media,Food,1,15209.0,,
1002165,P00106042,F,26-35,35,1,Maharashtra,Western,Hospitality,Food,3,15208.0,,
1000746,P00028542,M,18-25,24,1,Punjab,Northern,Aviation,Food,1,15208.0,,
1006036,P00178242,M,26-35,27,0,Uttar Pradesh,Central,Govt,Food,4,15208.0,,
1002676,P00177942,F,55+,72,0,Haryana,Northern,Lawyer,Food,2,15204.0,,
1003062,P00250242,F,18-25,22,0,Maharashtra,Western,Lawyer,Food,3,15204.0,,
1001875,P00240442,F,36-45,37,0,Maharashtra,Western,Automobile,Food,2,15204.0,,
1000654,P00279442,F,51-55,51,0,Uttar Pradesh,Central,Media,Food,1,15204.0,,
1003856,P00338442,M,36-45,38,0,AndhraÂ Pradesh,Southern,Retail,Food,3,15201.0,,
1002063,P00245642,F,26-35,33,0,Karnataka,Southern,Hospitality,Food,1,15201.0,,
1005313,P00335542,F,55+,79,0,Madhya Pradesh,Central,Hospitality,Food,4,15201.0,,
1001543,P00315642,F,26-35,28,0,Uttar Pradesh,Central,Govt,Food,3,15201.0,,
1000272,P00136542,M,18-25,21,1,AndhraÂ Pradesh,Southern,Lawyer,Food,3,15199.0,,
1003958,P00154642,M,46-50,49,1,Madhya Pradesh,Central,Banking,Food,1,15199.0,,
1002049,P00126442,M,51-55,51,0,Madhya Pradesh,Central,Aviation,Food,1,15198.0,,
1003488,P00129842,F,46-50,46,1,Maharashtra,Western,Healthcare,Food,4,15198.0,,
1005826,P00249642,F,18-25,20,0,Delhi,Central,Aviation,Food,4,15197.0,,
1001457,P00329442,F,26-35,33,0,Karnataka,Southern,Media,Food,2,15197.0,,
1000062,P00085642,M,36-45,40,1,Karnataka,Southern,Chemical,Food,2,15197.0,,
1002668,P00075942,M,26-35,33,0,Maharashtra,Western,Food Processing,Food,2,15197.0,,
1004112,P00001042,F,46-50,48,1,Karnataka,Southern,Hospitality,Food,4,15195.0,,
1005615,P00084442,F,36-45,39,1,Uttar Pradesh,Central,Aviation,Food,3,15195.0,,
1002866,P00345842,F,26-35,28,1,Karnataka,Southern,Aviation,Food,2,15192.0,,
1002820,P00286342,M,36-45,43,1,Jharkhand,Eastern,Hospitality,Food,1,15191.0,,
1002797,P00226242,M,26-35,27,0,Madhya Pradesh,Central,Aviation,Food,4,15191.0,,
1001329,P00145042,F,18-25,20,0,Maharashtra,Western,Aviation,Food,3,15191.0,,
1001501,P0096042,F,26-35,28,1,Karnataka,Southern,Healthcare,Food,4,15190.0,,
1003475,P00260142,F,26-35,34,1,Uttar Pradesh,Central,Lawyer,Food,4,15190.0,,
1000509,P00234842,F,26-35,30,0,Uttar Pradesh,Central,IT Sector,Food,4,15189.0,,
1001473,P00339842,F,26-35,34,0,Uttar Pradesh,Central,Automobile,Food,3,15189.0,,
1003153,P00303042,M,26-35,32,1,Himachal Pradesh,Northern,Hospitality,Food,2,15188.0,,
1003153,P00303042,M,26-35,32,1,Telangana,Southern,Hospitality,Food,1,15188.0,,
1000010,P00053842,M,36-45,45,0,Delhi,Central,Chemical,Food,2,15187.0,,
1001990,P00253542,F,26-35,29,0,Uttar Pradesh,Central,Media,Food,2,15187.0,,
1003779,P00087242,M,46-50,50,0,Uttar Pradesh,Central,IT Sector,Food,1,15187.0,,
1005029,P00324542,F,26-35,32,0,Uttar Pradesh,Central,Lawyer,Food,2,15185.0,,
1003476,P00266542,F,51-55,55,0,Uttar Pradesh,Central,Media,Food,2,15185.0,,
1004312,P00303142,F,26-35,27,1,Maharashtra,Western,IT Sector,Food,1,15183.0,,
1001551,P00369742,F,26-35,32,1,Maharashtra,Western,Aviation,Food,3,15182.0,,
1004774,P00334242,F,46-50,48,1,Maharashtra,Western,Lawyer,Food,3,15182.0,,
1002063,P00180642,F,26-35,33,0,Delhi,Central,Banking,Hand & Power Tools,2,15181.0,,
1002652,P00285842,M,36-45,40,0,Maharashtra,Western,Healthcare,Food,4,15181.0,,
1004312,P00367342,F,26-35,27,1,Uttar Pradesh,Central,Aviation,Food,4,15181.0,,
1001647,P00320842,F,18-25,24,0,Bihar,Eastern,Aviation,Food,4,15179.0,,
1003901,P00352242,F,18-25,25,1,Karnataka,Southern,Hospitality,Food,2,15179.0,,
1004013,P00173042,F,26-35,31,0,Karnataka,Southern,Construction,Food,2,15178.0,,
1003804,P00025442,F,26-35,29,0,Karnataka,Southern,Lawyer,Food,3,15176.0,,
1001797,P00210042,F,36-45,38,1,Delhi,Central,Aviation,Food,4,15174.0,,
1000092,P00177242,M,18-25,21,0,Madhya Pradesh,Central,Govt,Food,1,15173.0,,
1005837,P00034442,F,26-35,28,1,AndhraÂ Pradesh,Southern,Media,Food,1,15171.0,,
1005255,P00304042,F,0-17,16,0,Uttar Pradesh,Central,Hospitality,Food,2,15169.0,,
1002564,P00259942,M,36-45,39,0,Uttar Pradesh,Central,Healthcare,Food,3,15168.0,,
1002922,P00248142,F,26-35,29,0,Maharashtra,Western,Hospitality,Food,2,15166.0,,
1001278,P00199442,F,18-25,18,0,Delhi,Central,Aviation,Food,1,15165.0,,
1003201,P00195342,F,46-50,47,0,Delhi,Central,Hospitality,Food,3,15165.0,,
1004140,P00193042,F,26-35,32,1,AndhraÂ Pradesh,Southern,IT Sector,Food,2,15164.0,,
1004444,P00277642,M,26-35,26,0,Karnataka,Southern,IT Sector,Food,1,15163.0,,
1004084,P00229942,F,55+,80,0,Maharashtra,Western,Automobile,Food,4,15163.0,,
1002870,P00048442,M,51-55,53,1,Maharashtra,Western,Chemical,Food,1,15162.0,,
1002541,P00052642,M,36-45,40,1,Kerala,Southern,Chemical,Food,3,15161.0,,
1004958,P00184342,F,18-25,23,0,Karnataka,Southern,Govt,Food,4,15160.0,,
1002334,P00339842,M,55+,61,1,Telangana,Southern,Construction,Hand & Power Tools,1,15151.0,,
1003064,P00358442,F,36-45,41,1,Delhi,Central,Govt,Hand & Power Tools,4,15102.0,,
1001680,P00006942,M,26-35,26,1,Delhi,Central,Hospitality,Hand & Power Tools,1,14928.0,,
1000637,P00113042,F,36-45,38,1,Delhi,Central,Banking,Hand & Power Tools,4,14893.0,,
1003346,P00052242,F,36-45,36,0,Delhi,Central,Hospitality,Hand & Power Tools,4,14759.0,,
1002063,P00018642,F,26-35,27,1,Delhi,Central,Retail,Hand & Power Tools,3,14663.0,,
1002888,P00184942,F,26-35,31,0,AndhraÂ Pradesh,Southern,IT Sector,Gift Card,2,14641.0,,
1003727,P00186342,F,36-45,39,0,Uttar Pradesh,Central,Hospitality,Gift Card,2,14640.0,,
1003331,P00154042,M,26-35,32,0,Himachal Pradesh,Northern,Healthcare,Hand & Power Tools,2,14627.0,,
1002334,P00003442,M,55+,85,0,Uttar Pradesh,Central,Banking,Hand & Power Tools,4,14564.0,,
1003585,P00213442,F,36-45,40,1,AndhraÂ Pradesh,Southern,IT Sector,Gift Card,1,14325.0,,
1001470,P00309742,F,18-25,20,0,Maharashtra,Western,Govt,Gift Card,2,14323.0,,
1001939,P00111042,M,36-45,44,0,Karnataka,Southern,Hospitality,Gift Card,4,14255.0,,
1001150,P00112542,M,26-35,28,0,Punjab,Northern,Aviation,Hand & Power Tools,4,14187.0,,
1003533,P00039942,M,26-35,31,1,AndhraÂ Pradesh,Southern,Lawyer,Gift Card,2,14160.0,,
1002526,P00274242,F,55+,82,0,AndhraÂ Pradesh,Southern,Media,Gift Card,1,14063.0,,
1001248,P00344242,M,36-45,36,0,Madhya Pradesh,Central,Aviation,Gift Card,1,13977.0,,
1003910,P00249642,F,26-35,26,0,AndhraÂ Pradesh,Southern,Construction,Gift Card,1,13963.0,,
1001941,P00259142,M,36-45,26,1,Uttar Pradesh,Central,Lawyer,Gift Card,1,13867.0,,
1001202,P00277642,F,36-45,39,0,AndhraÂ Pradesh,Southern,Food Processing,Gift Card,3,13832.0,,
1001050,P00184842,F,26-35,30,0,Maharashtra,Western,Retail,Sports Products,4,13702.0,,
1003816,P00177042,M,26-35,28,0,Gujarat,Western,IT Sector,Sports Products,3,13699.0,,
1000148,P00024742,F,51-55,51,0,Gujarat,Western,Govt,Sports Products,3,13675.0,,
1001978,P00220242,F,0-17,12,0,Karnataka,Southern,Retail,Sports Products,3,13667.0,,
1002011,P00193542,M,36-45,44,0,Delhi,Central,Retail,Sports Products,3,13662.0,,
1000669,P00051142,F,26-35,34,0,Maharashtra,Western,Media,Sports Products,3,13662.0,,
1005457,P00226342,F,18-25,25,1,Maharashtra,Western,Agriculture,Sports Products,2,13658.0,,
1005390,P00221042,M,0-17,17,1,Uttar Pradesh,Central,Automobile,Sports Products,1,13655.0,,
1003024,P00303942,F,36-45,45,1,Maharashtra,Western,Agriculture,Sports Products,4,13653.0,,
1000490,P00110742,F,0-17,16,1,Bihar,Eastern,Hospitality,Sports Products,4,13650.0,,
1004259,P00340642,F,36-45,45,0,Karnataka,Southern,Hospitality,Sports Products,4,13647.0,,
1005475,P00284642,F,26-35,32,0,Haryana,Northern,Media,Sports Products,2,13624.0,,
1001550,P00132042,F,18-25,24,0,Maharashtra,Western,Retail,Sports Products,2,13618.0,,
1000285,P00184442,M,36-45,44,1,Karnataka,Southern,Lawyer,Sports Products,4,13613.0,,
1002504,P00059742,F,26-35,34,1,Bihar,Eastern,Chemical,Sports Products,3,13610.0,,
1001920,P00215442,M,36-45,44,1,Delhi,Central,Media,Sports Products,4,13610.0,,
1001796,P00087342,F,51-55,54,0,Karnataka,Southern,Healthcare,Sports Products,1,13609.0,,
1005394,P00033542,F,18-25,23,0,AndhraÂ Pradesh,Southern,Textile,Sports Products,1,13608.0,,
1004422,P00057542,F,26-35,32,0,Himachal Pradesh,Northern,IT Sector,Sports Products,3,13607.0,,
1001076,P00000142,M,26-35,34,1,Maharashtra,Western,Automobile,Sports Products,3,13598.0,,
1005851,P00031042,M,18-25,20,0,Maharashtra,Western,IT Sector,Sports Products,2,13583.0,,
1005536,P00261542,F,26-35,31,0,Uttar Pradesh,Central,Govt,Sports Products,1,13578.0,,
1005575,P00240442,F,36-45,44,0,Gujarat,Western,Lawyer,Sports Products,2,13576.0,,
1001667,P00132642,F,51-55,51,0,Bihar,Eastern,IT Sector,Sports Products,2,13575.0,,
1004104,P00087442,F,18-25,21,1,Maharashtra,Western,Chemical,Sports Products,3,13560.0,,
1006040,P00211242,F,26-35,27,0,Bihar,Eastern,Media,Sports Products,1,13557.0,,
1003402,P00090942,F,36-45,38,1,Maharashtra,Western,IT Sector,Sports Products,3,13556.0,,
1003771,P00345542,F,26-35,31,0,AndhraÂ Pradesh,Southern,Healthcare,Sports Products,2,13547.0,,
1002407,P00088942,F,36-45,40,0,Bihar,Eastern,Healthcare,Sports Products,2,13546.0,,
1001466,P00237742,F,18-25,21,1,Maharashtra,Western,Aviation,Sports Products,2,13545.0,,
1000476,P00304142,F,36-45,45,0,Uttar Pradesh,Central,Textile,Sports Products,4,13545.0,,
1003775,P00118742,F,36-45,39,0,Uttar Pradesh,Central,Banking,Sports Products,3,13536.0,,
1002180,P00010942,F,26-35,30,0,Bihar,Eastern,Healthcare,Sports Products,1,13533.0,,
1002638,P00313542,F,26-35,34,0,Uttar Pradesh,Central,Healthcare,Sports Products,3,13528.0,,
1000802,P00010842,F,26-35,28,0,Himachal Pradesh,Northern,Textile,Sports Products,2,13527.0,,
1004328,P00058642,F,51-55,55,1,Maharashtra,Western,Media,Sports Products,2,13522.0,,
1001540,P00251242,F,46-50,48,1,Haryana,Northern,IT Sector,Sports Products,1,13520.0,,
1001088,P00332342,M,0-17,17,0,Maharashtra,Western,Retail,Sports Products,1,13515.0,,
1004854,P00117942,M,51-55,55,1,AndhraÂ Pradesh,Southern,Hospitality,Sports Products,3,13501.0,,
1004021,P00113342,F,51-55,54,1,Karnataka,Southern,Automobile,Sports Products,2,13498.0,,
1001978,P00034742,M,0-17,14,0,Bihar,Eastern,Hospitality,Sports Products,3,13495.0,,
1004875,P00322542,F,36-45,45,1,Haryana,Northern,Hospitality,Sports Products,1,13493.0,,
1004472,P00085942,M,46-50,50,0,Uttar Pradesh,Central,Aviation,Sports Products,3,13488.0,,
1003808,P00042942,F,26-35,33,0,Uttar Pradesh,Central,Retail,Sports Products,3,13481.0,,
1003709,P00028442,F,26-35,29,0,Karnataka,Southern,Lawyer,Sports Products,1,13480.0,,
1005540,P00344042,F,36-45,45,1,Gujarat,Western,IT Sector,Sports Products,1,13467.0,,
1002018,P00036142,F,36-45,38,0,Uttar Pradesh,Central,Aviation,Sports Products,2,13466.0,,
1001889,P00157542,M,18-25,18,1,Karnataka,Southern,Textile,Sports Products,1,13465.0,,
1003773,P00100942,F,36-45,45,0,Karnataka,Southern,Lawyer,Sports Products,2,13458.0,,
1005676,P00112142,M,26-35,35,0,Delhi,Central,IT Sector,Sports Products,1,13455.0,,
1003327,P00229742,F,18-25,25,1,Haryana,Northern,Hospitality,Sports Products,1,13455.0,,
1005753,P00295942,F,18-25,21,1,Karnataka,Southern,Media,Sports Products,3,13453.0,,
1004220,P00254242,F,36-45,41,0,Maharashtra,Western,Chemical,Sports Products,4,13430.0,,
1003992,P0095742,F,26-35,34,1,AndhraÂ Pradesh,Southern,Lawyer,Sports Products,3,13429.0,,
1004905,P00051442,M,46-50,46,1,Madhya Pradesh,Central,Aviation,Sports Products,1,13429.0,,
1005468,P00268842,F,26-35,35,1,Uttar Pradesh,Central,Aviation,Sports Products,4,13424.0,,
1004602,P00138542,F,36-45,44,1,Uttar Pradesh,Central,IT Sector,Sports Products,2,13423.0,,
1002125,P00341342,F,36-45,42,0,Bihar,Eastern,IT Sector,Sports Products,3,13403.0,,
1004386,P00178942,F,26-35,35,1,Gujarat,Western,Healthcare,Sports Products,2,13403.0,,
1004457,P00156042,F,36-45,37,0,Uttar Pradesh,Central,Hospitality,Sports Products,1,13403.0,,
1000998,P00370342,F,46-50,48,0,Bihar,Eastern,Textile,Sports Products,3,13400.0,,
1005005,P00026642,F,46-50,47,1,Haryana,Northern,Healthcare,Sports Products,3,13397.0,,
1003154,P00115542,M,26-35,33,0,Kerala,Southern,IT Sector,Sports Products,2,13396.0,,
1001797,P00276042,F,36-45,41,0,Gujarat,Western,Govt,Sports Products,4,13393.0,,
1003562,P00003242,M,26-35,34,1,AndhraÂ Pradesh,Southern,Banking,Sports Products,2,13391.0,,
1002682,P0097342,F,18-25,23,0,Karnataka,Southern,Healthcare,Sports Products,3,13387.0,,
1003129,P00308342,F,26-35,27,0,Uttar Pradesh,Central,Healthcare,Sports Products,1,13383.0,,
1005777,P00113942,F,0-17,16,0,Gujarat,Western,IT Sector,Sports Products,2,13381.0,,
1001172,P0099442,M,26-35,35,1,Madhya Pradesh,Central,Govt,Sports Products,1,13376.0,,
1001696,P00053542,F,36-45,45,0,Madhya Pradesh,Central,Healthcare,Sports Products,3,13371.0,,
1000033,P00080342,F,46-50,48,1,Maharashtra,Western,Construction,Sports Products,1,13371.0,,
1005683,P00037242,M,18-25,20,0,Uttarakhand,Central,Textile,Sports Products,2,13367.0,,
1002666,P00295742,F,46-50,47,1,Karnataka,Southern,Aviation,Sports Products,4,13354.0,,
1004810,P00029542,F,18-25,24,1,Himachal Pradesh,Northern,Food Processing,Sports Products,2,13351.0,,
1003242,P00263042,F,51-55,55,0,Uttar Pradesh,Central,Banking,Sports Products,3,13348.0,,
1000131,P00188442,F,18-25,23,0,Haryana,Northern,Chemical,Sports Products,4,13345.0,,
1000100,P00032042,F,36-45,39,0,Himachal Pradesh,Northern,Construction,Sports Products,4,13338.0,,
1000331,P00112142,F,26-35,29,1,Maharashtra,Western,Agriculture,Sports Products,3,13337.0,,
1001958,P00025042,M,26-35,32,0,Uttar Pradesh,Central,Healthcare,Sports Products,3,13334.0,,
1004058,P00036342,F,26-35,28,1,Gujarat,Western,Construction,Games & Toys,1,13329.0,,
1005332,P00338542,F,18-25,18,1,Uttar Pradesh,Central,IT Sector,Games & Toys,2,13327.0,,
1003776,P00259142,M,26-35,31,1,Karnataka,Southern,Food Processing,Games & Toys,2,13326.0,,
1003345,P00145042,F,26-35,30,0,AndhraÂ Pradesh,Southern,Healthcare,Sports Products,2,13325.0,,
1004360,P00190542,M,26-35,33,0,Delhi,Central,Retail,Games & Toys,3,13322.0,,
1000934,P00145642,M,36-45,37,0,Himachal Pradesh,Northern,Agriculture,Games & Toys,1,13308.0,,
1004342,P00125942,F,26-35,31,0,Maharashtra,Western,Hospitality,Sports Products,1,13304.0,,
1006000,P00126242,F,46-50,49,0,Maharashtra,Western,Healthcare,Sports Products,4,13297.0,,
1004681,P00110042,M,36-45,36,1,Delhi,Central,Media,Sports Products,1,13292.0,,
1002590,P00123642,F,18-25,23,0,Madhya Pradesh,Central,Automobile,Sports Products,1,13291.0,,
1005455,P00248142,M,18-25,19,1,Rajasthan,Northern,Healthcare,Games & Toys,1,13289.0,,
1005455,P00248142,M,18-25,19,1,Rajasthan,Northern,Healthcare,Games & Toys,4,13289.0,,
1001593,P00294542,F,26-35,34,1,Maharashtra,Western,Healthcare,Games & Toys,1,13286.0,,
1002089,P00059442,F,36-45,40,0,Himachal Pradesh,Northern,Construction,Games & Toys,1,13284.0,,
1004568,P00279542,M,26-35,26,0,AndhraÂ Pradesh,Southern,Hospitality,Sports Products,4,13282.0,,
1004625,P00119442,F,26-35,27,0,Maharashtra,Western,Banking,Games & Toys,1,13277.0,,
1002017,P00146742,F,26-35,27,0,Uttar Pradesh,Central,Banking,Games & Toys,3,13277.0,,
1004183,P00130842,F,26-35,27,0,AndhraÂ Pradesh,Southern,IT Sector,Games & Toys,2,13276.0,,
1004578,P00074042,F,26-35,30,0,Bihar,Eastern,Aviation,Games & Toys,4,13272.0,,
1000550,P00091142,F,46-50,50,1,Karnataka,Southern,Banking,Books,1,13264.0,,
1004236,P00192042,M,26-35,29,1,Kerala,Southern,Banking,Games & Toys,2,13263.0,,
1004441,P00100742,F,18-25,22,0,Maharashtra,Western,Media,Games & Toys,1,13263.0,,
1005046,P00324742,M,26-35,31,0,Delhi,Central,Agriculture,Stationery,1,13260.0,,
1000476,P00011842,F,36-45,43,1,Haryana,Northern,Banking,Games & Toys,3,13260.0,,
1004728,P00312842,F,26-35,28,1,Karnataka,Southern,IT Sector,Games & Toys,2,13259.0,,
1003081,P00075442,F,26-35,30,0,Haryana,Northern,Media,Sports Products,1,13251.0,,
1003087,P00034042,M,0-17,15,0,Uttar Pradesh,Central,Healthcare,Stationery,2,13250.0,,
1003490,P00116042,F,26-35,30,1,Gujarat,Western,Media,Games & Toys,4,13249.0,,
1005102,P00303042,M,26-35,30,0,Madhya Pradesh,Central,Govt,Books,4,13248.0,,
1004490,P00159542,F,36-45,37,0,Madhya Pradesh,Central,Aviation,Games & Toys,1,13245.0,,
1004940,P00258942,M,51-55,53,0,Maharashtra,Western,Media,Games & Toys,4,13239.0,,
1004285,P00002042,F,36-45,38,0,Uttar Pradesh,Central,Banking,Sports Products,1,13235.0,,
1001736,P00363242,F,55+,82,0,Karnataka,Southern,Aviation,Books,3,13231.0,,
1003648,P00004542,F,18-25,25,1,Haryana,Northern,Food Processing,Sports Products,2,13228.0,,
1002611,P00288342,F,26-35,28,0,Delhi,Central,Retail,Stationery,2,13220.0,,
1001096,P00035242,F,0-17,16,1,Madhya Pradesh,Central,Banking,Sports Products,4,13218.0,,
1005126,P00173342,M,26-35,31,1,Maharashtra,Western,IT Sector,Books,1,13215.0,,
1005543,P00121642,M,26-35,35,1,Jharkhand,Eastern,Media,Books,1,13213.0,,
1000531,P00110842,M,18-25,18,1,Karnataka,Southern,Healthcare,Sports Products,1,13212.0,,
1004904,P00288442,F,51-55,54,0,Himachal Pradesh,Northern,Hospitality,Games & Toys,3,13210.0,,
1000402,P00187442,F,26-35,30,0,Uttar Pradesh,Central,Govt,Sports Products,4,13206.0,,
1004713,P00164342,F,26-35,33,0,Madhya Pradesh,Central,IT Sector,Games & Toys,1,13205.0,,
1000524,P00287242,F,18-25,22,1,Karnataka,Southern,Food Processing,Sports Products,4,13202.0,,
1002096,P00196442,M,26-35,33,1,Haryana,Northern,Healthcare,Books,1,13201.0,,
1004544,P00339042,F,55+,88,0,Karnataka,Southern,Agriculture,Books,2,13201.0,,
1003658,P00199642,M,26-35,32,1,Uttar Pradesh,Central,Healthcare,Sports Products,4,13201.0,,
1005038,P00028542,F,26-35,27,1,Karnataka,Southern,Aviation,Games & Toys,3,13199.0,,
1003477,P00188442,M,51-55,53,0,AndhraÂ Pradesh,Southern,Retail,Sports Products,2,13195.0,,
1002092,P00222242,F,55+,80,1,Maharashtra,Western,Agriculture,Sports Products,1,13195.0,,
1003224,P00285642,M,26-35,30,1,Delhi,Central,Retail,Sports Products,3,13194.0,,
1004488,P00280442,F,36-45,39,1,Maharashtra,Western,Media,Games & Toys,4,13186.0,,
1005273,P00110842,F,55+,76,1,Karnataka,Southern,Healthcare,Games & Toys,1,13184.0,,
1004899,P00121342,M,26-35,35,1,Delhi,Central,Banking,Books,3,13183.0,,
1005457,P00161942,F,18-25,20,0,Bihar,Eastern,IT Sector,Games & Toys,1,13176.0,,
1004682,P00250842,F,26-35,34,0,Himachal Pradesh,Northern,Food Processing,Games & Toys,1,13168.0,,
1002335,P00313542,F,51-55,53,0,Karnataka,Southern,Aviation,Games & Toys,4,13162.0,,
1005025,P00316642,F,26-35,30,0,Jharkhand,Eastern,Food Processing,Games & Toys,1,13158.0,,
1002532,P00120842,M,55+,77,1,Rajasthan,Northern,Retail,Games & Toys,2,13158.0,,
1003312,P00248142,M,18-25,19,1,Uttar Pradesh,Central,Media,Games & Toys,2,13156.0,,
1004674,P00220742,M,36-45,40,1,Bihar,Eastern,Govt,Stationery,3,13151.0,,
1001015,P00342742,F,36-45,40,1,Karnataka,Southern,Banking,Games & Toys,1,13151.0,,
1001224,P00302942,F,51-55,55,0,Karnataka,Southern,Chemical,Books,4,13148.0,,
1004041,P00359642,F,18-25,25,0,Uttar Pradesh,Central,Retail,Stationery,4,13148.0,,
1005787,P00051442,F,26-35,28,1,Uttar Pradesh,Central,Govt,Games & Toys,1,13146.0,,
1003313,P00242742,F,36-45,45,1,Maharashtra,Western,Chemical,Games & Toys,2,13144.0,,
1001451,P00016742,F,36-45,41,0,Maharashtra,Western,Media,Games & Toys,2,13143.0,,
1000338,P00252042,F,36-45,40,0,Karnataka,Southern,IT Sector,Books,4,13140.0,,
1001398,P00295742,M,55+,90,0,Uttar Pradesh,Central,Automobile,Games & Toys,1,13140.0,,
1001503,P00000342,F,26-35,35,0,Karnataka,Southern,Retail,Games & Toys,3,13139.0,,
1001181,P00319242,F,36-45,44,0,Karnataka,Southern,Automobile,Games & Toys,4,13139.0,,
1002559,P00223642,F,18-25,21,0,Delhi,Central,Hospitality,Stationery,4,13134.0,,
1003491,P00207742,M,26-35,34,0,Uttar Pradesh,Central,Media,Stationery,1,13133.0,,
1003032,P00329242,F,26-35,27,1,Uttar Pradesh,Central,Aviation,Books,3,13127.0,,
1005916,P0097742,F,51-55,55,1,Karnataka,Southern,Aviation,Books,1,13120.0,,
1001778,P00211542,F,18-25,18,1,Karnataka,Southern,Lawyer,Games & Toys,2,13119.0,,
1000347,P00106942,M,55+,74,0,Delhi,Central,Textile,Games & Toys,2,13114.0,,
1000957,P00329642,F,36-45,41,1,AndhraÂ Pradesh,Southern,Banking,Games & Toys,4,13111.0,,
1003610,P00173342,F,18-25,23,1,Maharashtra,Western,Banking,Games & Toys,2,13109.0,,
1001356,P00330642,M,18-25,23,1,Madhya Pradesh,Central,Govt,Games & Toys,4,13104.0,,
1005788,P00066242,M,26-35,29,0,Delhi,Central,Lawyer,Stationery,3,13100.0,,
1005974,P00112442,M,26-35,30,0,Himachal Pradesh,Northern,Textile,Games & Toys,1,13100.0,,
1005718,P00034442,M,36-45,36,1,Karnataka,Southern,IT Sector,Games & Toys,3,13098.0,,
1003041,P00355142,F,26-35,33,1,Delhi,Central,Media,Stationery,1,13087.0,,
1002841,P00148342,F,51-55,54,0,Haryana,Northern,Govt,Games & Toys,2,13083.0,,
1003477,P00220442,M,51-55,55,1,Himachal Pradesh,Northern,Healthcare,Books,4,13083.0,,
1001905,P00112342,M,36-45,44,0,AndhraÂ Pradesh,Southern,IT Sector,Games & Toys,1,13078.0,,
1003095,P00347642,M,26-35,26,0,Maharashtra,Western,IT Sector,Games & Toys,4,13077.0,,
1000757,P00034742,F,26-35,35,0,Uttar Pradesh,Central,Govt,Games & Toys,4,13067.0,,
1000586,P00184942,F,36-45,45,0,Uttar Pradesh,Central,Banking,Games & Toys,4,13058.0,,
1003129,P00250842,F,26-35,31,1,Maharashtra,Western,IT Sector,Games & Toys,4,13056.0,,
1002665,P00034042,F,36-45,39,1,Himachal Pradesh,Northern,Chemical,Games & Toys,4,13055.0,,
1002402,P00193142,M,46-50,46,0,Uttar Pradesh,Central,Retail,Games & Toys,4,13055.0,,
1000731,P00317942,F,46-50,50,0,Maharashtra,Western,Healthcare,Games & Toys,1,13053.0,,
1003679,P00262642,M,26-35,32,1,Madhya Pradesh,Central,Aviation,Books,3,13052.0,,
1004112,P00124342,F,46-50,49,0,Karnataka,Southern,Healthcare,Books,2,13051.0,,
1000770,P0095542,F,18-25,19,1,Uttar Pradesh,Central,Food Processing,Games & Toys,1,13042.0,,
1005184,P00283142,F,18-25,25,0,Maharashtra,Western,Chemical,Games & Toys,1,13041.0,,
1004213,P00000642,F,36-45,39,0,Karnataka,Southern,Hospitality,Games & Toys,2,13036.0,,
1002088,P00264542,F,51-55,52,1,Karnataka,Southern,Lawyer,Games & Toys,1,13016.0,,
1001347,P00003642,M,18-25,22,1,Kerala,Southern,Aviation,Games & Toys,1,13012.0,,
1005108,P00177942,M,26-35,28,0,Himachal Pradesh,Northern,Construction,Books,4,12997.0,,
1002418,P00156142,F,0-17,17,1,Maharashtra,Western,IT Sector,Games & Toys,4,12994.0,,
1002786,P00181842,F,26-35,27,1,Maharashtra,Western,Automobile,Games & Toys,3,12989.0,,
1003829,P00029342,M,26-35,28,0,Madhya Pradesh,Central,IT Sector,Games & Toys,2,12987.0,,
1004093,P00313342,F,26-35,28,0,Maharashtra,Western,Lawyer,Games & Toys,3,12984.0,,
1003159,P00350442,M,26-35,27,0,Kerala,Southern,Healthcare,Games & Toys,1,12981.0,,
1003159,P00350442,M,26-35,27,0,Maharashtra,Western,Healthcare,Games & Toys,2,12981.0,,
1001181,P00015542,F,36-45,40,1,Karnataka,Southern,Aviation,Books,4,12975.0,,
1006036,P00185842,M,26-35,29,0,Karnataka,Southern,Aviation,Games & Toys,1,12973.0,,
1000623,P00249642,F,26-35,33,0,Gujarat,Western,Agriculture,Games & Toys,3,12971.0,,
1000141,P00111042,F,36-45,37,0,Uttar Pradesh,Central,Food Processing,Games & Toys,3,12970.0,,
1004408,P00323542,M,46-50,50,0,Madhya Pradesh,Central,Healthcare,Games & Toys,3,12964.0,,
1001381,P00070942,F,18-25,22,0,Delhi,Central,Govt,Stationery,3,12962.0,,
1004415,P00003242,F,18-25,19,0,Kerala,Southern,Aviation,Games & Toys,1,12960.0,,
1003537,P00282042,M,0-17,16,0,Karnataka,Southern,IT Sector,Games & Toys,3,12959.0,,
1002296,P00110542,M,26-35,33,1,Maharashtra,Western,IT Sector,Games & Toys,4,12957.0,,
1003272,P00304642,F,36-45,41,0,Karnataka,Southern,Chemical,Games & Toys,2,12953.0,,
1005766,P00003442,F,55+,78,0,Uttar Pradesh,Central,Chemical,Games & Toys,2,12949.0,,
1001262,P00227842,F,26-35,26,1,Kerala,Southern,Textile,Tupperware,3,12947.0,,
1003320,P00058142,F,26-35,28,0,Maharashtra,Western,Govt,Stationery,1,12944.0,,
1004639,P00110842,F,36-45,41,0,Uttar Pradesh,Central,Healthcare,Games & Toys,3,12943.0,,
1004829,P00247042,F,26-35,32,0,Kerala,Southern,IT Sector,Tupperware,2,12930.0,,
1003829,P00277642,M,26-35,32,0,Madhya Pradesh,Central,IT Sector,Stationery,2,12930.0,,
1002167,P00246442,M,26-35,26,1,Himachal Pradesh,Northern,Govt,Books,2,12914.0,,
1006010,P00030942,F,36-45,41,1,Delhi,Central,Automobile,Stationery,3,12912.0,,
1001298,P00209742,F,36-45,40,1,Himachal Pradesh,Northern,Construction,Games & Toys,1,12909.0,,
1000713,P00184942,F,36-45,45,1,Delhi,Central,Banking,Footwear & Shoes,3,12904.0,,
1000424,P00198142,F,26-35,26,0,Karnataka,Southern,Govt,Footwear & Shoes,2,12904.0,,
1000792,P00307542,F,26-35,28,1,Karnataka,Southern,Chemical,Footwear & Shoes,3,12903.0,,
1000881,P00127842,F,18-25,21,0,Delhi,Central,Healthcare,Footwear & Shoes,2,12901.0,,
1004021,P00226442,M,51-55,53,0,Jharkhand,Eastern,Construction,Footwear & Shoes,1,12901.0,,
1002173,P00169642,F,51-55,52,0,Delhi,Central,IT Sector,Footwear & Shoes,4,12899.0,,
1002455,P00367142,F,36-45,37,1,Karnataka,Southern,Textile,Books,1,12899.0,,
1004227,P00251342,F,26-35,28,0,Delhi,Central,IT Sector,Footwear & Shoes,1,12895.0,,
1005323,P00129442,F,26-35,31,1,Delhi,Central,Govt,Footwear & Shoes,2,12895.0,,
1002899,P00052842,F,36-45,41,0,Uttar Pradesh,Central,Construction,Footwear & Shoes,4,12893.0,,
1003985,P00109642,F,46-50,49,0,Maharashtra,Western,Govt,Games & Toys,2,12892.0,,
1002711,P00341442,M,26-35,28,1,Himachal Pradesh,Northern,Chemical,Games & Toys,1,12891.0,,
1002023,P00238442,M,18-25,21,1,Delhi,Central,Govt,Books,4,12887.0,,
1005113,P00327742,F,26-35,32,0,Karnataka,Southern,Textile,Footwear & Shoes,4,12887.0,,
1005570,P00075342,F,26-35,35,0,Delhi,Central,Agriculture,Footwear & Shoes,4,12886.0,,
1004494,P00242542,F,46-50,50,0,Jharkhand,Eastern,Govt,Games & Toys,2,12882.0,,
1001490,P00088042,M,51-55,51,0,AndhraÂ Pradesh,Southern,Hospitality,Footwear & Shoes,4,12878.0,,
1004344,P00194142,F,26-35,28,1,Himachal Pradesh,Northern,Healthcare,Games & Toys,4,12878.0,,
1003616,P00121342,F,46-50,48,0,Kerala,Southern,Retail,Tupperware,4,12878.0,,
1001693,P00090542,F,26-35,27,0,Madhya Pradesh,Central,Retail,Footwear & Shoes,4,12878.0,,
1003118,P00345742,F,26-35,29,1,Delhi,Central,Healthcare,Footwear & Shoes,1,12876.0,,
1000178,P00103042,M,55+,87,1,Delhi,Central,IT Sector,Stationery,3,12876.0,,
1001137,P00128942,F,18-25,23,1,Uttar Pradesh,Central,Lawyer,Games & Toys,2,12873.0,,
1003693,P00268442,F,26-35,30,0,Jharkhand,Eastern,Lawyer,Games & Toys,2,12871.0,,
1001611,P00329542,F,26-35,28,0,Karnataka,Southern,IT Sector,Footwear & Shoes,4,12870.0,,
1003774,P00149342,F,26-35,35,0,Karnataka,Southern,Lawyer,Games & Toys,4,12870.0,,
1000929,P00184442,F,26-35,28,1,Uttar Pradesh,Central,Banking,Games & Toys,1,12869.0,,
1002995,P00020342,F,26-35,31,0,Uttar Pradesh,Central,Media,Games & Toys,2,12869.0,,
1003929,P00221842,F,26-35,31,1,Karnataka,Southern,Govt,Footwear & Shoes,2,12866.0,,
1000549,P00305042,F,26-35,30,0,Karnataka,Southern,Lawyer,Footwear & Shoes,2,12865.0,,
1002279,P00258742,F,51-55,52,0,Karnataka,Southern,IT Sector,Books,1,12865.0,,
1005658,P00227942,M,55+,92,0,Karnataka,Southern,Aviation,Footwear & Shoes,1,12865.0,,
1003147,P00119742,F,26-35,28,1,Uttar Pradesh,Central,Govt,Footwear & Shoes,4,12864.0,,
1004007,P00015442,F,36-45,44,0,Uttar Pradesh,Central,Govt,Games & Toys,3,12862.0,,
1004183,P00031042,F,26-35,32,0,Jharkhand,Eastern,Healthcare,Games & Toys,4,12861.0,,
1003688,P00286842,M,18-25,20,0,Delhi,Central,Banking,Stationery,2,12858.0,,
1004345,P00207942,M,26-35,26,0,Maharashtra,Western,IT Sector,Books,3,12857.0,,
1004543,P00125342,M,26-35,35,0,Uttar Pradesh,Central,Govt,Footwear & Shoes,3,12857.0,,
1001861,P00233342,F,51-55,54,1,Maharashtra,Western,Construction,Games & Toys,2,12856.0,,
1000402,P00008042,F,26-35,32,0,Bihar,Eastern,Automobile,Games & Toys,4,12854.0,,
1000850,P00086842,M,36-45,37,1,Maharashtra,Western,Aviation,Footwear & Shoes,3,12851.0,,
1001406,P00025642,F,26-35,35,0,Delhi,Central,Banking,Footwear & Shoes,4,12849.0,,
1002665,P00086042,F,36-45,45,0,Karnataka,Southern,Aviation,Footwear & Shoes,1,12847.0,,
1000264,P00182442,F,36-45,38,1,Delhi,Central,Chemical,Footwear & Shoes,3,12846.0,,
1001491,P00129642,F,18-25,23,1,Maharashtra,Western,IT Sector,Games & Toys,4,12845.0,,
1006000,P00220742,F,46-50,46,0,Jharkhand,Eastern,Food Processing,Games & Toys,4,12844.0,,
1002655,P00317942,F,36-45,40,0,Karnataka,Southern,IT Sector,Footwear & Shoes,1,12844.0,,
1005898,P00238442,M,18-25,24,0,Rajasthan,Northern,Govt,Books,1,12844.0,,
1000008,P00297042,F,26-35,29,0,Delhi,Central,Food Processing,Footwear & Shoes,3,12837.0,,
1001483,P00237542,F,18-25,24,0,Delhi,Central,Chemical,Footwear & Shoes,2,12835.0,,
1001742,P00323942,M,26-35,33,0,Karnataka,Southern,Lawyer,Footwear & Shoes,2,12835.0,,
1000786,P00363242,F,26-35,31,0,Maharashtra,Western,Aviation,Footwear & Shoes,2,12834.0,,
1005299,P00237542,F,26-35,35,0,Delhi,Central,Banking,Footwear & Shoes,1,12833.0,,
1000424,P00345642,F,26-35,26,1,Kerala,Southern,Aviation,Footwear & Shoes,4,12831.0,,
1002223,P00195942,M,26-35,26,0,Himachal Pradesh,Northern,Aviation,Footwear & Shoes,2,12828.0,,
1003618,P00209642,M,18-25,19,0,Delhi,Central,Aviation,Footwear & Shoes,1,12826.0,,
1004710,P00272042,M,36-45,38,0,Kerala,Southern,Healthcare,Footwear & Shoes,3,12823.0,,
1003778,P00307642,F,26-35,31,0,Madhya Pradesh,Central,Healthcare,Footwear & Shoes,1,12823.0,,
1000949,P00082342,F,51-55,51,1,Karnataka,Southern,IT Sector,Footwear & Shoes,3,12820.0,,
1000707,P00062842,F,36-45,36,1,Maharashtra,Western,Banking,Footwear & Shoes,3,12818.0,,
1003547,P00184142,F,36-45,38,0,Uttarakhand,Central,IT Sector,Tupperware,4,12817.0,,
1001150,P00159642,M,26-35,28,1,Uttarakhand,Central,IT Sector,Games & Toys,1,12816.0,,
1000157,P00086142,M,36-45,37,1,Himachal Pradesh,Northern,Govt,Footwear & Shoes,4,12815.0,,
1001523,P00003442,F,26-35,29,0,Uttar Pradesh,Central,Construction,Footwear & Shoes,2,12815.0,,
1003648,P00050142,M,18-25,25,1,Himachal Pradesh,Northern,IT Sector,Books,4,12811.0,,
1000754,P00156742,F,36-45,39,1,Delhi,Central,Healthcare,Footwear & Shoes,4,12809.0,,
1002078,P00041542,F,18-25,22,0,Delhi,Central,Banking,Stationery,1,12806.0,,
1003701,P00237542,F,36-45,42,1,Karnataka,Southern,IT Sector,Games & Toys,2,12802.0,,
1002826,P00362342,F,36-45,37,0,Delhi,Central,Agriculture,Footwear & Shoes,4,12799.0,,
1001824,P00110942,M,18-25,18,1,Karnataka,Southern,Agriculture,Tupperware,4,12799.0,,
1001639,P00016042,F,26-35,35,1,Delhi,Central,Construction,Footwear & Shoes,4,12797.0,,
1004238,P00136542,F,36-45,39,0,Delhi,Central,IT Sector,Footwear & Shoes,1,12796.0,,
1000718,P00036842,F,18-25,24,0,Karnataka,Southern,Retail,Games & Toys,3,12796.0,,
1000521,P00036442,M,55+,69,1,Uttarakhand,Central,Food Processing,Footwear & Shoes,3,12792.0,,
1003261,P00147942,F,46-50,47,1,Karnataka,Southern,Banking,Footwear & Shoes,3,12791.0,,
1000693,P00274442,F,36-45,38,0,Delhi,Central,IT Sector,Footwear & Shoes,1,12790.0,,
1003612,P00241642,F,26-35,26,0,Delhi,Central,Healthcare,Footwear & Shoes,1,12788.0,,
1000609,P00295942,M,26-35,35,0,Uttar Pradesh,Central,Agriculture,Footwear & Shoes,2,12788.0,,
1000235,P00113542,M,26-35,33,1,Himachal Pradesh,Northern,Banking,Footwear & Shoes,3,12786.0,,
1003401,P00206442,F,36-45,44,1,Maharashtra,Western,Govt,Footwear & Shoes,2,12784.0,,
1003476,P00124842,F,51-55,55,1,Uttar Pradesh,Central,Automobile,Footwear & Shoes,3,12783.0,,
1005435,P00145442,F,46-50,46,1,Delhi,Central,Aviation,Footwear & Shoes,4,12780.0,,
1003308,P00193542,M,18-25,25,0,Karnataka,Southern,IT Sector,Games & Toys,1,12778.0,,
1005333,P00123742,M,26-35,26,0,Uttar Pradesh,Central,Lawyer,Stationery,3,12778.0,,
1003386,P00328142,M,18-25,25,1,Kerala,Southern,IT Sector,Books,2,12776.0,,
1002316,P00317842,F,36-45,40,0,AndhraÂ Pradesh,Southern,Construction,Tupperware,3,12774.0,,
1003650,P00196542,F,26-35,26,0,Uttar Pradesh,Central,Automobile,Games & Toys,2,12772.0,,
1005497,P00117042,F,26-35,35,0,Delhi,Central,Construction,Footwear & Shoes,4,12771.0,,
1000731,P00120142,F,46-50,47,1,Madhya Pradesh,Central,Aviation,Footwear & Shoes,1,12768.0,,
1001422,P00118542,F,36-45,41,1,Delhi,Central,Govt,Footwear & Shoes,3,12766.0,,
1003600,P00338442,F,36-45,39,0,Delhi,Central,IT Sector,Footwear & Shoes,3,12765.0,,
1005722,P00217542,F,26-35,33,0,Himachal Pradesh,Northern,Media,Games & Toys,4,12765.0,,
1002934,P00120042,M,36-45,45,0,Uttar Pradesh,Central,IT Sector,Games & Toys,3,12764.0,,
1001209,P00275842,F,36-45,36,0,Karnataka,Southern,Construction,Footwear & Shoes,2,12763.0,,
1004277,P00124642,F,36-45,40,1,Madhya Pradesh,Central,Healthcare,Footwear & Shoes,1,12763.0,,
1001040,P00181842,M,26-35,33,0,Punjab,Northern,Healthcare,Books,3,12761.0,,
1001675,P00031842,M,26-35,30,0,Delhi,Central,Govt,Books,4,12759.0,,
1004979,P00244142,F,36-45,44,0,Madhya Pradesh,Central,Lawyer,Games & Toys,4,12759.0,,
1003339,P00307642,F,26-35,27,0,Karnataka,Southern,Healthcare,Footwear & Shoes,3,12758.0,,
1005105,P00124342,F,51-55,52,1,Delhi,Central,Textile,Footwear & Shoes,3,12757.0,,
1002420,P00121342,F,51-55,54,0,Uttar Pradesh,Central,Healthcare,Footwear & Shoes,3,12754.0,,
1002360,P00129642,F,51-55,53,0,Gujarat,Western,Govt,Games & Toys,2,12753.0,,
1003229,P00075442,M,55+,69,1,Uttar Pradesh,Central,Aviation,Games & Toys,3,12752.0,,
1004269,P00129642,F,36-45,37,0,Gujarat,Western,IT Sector,Games & Toys,1,12751.0,,
1005306,P00039942,M,26-35,26,0,Delhi,Central,Retail,Games & Toys,1,12746.0,,
1001941,P00234642,M,36-45,26,1,Delhi,Central,Aviation,Footwear & Shoes,1,12746.0,,
1000949,P00042942,F,51-55,51,0,Karnataka,Southern,Banking,Footwear & Shoes,1,12746.0,,
1003483,P00134342,M,46-50,50,1,Uttar Pradesh,Central,Aviation,Footwear & Shoes,2,12733.0,,
1003309,P00346042,F,26-35,28,0,Karnataka,Southern,Banking,Games & Toys,1,12731.0,,
1003778,P00362442,F,26-35,30,1,Delhi,Central,Agriculture,Footwear & Shoes,3,12728.0,,
1001858,P00216342,M,18-25,19,0,Madhya Pradesh,Central,Lawyer,Games & Toys,1,12725.0,,
1003059,P00083942,F,36-45,43,0,Kerala,Southern,Textile,Furniture,1,12723.0,,
1001298,P00057442,M,36-45,44,1,Gujarat,Western,IT Sector,Furniture,3,12722.0,,
1001298,P00057442,M,36-45,44,1,Rajasthan,Northern,IT Sector,Furniture,3,12722.0,,
1002275,P00224142,F,55+,63,0,AndhraÂ Pradesh,Southern,Food Processing,Games & Toys,2,12721.0,,
1004748,P00114442,F,46-50,48,1,Uttar Pradesh,Central,Lawyer,Footwear & Shoes,1,12721.0,,
1001390,P00313142,F,36-45,42,0,Delhi,Central,Food Processing,Footwear & Shoes,4,12720.0,,
1003914,P00249542,F,36-45,38,0,Karnataka,Southern,Aviation,Footwear & Shoes,1,12720.0,,
1004817,P00177142,F,26-35,32,0,Karnataka,Southern,Aviation,Footwear & Shoes,2,12718.0,,
1003095,P00293142,M,26-35,29,0,Uttar Pradesh,Central,IT Sector,Games & Toys,2,12717.0,,
1000193,P00036842,M,46-50,50,0,Himachal Pradesh,Northern,Healthcare,Footwear & Shoes,4,12716.0,,
1003824,P00119442,F,26-35,26,0,Karnataka,Southern,Healthcare,Footwear & Shoes,3,12716.0,,
1003824,P00338042,F,26-35,32,0,AndhraÂ Pradesh,Southern,Healthcare,Games & Toys,2,12714.0,,
1000829,P00145842,M,0-17,15,1,Uttar Pradesh,Central,IT Sector,Games & Toys,2,12713.0,,
1004477,P00240142,F,26-35,30,0,Delhi,Central,Healthcare,Footwear & Shoes,3,12712.0,,
1004918,P00035542,M,18-25,22,1,Jharkhand,Eastern,Lawyer,Games & Toys,2,12712.0,,
1001492,P00073642,F,26-35,30,1,Delhi,Central,Automobile,Footwear & Shoes,1,12711.0,,
1002078,P00015642,F,18-25,23,0,Maharashtra,Western,Banking,Games & Toys,1,12711.0,,
1004381,P00161942,F,26-35,35,0,Maharashtra,Western,Healthcare,Games & Toys,1,12710.0,,
1005512,P00216342,M,26-35,27,1,Delhi,Central,Govt,Footwear & Shoes,2,12709.0,,
1000549,P00124642,F,26-35,34,0,Uttarakhand,Central,Automobile,Furniture,3,12705.0,,
1005113,P00121642,F,26-35,28,0,Delhi,Central,Aviation,Footwear & Shoes,3,12704.0,,
1002103,P00350942,M,36-45,43,0,Bihar,Eastern,Hospitality,Footwear & Shoes,3,12703.0,,
1002103,P00350942,M,36-45,43,0,Telangana,Southern,Hospitality,Footwear & Shoes,1,12703.0,,
1005365,P00255942,F,18-25,19,0,Maharashtra,Western,Construction,Furniture,4,12702.0,,
1004765,P00100642,M,36-45,43,1,Haryana,Northern,IT Sector,Footwear & Shoes,4,12701.0,,
1004488,P00127242,F,36-45,37,0,Karnataka,Southern,Hospitality,Footwear & Shoes,3,12699.0,,
1004021,P00241542,M,51-55,55,1,Karnataka,Southern,Banking,Footwear & Shoes,3,12699.0,,
1000424,P00112142,F,26-35,26,1,Maharashtra,Western,Govt,Stationery,1,12699.0,,
1004636,P00239142,F,18-25,25,0,Himachal Pradesh,Northern,Media,Furniture,2,12698.0,,
1000058,P00184942,M,26-35,34,0,Karnataka,Southern,Lawyer,Footwear & Shoes,4,12698.0,,
1004578,P00303042,M,26-35,28,1,Gujarat,Western,Retail,Footwear & Shoes,3,12697.0,,
1003265,P00346542,F,26-35,34,0,Himachal Pradesh,Northern,Govt,Games & Toys,3,12697.0,,
1003026,P00117942,M,18-25,20,1,Maharashtra,Western,Aviation,Games & Toys,4,12696.0,,
1000583,P00355142,M,26-35,29,0,Madhya Pradesh,Central,Hospitality,Footwear & Shoes,4,12695.0,,
1005035,P00329242,M,26-35,27,0,Delhi,Central,Food Processing,Furniture,1,12692.0,,
1005277,P00277642,F,26-35,30,0,Karnataka,Southern,Banking,Footwear & Shoes,3,12691.0,,
1004706,P00014842,F,26-35,34,0,Karnataka,Southern,Construction,Footwear & Shoes,3,12691.0,,
1005491,P00112442,F,18-25,22,1,Madhya Pradesh,Central,Construction,Furniture,3,12691.0,,
1003741,P00208342,F,26-35,34,0,Delhi,Central,Chemical,Footwear & Shoes,2,12689.0,,
1004033,P00226542,F,26-35,30,0,Delhi,Central,IT Sector,Footwear & Shoes,3,12683.0,,
1003989,P00004542,M,51-55,53,0,Uttar Pradesh,Central,Media,Footwear & Shoes,2,12682.0,,
1002959,P00214442,F,36-45,41,0,Karnataka,Southern,IT Sector,Footwear & Shoes,4,12680.0,,
1000791,P00033042,M,36-45,38,1,Kerala,Southern,Govt,Footwear & Shoes,4,12678.0,,
1000654,P00178142,M,51-55,54,0,Punjab,Northern,Banking,Footwear & Shoes,4,12677.0,,
1000424,P00083242,F,26-35,26,0,Karnataka,Southern,Automobile,Footwear & Shoes,2,12673.0,,
1005978,P00114342,F,36-45,41,0,Kerala,Southern,Construction,Furniture,3,12673.0,,
1004901,P00036842,F,26-35,35,1,Haryana,Northern,Banking,Furniture,1,12671.0,,
1000605,P00154642,M,18-25,20,1,Jharkhand,Eastern,Aviation,Footwear & Shoes,2,12671.0,,
1002806,P00282142,F,0-17,17,0,Kerala,Southern,IT Sector,Furniture,2,12671.0,,
1005550,P00024742,F,36-45,38,1,Delhi,Central,Banking,Footwear & Shoes,3,12670.0,,
1003273,P00344242,F,36-45,38,0,Uttar Pradesh,Central,Agriculture,Footwear & Shoes,4,12670.0,,
1002216,P00012142,M,26-35,32,0,Delhi,Central,Govt,Footwear & Shoes,1,12668.0,,
1002478,P00052842,M,51-55,55,1,Kerala,Southern,Healthcare,Footwear & Shoes,4,12666.0,,
1004448,P00205442,F,26-35,33,1,Delhi,Central,Lawyer,Footwear & Shoes,4,12661.0,,
1002106,P00031442,M,18-25,25,0,Jharkhand,Eastern,Food Processing,Furniture,3,12658.0,,
1002106,P00031442,M,18-25,25,0,Madhya Pradesh,Central,Food Processing,Furniture,1,12658.0,,
1000550,P00198142,F,46-50,49,0,Maharashtra,Western,Healthcare,Footwear & Shoes,4,12654.0,,
1003410,P00205442,F,36-45,41,1,Karnataka,Southern,Lawyer,Footwear & Shoes,2,12653.0,,
1004386,P00297842,F,26-35,26,1,Uttar Pradesh,Central,Healthcare,Furniture,4,12648.0,,
1002261,P00145042,F,26-35,30,0,Karnataka,Southern,Govt,Footwear & Shoes,3,12646.0,,
1004655,P00000742,M,26-35,28,1,Uttar Pradesh,Central,Banking,Furniture,2,12641.0,,
1004478,P00222242,F,0-17,13,0,Maharashtra,Western,Hospitality,Furniture,3,12638.0,,
1001741,P00329542,F,36-45,44,1,Delhi,Central,Lawyer,Footwear & Shoes,4,12627.0,,
1002188,P00037142,M,18-25,25,1,Uttar Pradesh,Central,IT Sector,Furniture,2,12626.0,,
1005581,P00304242,F,26-35,34,0,Uttar Pradesh,Central,Aviation,Footwear & Shoes,3,12626.0,,
1005885,P00113342,F,26-35,34,0,Karnataka,Southern,Healthcare,Footwear & Shoes,1,12623.0,,
1002688,P00117242,F,26-35,32,1,Delhi,Central,Lawyer,Footwear & Shoes,4,12622.0,,
1003402,P00200642,F,36-45,38,0,Delhi,Central,Healthcare,Footwear & Shoes,4,12621.0,,
1004725,P00110042,F,36-45,39,0,Madhya Pradesh,Central,Healthcare,Footwear & Shoes,3,12620.0,,
1005046,P00193542,F,26-35,27,0,Kerala,Southern,Aviation,Furniture,1,12616.0,,
1000946,P00178242,F,36-45,44,1,Delhi,Central,Lawyer,Footwear & Shoes,2,12612.0,,
1003930,P00355942,M,55+,79,0,Karnataka,Southern,Textile,Footwear & Shoes,3,12611.0,,
1001088,P00303742,F,0-17,14,0,Madhya Pradesh,Central,Healthcare,Footwear & Shoes,1,12609.0,,
1002595,P00044442,F,18-25,19,1,Maharashtra,Western,Hospitality,Tupperware,3,12609.0,,
1004102,P00198742,M,0-17,13,1,Maharashtra,Western,Media,Stationery,1,12608.0,,
1005350,P00285642,F,18-25,20,1,Maharashtra,Western,Hospitality,Furniture,2,12607.0,,
1000567,P00288942,F,36-45,43,1,Karnataka,Southern,Healthcare,Footwear & Shoes,2,12606.0,,
1003935,P00211142,F,36-45,37,0,Karnataka,Southern,Healthcare,Footwear & Shoes,1,12604.0,,
1000889,P00066142,F,46-50,50,0,Delhi,Central,Textile,Footwear & Shoes,1,12602.0,,
1001169,P00057442,F,26-35,30,0,Karnataka,Southern,IT Sector,Footwear & Shoes,3,12601.0,,
1000333,P00288042,F,36-45,40,1,Delhi,Central,Govt,Footwear & Shoes,2,12600.0,,
1003626,P00321942,F,26-35,26,1,Karnataka,Southern,Hospitality,Footwear & Shoes,4,12595.0,,
1005366,P00220442,F,18-25,20,0,Kerala,Southern,Chemical,Furniture,2,12591.0,,
1003416,P00117442,F,26-35,29,0,Himachal Pradesh,Northern,Healthcare,Furniture,4,12587.0,,
1000425,P00258742,M,26-35,26,0,Madhya Pradesh,Central,IT Sector,Footwear & Shoes,4,12583.0,,
1005522,P00253142,F,26-35,29,1,Uttar Pradesh,Central,Automobile,Furniture,1,12582.0,,
1004560,P00341942,F,26-35,26,1,Delhi,Central,IT Sector,Footwear & Shoes,3,12578.0,,
1004470,P00218842,F,36-45,41,0,Madhya Pradesh,Central,Lawyer,Footwear & Shoes,1,12577.0,,
1003762,P00112142,M,51-55,55,1,Gujarat,Western,Aviation,Footwear & Shoes,1,12576.0,,
1004685,P00133342,F,36-45,44,1,Karnataka,Southern,IT Sector,Footwear & Shoes,3,12575.0,,
1000264,P00257542,M,36-45,42,1,Madhya Pradesh,Central,Media,Footwear & Shoes,4,12575.0,,
1001264,P00344242,F,26-35,29,0,Delhi,Central,Banking,Footwear & Shoes,2,12574.0,,
1004307,P00332342,F,26-35,32,0,Karnataka,Southern,Aviation,Footwear & Shoes,1,12573.0,,
1001884,P00032042,F,46-50,48,0,Uttar Pradesh,Central,Media,Footwear & Shoes,3,12572.0,,
1002484,P00196642,F,46-50,50,1,Uttar Pradesh,Central,Aviation,Furniture,4,12571.0,,
1000328,P00125942,F,36-45,36,0,AndhraÂ Pradesh,Southern,Textile,Furniture,1,12566.0,,
1005329,P00130942,M,26-35,29,0,Maharashtra,Western,Aviation,Stationery,4,12566.0,,
1005520,P00114042,F,46-50,49,0,Uttar Pradesh,Central,Retail,Footwear & Shoes,3,12566.0,,
1002932,P00150942,F,26-35,27,1,Delhi,Central,Healthcare,Stationery,2,12564.0,,
1001746,P00054942,M,26-35,28,1,Karnataka,Southern,Aviation,Footwear & Shoes,4,12559.0,,
1002018,P00176642,F,36-45,39,0,Karnataka,Southern,IT Sector,Footwear & Shoes,4,12559.0,,
1001988,P00342742,M,26-35,34,1,Karnataka,Southern,Healthcare,Furniture,3,12558.0,,
1004562,P00216042,F,36-45,44,0,Uttar Pradesh,Central,Automobile,Furniture,4,12558.0,,
1003458,P00191242,F,46-50,46,1,Karnataka,Southern,IT Sector,Footwear & Shoes,2,12555.0,,
1001393,P00220442,F,18-25,22,1,Uttar Pradesh,Central,Banking,Furniture,3,12551.0,,
1005029,P00021842,F,26-35,30,0,Karnataka,Southern,Construction,Footwear & Shoes,3,12541.0,,
1005452,P00057242,F,36-45,40,0,Delhi,Central,Govt,Footwear & Shoes,4,12540.0,,
1006032,P00124842,F,46-50,49,0,Madhya Pradesh,Central,Hospitality,Footwear & Shoes,4,12538.0,,
1003616,P00010742,F,46-50,49,0,Delhi,Central,Healthcare,Footwear & Shoes,3,12536.0,,
1003476,P00351542,F,51-55,52,0,Gujarat,Western,Aviation,Footwear & Shoes,4,12529.0,,
1001015,P00254142,M,36-45,36,0,Uttar Pradesh,Central,Banking,Stationery,3,12528.0,,
1003189,P00077842,F,26-35,32,0,Karnataka,Southern,Automobile,Footwear & Shoes,1,12527.0,,
1002701,P00119742,F,46-50,47,1,Maharashtra,Western,Hospitality,Stationery,4,12527.0,,
1000117,P00214442,M,26-35,34,0,Madhya Pradesh,Central,Healthcare,Furniture,1,12524.0,,
1001838,P00332242,F,36-45,37,0,Uttar Pradesh,Central,Healthcare,Furniture,2,12523.0,,
1000877,P0099242,M,26-35,27,1,Maharashtra,Western,Banking,Furniture,4,12520.0,,
1002592,P00159442,M,51-55,54,1,Delhi,Central,Aviation,Footwear & Shoes,4,12512.0,,
1004312,P00306042,F,26-35,35,1,Delhi,Central,Govt,Footwear & Shoes,3,12508.0,,
1004753,P00307642,M,55+,61,1,Gujarat,Western,Healthcare,Footwear & Shoes,3,12505.0,,
1004062,P00151742,M,26-35,26,0,Maharashtra,Western,IT Sector,Furniture,3,12505.0,,
1005620,P00351142,F,36-45,39,1,Uttar Pradesh,Central,Aviation,Footwear & Shoes,1,12504.0,,
1005520,P00183342,F,46-50,48,0,Uttarakhand,Central,Hospitality,Furniture,1,12504.0,,
1001727,P00271142,F,36-45,39,0,Delhi,Central,Agriculture,Footwear & Shoes,2,12502.0,,
1004682,P00132042,F,26-35,27,1,Karnataka,Southern,Govt,Footwear & Shoes,3,12499.0,,
1000230,P00114142,F,46-50,47,1,AndhraÂ Pradesh,Southern,Lawyer,Furniture,1,12496.0,,
1003934,P00105342,F,26-35,27,0,Karnataka,Southern,Retail,Footwear & Shoes,1,12489.0,,
1004271,P00176242,M,36-45,37,0,Himachal Pradesh,Northern,IT Sector,Footwear & Shoes,4,12479.0,,
1000451,P00339442,M,55+,74,1,AndhraÂ Pradesh,Southern,Healthcare,Footwear & Shoes,1,12478.0,,
1002575,P00253142,F,36-45,42,1,Karnataka,Southern,Chemical,Footwear & Shoes,1,12478.0,,
1004335,P00313242,F,36-45,38,0,Delhi,Central,Healthcare,Footwear & Shoes,2,12474.0,,
1003643,P00015842,F,26-35,27,0,Himachal Pradesh,Northern,Construction,Furniture,1,12474.0,,
1000549,P00178142,F,26-35,29,0,Delhi,Central,IT Sector,Footwear & Shoes,1,12472.0,,
1001181,P00184642,F,36-45,37,1,Delhi,Central,IT Sector,Footwear & Shoes,3,12469.0,,
1001746,P00021742,M,26-35,29,1,Maharashtra,Western,Aviation,Footwear & Shoes,3,12467.0,,
1004843,P00271342,M,55+,68,1,Uttar Pradesh,Central,Healthcare,Footwear & Shoes,3,12465.0,,
1005970,P00116242,F,36-45,41,0,Rajasthan,Northern,Hospitality,Furniture,4,12459.0,,
1003614,P00016042,F,26-35,31,0,Delhi,Central,Healthcare,Footwear & Shoes,2,12455.0,,
1004318,P00057742,F,26-35,32,1,Delhi,Central,Banking,Footwear & Shoes,2,12451.0,,
1000331,P00178242,F,26-35,33,0,Delhi,Central,Healthcare,Footwear & Shoes,2,12451.0,,
1005068,P00253542,F,36-45,44,0,Kerala,Southern,Agriculture,Tupperware,2,12449.0,,
1000287,P00051642,F,51-55,53,0,Karnataka,Southern,Hospitality,Furniture,4,12446.0,,
1003313,P00054042,F,36-45,42,0,Delhi,Central,Aviation,Footwear & Shoes,3,12444.0,,
1004647,P00319442,F,36-45,45,0,Delhi,Central,Healthcare,Footwear & Shoes,3,12444.0,,
1000329,P00127042,M,36-45,43,0,Kerala,Southern,Govt,Footwear & Shoes,4,12444.0,,
1005059,P00007542,F,46-50,49,0,Delhi,Central,Food Processing,Footwear & Shoes,3,12443.0,,
1004335,P00129542,F,36-45,42,1,Maharashtra,Western,Banking,Furniture,3,12443.0,,
1005072,P00233942,F,46-50,50,0,Uttar Pradesh,Central,Food Processing,Footwear & Shoes,1,12440.0,,
1006016,P00261842,F,46-50,49,0,Delhi,Central,Aviation,Footwear & Shoes,2,12435.0,,
1002154,P00003442,F,26-35,26,0,Karnataka,Southern,Construction,Footwear & Shoes,2,12434.0,,
1005679,P00034042,F,36-45,37,0,Delhi,Central,Healthcare,Footwear & Shoes,3,12433.0,,
1003746,P00212042,F,26-35,35,1,Kerala,Southern,Retail,Furniture,2,12429.0,,
1004112,P00024742,F,46-50,49,0,Delhi,Central,Construction,Footwear & Shoes,4,12427.0,,
1004904,P00221542,F,51-55,52,0,Delhi,Central,Healthcare,Footwear & Shoes,3,12427.0,,
1003012,P00191142,F,26-35,29,1,Karnataka,Southern,Banking,Footwear & Shoes,2,12421.0,,
1002784,P00322142,F,51-55,54,0,Delhi,Central,Govt,Footwear & Shoes,1,12420.0,,
1003290,P00351042,M,26-35,27,1,Uttar Pradesh,Central,Hospitality,Footwear & Shoes,3,12420.0,,
1000626,P00113342,F,18-25,18,1,Uttar Pradesh,Central,Media,Furniture,3,12419.0,,
1004496,P00106042,F,46-50,46,1,Delhi,Central,Healthcare,Footwear & Shoes,3,12413.0,,
1005273,P00350142,M,55+,64,1,Uttar Pradesh,Central,IT Sector,Footwear & Shoes,1,12405.0,,
1004344,P00313542,M,26-35,32,1,Himachal Pradesh,Northern,Healthcare,Footwear & Shoes,4,12403.0,,
1003182,P00102942,F,26-35,28,0,Karnataka,Southern,Govt,Footwear & Shoes,3,12401.0,,
1002010,P00199042,F,18-25,19,1,Maharashtra,Western,Aviation,Furniture,4,12401.0,,
1000667,P00179842,F,26-35,26,0,Karnataka,Southern,Chemical,Footwear & Shoes,1,12400.0,,
1000424,P00191142,F,26-35,26,1,Uttar Pradesh,Central,Aviation,Footwear & Shoes,4,12399.0,,
1001465,P00145742,F,51-55,52,1,Karnataka,Southern,Lawyer,Footwear & Shoes,4,12398.0,,
1003618,P00289042,M,18-25,19,1,Gujarat,Western,Lawyer,Footwear & Shoes,4,12397.0,,
1002928,P00266542,F,26-35,35,0,Karnataka,Southern,Banking,Footwear & Shoes,3,12396.0,,
1005914,P00109242,F,36-45,39,0,Delhi,Central,Banking,Footwear & Shoes,4,12395.0,,
1002059,P00346242,F,36-45,44,0,Karnataka,Southern,Hospitality,Footwear & Shoes,2,12390.0,,
1000017,P00355142,M,51-55,55,0,Maharashtra,Western,Banking,Footwear & Shoes,2,12389.0,,
1004286,P00110542,F,36-45,43,1,Karnataka,Southern,Retail,Footwear & Shoes,1,12388.0,,
1001775,P00321742,F,26-35,33,1,Himachal Pradesh,Northern,Aviation,Furniture,4,12387.0,,
1005536,P00346542,F,26-35,29,0,Delhi,Central,Banking,Footwear & Shoes,2,12386.0,,
1002204,P00246642,M,55+,92,0,Madhya Pradesh,Central,IT Sector,Footwear & Shoes,3,12383.0,,
1002024,P00174442,F,0-17,16,1,Karnataka,Southern,Media,Footwear & Shoes,1,12381.0,,
1003158,P00304842,F,26-35,33,1,Uttar Pradesh,Central,Media,Footwear & Shoes,1,12381.0,,
1000937,P0099242,F,26-35,27,0,Delhi,Central,Construction,Footwear & Shoes,2,12380.0,,
1005205,P00110742,F,26-35,31,1,Karnataka,Southern,Food Processing,Footwear & Shoes,1,12379.0,,
1001665,P00145042,F,46-50,47,1,Karnataka,Southern,Agriculture,Footwear & Shoes,1,12375.0,,
1004107,P00140742,M,26-35,29,0,Maharashtra,Western,Hospitality,Footwear & Shoes,1,12367.0,,
1004028,P0095242,F,26-35,27,0,Karnataka,Southern,Automobile,Furniture,2,12363.0,,
1002334,P00330442,M,55+,74,0,Karnataka,Southern,Banking,Furniture,3,12363.0,,
1006000,P00303242,F,46-50,50,1,Karnataka,Southern,Media,Footwear & Shoes,3,12361.0,,
1001500,P00178642,F,26-35,28,1,Uttar Pradesh,Central,Agriculture,Footwear & Shoes,4,12361.0,,
1000957,P00184942,F,36-45,44,0,Karnataka,Southern,Lawyer,Footwear & Shoes,2,12357.0,,
1002889,P00293342,F,36-45,43,0,Madhya Pradesh,Central,Govt,Footwear & Shoes,1,12356.0,,
1002993,P00116842,F,18-25,20,1,Karnataka,Southern,Hospitality,Footwear & Shoes,3,12354.0,,
1001490,P00046742,F,51-55,55,0,Uttar Pradesh,Central,Govt,Footwear & Shoes,3,12352.0,,
1005792,P00131042,F,26-35,32,1,Delhi,Central,Hospitality,Footwear & Shoes,1,12350.0,,
1004875,P00309242,F,36-45,39,0,Delhi,Central,Automobile,Footwear & Shoes,3,12350.0,,
1004082,P00265542,F,26-35,28,1,Karnataka,Southern,Banking,Footwear & Shoes,1,12345.0,,
1002251,P00010242,F,36-45,36,0,Karnataka,Southern,Agriculture,Footwear & Shoes,4,12344.0,,
1003618,P00141542,M,18-25,19,0,Delhi,Central,Aviation,Footwear & Shoes,4,12340.0,,
1000949,P00183242,M,51-55,51,1,Karnataka,Southern,IT Sector,Footwear & Shoes,3,12338.0,,
1000492,P00274942,F,26-35,26,0,Delhi,Central,Govt,Footwear & Shoes,4,12337.0,,
1002342,P00106042,M,36-45,37,0,Himachal Pradesh,Northern,Construction,Furniture,2,12333.0,,
1002030,P00111442,F,26-35,26,0,Karnataka,Southern,Textile,Footwear & Shoes,1,12333.0,,
1004269,P0095542,F,36-45,43,1,Uttar Pradesh,Central,Agriculture,Footwear & Shoes,4,12331.0,,
1002544,P00258442,F,46-50,50,0,AndhraÂ Pradesh,Southern,Healthcare,Tupperware,2,12328.0,,
1004007,P0098242,F,36-45,41,1,Delhi,Central,Retail,Footwear & Shoes,4,12328.0,,
1003281,P00034442,F,26-35,30,0,Karnataka,Southern,Textile,Footwear & Shoes,1,12327.0,,
1000722,P00178242,F,26-35,29,0,Kerala,Southern,Retail,Tupperware,3,12327.0,,
1000646,P00100442,F,36-45,37,0,Uttar Pradesh,Central,Healthcare,Footwear & Shoes,2,12324.0,,
1004779,P00120242,M,46-50,50,0,Uttar Pradesh,Central,Retail,Footwear & Shoes,1,12321.0,,
1004773,P00223942,F,46-50,46,0,Karnataka,Southern,Retail,Footwear & Shoes,1,12320.0,,
1000023,P00237542,F,36-45,38,1,Karnataka,Southern,Hospitality,Footwear & Shoes,2,12315.0,,
1000069,P00126142,M,26-35,34,0,Uttar Pradesh,Central,Chemical,Furniture,4,12310.0,,
1003278,P00285342,F,36-45,37,1,Karnataka,Southern,Banking,Footwear & Shoes,2,12308.0,,
1000123,P00147742,F,36-45,40,1,Uttar Pradesh,Central,Chemical,Footwear & Shoes,1,12307.0,,
1004600,P00216742,F,26-35,30,1,Maharashtra,Western,IT Sector,Furniture,4,12301.0,,
1004715,P00237142,M,26-35,30,0,Maharashtra,Western,Aviation,Furniture,2,12300.0,,
1005738,P00271142,F,26-35,27,0,Delhi,Central,Aviation,Footwear & Shoes,3,12296.0,,
1003336,P00303042,F,36-45,39,0,Maharashtra,Western,Automobile,Furniture,3,12296.0,,
1000628,P00000442,M,36-45,37,1,Uttar Pradesh,Central,Lawyer,Furniture,1,12292.0,,
1001285,P00319242,M,36-45,41,0,Karnataka,Southern,Food Processing,Footwear & Shoes,2,12290.0,,
1000003,P00241642,F,26-35,33,0,Karnataka,Southern,Automobile,Footwear & Shoes,3,12289.0,,
1002437,P00317942,M,26-35,33,0,Kerala,Southern,Lawyer,Furniture,2,12285.0,,
1004139,P00251942,M,55+,72,1,Madhya Pradesh,Central,IT Sector,Footwear & Shoes,3,12285.0,,
1004425,P00313142,F,36-45,41,0,Himachal Pradesh,Northern,Banking,Footwear & Shoes,4,12283.0,,
1002092,P00010842,M,55+,81,1,Uttar Pradesh,Central,Agriculture,Footwear & Shoes,1,12282.0,,
1003036,P00010842,M,55+,63,1,Karnataka,Southern,Govt,Footwear & Shoes,4,12280.0,,
1005771,P00232742,F,26-35,26,0,Madhya Pradesh,Central,Aviation,Footwear & Shoes,4,12278.0,,
1000744,P00316642,M,26-35,27,0,Karnataka,Southern,Banking,Footwear & Shoes,3,12275.0,,
1001423,P00212742,F,26-35,26,0,Karnataka,Southern,Media,Footwear & Shoes,4,12274.0,,
1000752,P00249642,M,26-35,33,0,AndhraÂ Pradesh,Southern,IT Sector,Footwear & Shoes,3,12268.0,,
1005178,P00248142,F,51-55,51,1,Maharashtra,Western,Banking,Footwear & Shoes,2,12268.0,,
1003761,P00140742,F,26-35,27,0,Delhi,Central,Healthcare,Footwear & Shoes,2,12267.0,,
1004552,P00148742,F,26-35,33,1,Delhi,Central,Food Processing,Footwear & Shoes,2,12267.0,,
1002665,P00248942,F,36-45,38,0,Delhi,Central,Aviation,Footwear & Shoes,4,12262.0,,
1000624,P00100442,F,26-35,29,0,Karnataka,Southern,IT Sector,Footwear & Shoes,4,12261.0,,
1001266,P00078742,M,26-35,30,0,Delhi,Central,IT Sector,Footwear & Shoes,3,12258.0,,
1002016,P00364842,M,55+,64,0,Kerala,Southern,Banking,Footwear & Shoes,1,12258.0,,
1003683,P00051942,F,26-35,31,1,Karnataka,Southern,Aviation,Footwear & Shoes,4,12256.0,,
1000329,P00015342,F,36-45,38,0,Karnataka,Southern,Banking,Footwear & Shoes,3,12252.0,,
1000724,P00148642,M,51-55,52,1,Delhi,Central,Hospitality,Footwear & Shoes,1,12248.0,,
1000724,P00148642,M,51-55,52,1,Punjab,Northern,Hospitality,Footwear & Shoes,3,12248.0,,
1000728,P00324842,F,26-35,30,0,Maharashtra,Western,Lawyer,Footwear & Shoes,4,12247.0,,
1004595,P00025442,F,26-35,34,0,Delhi,Central,Hospitality,Footwear & Shoes,3,12244.0,,
1000463,P00129642,F,26-35,28,0,Delhi,Central,IT Sector,Footwear & Shoes,3,12242.0,,
1003610,P00173842,F,18-25,20,0,Uttar Pradesh,Central,Healthcare,Footwear & Shoes,1,12242.0,,
1003499,P00016342,F,26-35,30,0,Kerala,Southern,Media,Furniture,4,12241.0,,
1004447,P00115142,F,46-50,49,0,Delhi,Central,Food Processing,Footwear & Shoes,2,12240.0,,
1005345,P00184442,M,26-35,34,1,Bihar,Eastern,Govt,Furniture,1,12239.0,,
1004510,P00250542,F,46-50,49,1,Karnataka,Southern,IT Sector,Footwear & Shoes,4,12238.0,,
1004867,P00280442,F,26-35,32,1,Karnataka,Southern,Chemical,Footwear & Shoes,1,12237.0,,
1000557,P00057642,M,55+,69,1,Maharashtra,Western,Aviation,Footwear & Shoes,3,12237.0,,
1000792,P00345942,F,26-35,33,0,Karnataka,Southern,Aviation,Footwear & Shoes,4,12235.0,,
1001676,P0094642,F,18-25,19,0,Uttar Pradesh,Central,IT Sector,Footwear & Shoes,3,12233.0,,
1005488,P00201342,M,26-35,27,0,Madhya Pradesh,Central,IT Sector,Footwear & Shoes,4,12232.0,,
1004333,P00225842,M,51-55,53,1,Uttar Pradesh,Central,Govt,Footwear & Shoes,3,12230.0,,
1005914,P00000642,F,36-45,40,1,Karnataka,Southern,Automobile,Footwear & Shoes,2,12229.0,,
1003930,P00182442,M,55+,75,0,Uttar Pradesh,Central,Lawyer,Footwear & Shoes,2,12228.0,,
1003635,P00106042,M,51-55,51,0,Uttarakhand,Central,Hospitality,Footwear & Shoes,4,12228.0,,
1000308,P00062742,F,26-35,26,0,Delhi,Central,IT Sector,Footwear & Shoes,1,12222.0,,
1001146,P00129142,M,18-25,24,1,Delhi,Central,IT Sector,Footwear & Shoes,3,12220.0,,
1004083,P00163442,M,55+,88,0,Maharashtra,Western,Retail,Footwear & Shoes,1,12218.0,,
1004253,P00235842,M,46-50,50,0,Kerala,Southern,Lawyer,Furniture,1,12216.0,,
1004237,P00295742,F,26-35,32,1,Delhi,Central,Banking,Footwear & Shoes,3,12214.0,,
1003957,P00243942,F,36-45,36,0,Uttar Pradesh,Central,Chemical,Footwear & Shoes,3,12214.0,,
1003130,P00357842,M,26-35,27,0,Karnataka,Southern,Media,Footwear & Shoes,4,12211.0,,
1002233,P00015642,M,36-45,38,0,Maharashtra,Western,Textile,Furniture,4,12208.0,,
1002498,P00329742,M,55+,57,0,Uttar Pradesh,Central,Healthcare,Footwear & Shoes,2,12208.0,,
1004808,P00270142,F,36-45,39,1,Haryana,Northern,Aviation,Tupperware,1,12207.0,,
1005026,P00218642,F,26-35,31,0,Madhya Pradesh,Central,Construction,Furniture,1,12205.0,,
1005864,P00010742,M,51-55,53,0,Uttar Pradesh,Central,Aviation,Tupperware,3,12199.0,,
1001812,P00198142,M,26-35,27,1,Delhi,Central,Healthcare,Furniture,4,12198.0,,
1001812,P00198142,M,26-35,27,1,Punjab,Northern,Healthcare,Furniture,2,12198.0,,
1004663,P00289042,M,26-35,35,1,Kerala,Southern,IT Sector,Footwear & Shoes,1,12196.0,,
1003346,P00178242,F,36-45,41,0,Karnataka,Southern,Hospitality,Footwear & Shoes,2,12192.0,,
1001640,P00295842,F,36-45,40,0,Karnataka,Southern,Food Processing,Footwear & Shoes,1,12190.0,,
1002136,P00014642,F,36-45,42,0,Kerala,Southern,Banking,Furniture,3,12190.0,,
1005986,P00103342,M,55+,83,0,Maharashtra,Western,Food Processing,Footwear & Shoes,3,12189.0,,
1005788,P00343542,M,26-35,34,0,Maharashtra,Western,Healthcare,Footwear & Shoes,4,12183.0,,
1003476,P00037442,F,51-55,51,1,Himachal Pradesh,Northern,Banking,Footwear & Shoes,3,12180.0,,
1003476,P00037442,F,51-55,51,1,Madhya Pradesh,Central,Banking,Footwear & Shoes,4,12180.0,,
1000839,P00198742,F,26-35,32,0,Karnataka,Southern,Healthcare,Footwear & Shoes,3,12175.0,,
1005520,P00334242,F,46-50,48,0,Madhya Pradesh,Central,Chemical,Furniture,1,12175.0,,
1004725,P00054542,F,36-45,41,0,Karnataka,Southern,Automobile,Footwear & Shoes,3,12174.0,,
1004831,P00123742,M,26-35,35,0,Madhya Pradesh,Central,Govt,Furniture,4,12173.0,,
1003841,P00179842,F,46-50,48,0,Madhya Pradesh,Central,Agriculture,Footwear & Shoes,4,12172.0,,
1002053,P00368242,F,46-50,48,1,Karnataka,Southern,IT Sector,Footwear & Shoes,2,12171.0,,
1000984,P00187842,F,51-55,54,0,Karnataka,Southern,Healthcare,Footwear & Shoes,4,12170.0,,
1000097,P00100742,M,36-45,44,0,Uttar Pradesh,Central,Hospitality,Furniture,2,12163.0,,
1004260,P00125342,F,26-35,27,1,Uttar Pradesh,Central,Textile,Footwear & Shoes,1,12162.0,,
1005114,P00025642,M,0-17,16,1,Uttarakhand,Central,Chemical,Footwear & Shoes,2,12162.0,,
1003974,P00158942,M,36-45,40,0,Uttar Pradesh,Central,Media,Footwear & Shoes,4,12161.0,,
1005339,P00105142,F,18-25,19,0,Karnataka,Southern,Healthcare,Footwear & Shoes,3,12160.0,,
1004898,P00069142,F,26-35,35,0,Karnataka,Southern,Automobile,Footwear & Shoes,2,12159.0,,
1000710,P00040042,F,26-35,33,0,Delhi,Central,Chemical,Footwear & Shoes,1,12157.0,,
1001861,P00080042,M,51-55,52,1,Uttar Pradesh,Central,Lawyer,Footwear & Shoes,3,12157.0,,
1004034,P00117942,F,26-35,27,1,Delhi,Central,Aviation,Footwear & Shoes,4,12155.0,,
1005142,P00134042,F,26-35,31,0,Delhi,Central,Construction,Footwear & Shoes,3,12154.0,,
1004732,P00078542,F,26-35,26,1,Delhi,Central,Aviation,Footwear & Shoes,3,12153.0,,
1001339,P00316442,F,36-45,44,1,Uttar Pradesh,Central,Aviation,Furniture,2,12147.0,,
1001778,P00323442,F,18-25,18,0,Gujarat,Western,Automobile,Furniture,2,12144.0,,
1004109,P00346142,M,36-45,43,1,Maharashtra,Western,Chemical,Footwear & Shoes,2,12144.0,,
1000710,P00002242,F,26-35,28,1,Bihar,Eastern,Banking,Furniture,4,12132.0,,
1002934,P00163242,M,36-45,41,1,Madhya Pradesh,Central,Hospitality,Furniture,1,12127.0,,
1004373,P00200342,F,51-55,53,1,Karnataka,Southern,IT Sector,Food,3,12126.0,,
1003729,P00034842,F,18-25,18,0,Maharashtra,Western,Aviation,Furniture,1,12126.0,,
1000956,P00361842,F,36-45,38,1,Delhi,Central,Lawyer,Footwear & Shoes,3,12125.0,,
1004735,P00173342,F,46-50,50,0,Karnataka,Southern,Construction,Food,2,12125.0,,
1003929,P00320742,F,26-35,30,1,Delhi,Central,Agriculture,Footwear & Shoes,1,12124.0,,
1001793,P00120042,F,26-35,30,1,Uttar Pradesh,Central,Aviation,Footwear & Shoes,4,12124.0,,
1001449,P00241642,M,36-45,44,1,Punjab,Northern,Media,Footwear & Shoes,4,12123.0,,
1001948,P00303442,M,0-17,17,1,Uttar Pradesh,Central,Healthcare,Food,2,12120.0,,
1005917,P00010942,M,51-55,53,1,Uttar Pradesh,Central,Govt,Food,1,12119.0,,
1000090,P00192842,M,55+,65,0,Uttarakhand,Central,Automobile,Footwear & Shoes,4,12119.0,,
1002110,P00116542,F,51-55,55,1,Karnataka,Southern,IT Sector,Footwear & Shoes,3,12118.0,,
1002195,P0099742,F,0-17,13,0,Maharashtra,Western,Govt,Food,3,12118.0,,
1002752,P00152542,F,26-35,30,0,Delhi,Central,Automobile,Footwear & Shoes,3,12114.0,,
1004802,P00275842,F,55+,61,0,Delhi,Central,Banking,Food,1,12112.0,,
1001737,P00065042,F,36-45,41,0,Himachal Pradesh,Northern,Aviation,Furniture,2,12112.0,,
1004007,P00057542,F,36-45,39,0,Maharashtra,Western,Automobile,Food,4,12112.0,,
1002383,P00100842,M,26-35,31,1,Kerala,Southern,Chemical,Food,2,12110.0,,
1000780,P00139942,F,26-35,30,0,Maharashtra,Western,Aviation,Furniture,4,12110.0,,
1003992,P00260442,F,26-35,26,0,Karnataka,Southern,IT Sector,Food,3,12109.0,,
1001926,P00117442,M,0-17,15,0,Madhya Pradesh,Central,Media,Food,1,12108.0,,
1001812,P00182442,M,26-35,28,0,Kerala,Southern,Aviation,Food,4,12107.0,,
1003546,P00086642,F,26-35,34,1,Karnataka,Southern,Food Processing,Food,2,12106.0,,
1001142,P00250342,F,18-25,25,0,Maharashtra,Western,Aviation,Food,1,12106.0,,
1005853,P00122442,F,51-55,52,0,Uttar Pradesh,Central,Media,Food,3,12106.0,,
1005173,P00350342,M,0-17,15,1,Karnataka,Southern,Chemical,Footwear & Shoes,4,12105.0,,
1001960,P00031042,F,46-50,48,1,Delhi,Central,Healthcare,Footwear & Shoes,1,12104.0,,
1004644,P00161842,F,51-55,53,1,Delhi,Central,Aviation,Footwear & Shoes,2,12102.0,,
1001051,P00046742,M,26-35,27,0,Uttar Pradesh,Central,Chemical,Furniture,1,12102.0,,
1005939,P00115342,M,46-50,46,0,Delhi,Central,Healthcare,Food,3,12101.0,,
1004258,P00152742,F,26-35,28,1,Maharashtra,Western,Banking,Food,3,12100.0,,
1005312,P00028842,F,26-35,34,1,AndhraÂ Pradesh,Southern,Aviation,Food,3,12099.0,,
1005296,P00033542,M,0-17,15,1,Delhi,Central,Aviation,Food,4,12099.0,,
1000192,P00160042,F,18-25,20,1,Haryana,Northern,IT Sector,Food,4,12099.0,,
1002744,P00010542,F,18-25,18,1,Maharashtra,Western,Healthcare,Food,2,12099.0,,
1000676,P00080342,F,18-25,22,0,Maharashtra,Western,Govt,Food,3,12099.0,,
1000616,P00330242,F,26-35,32,0,Maharashtra,Western,Banking,Food,3,12097.0,,
1003807,P00163442,M,36-45,39,1,Maharashtra,Western,Banking,Food,2,12097.0,,
1000155,P00080342,F,36-45,43,1,Uttar Pradesh,Central,IT Sector,Food,2,12097.0,,
1004054,P00176942,F,36-45,39,1,Karnataka,Southern,Aviation,Food,2,12096.0,,
1003736,P00147342,F,36-45,43,0,Uttar Pradesh,Central,Aviation,Furniture,1,12095.0,,
1000216,P00362942,M,46-50,50,1,Maharashtra,Western,IT Sector,Food,4,12093.0,,
1003491,P00280842,M,26-35,33,0,Uttar Pradesh,Central,Media,Food,4,12093.0,,
1005812,P00314142,M,26-35,35,1,Jharkhand,Eastern,Hospitality,Food,2,12091.0,,
1005282,P00197042,M,18-25,21,0,Karnataka,Southern,Healthcare,Food,1,12090.0,,
1005522,P00299242,F,26-35,34,0,Madhya Pradesh,Central,Textile,Food,1,12090.0,,
1003909,P00229942,F,18-25,19,1,AndhraÂ Pradesh,Southern,Healthcare,Food,2,12089.0,,
1003996,P00303342,F,18-25,25,1,Delhi,Central,Banking,Food,1,12089.0,,
1000033,P00331342,F,46-50,50,0,Uttar Pradesh,Central,Automobile,Food,4,12089.0,,
1004344,P00259542,F,26-35,33,0,Gujarat,Western,Lawyer,Food,1,12088.0,,
1005390,P00118742,F,0-17,15,0,Maharashtra,Western,Healthcare,Food,1,12087.0,,
1003768,P00128942,F,26-35,34,1,Uttar Pradesh,Central,Media,Furniture,2,12087.0,,
1001680,P00339342,M,26-35,26,1,Madhya Pradesh,Central,IT Sector,Food,3,12085.0,,
1003821,P00070942,F,26-35,31,0,Delhi,Central,Banking,Food,1,12084.0,,
1002304,P00069242,F,46-50,48,0,Uttar Pradesh,Central,IT Sector,Food,3,12084.0,,
1001358,P00127342,F,36-45,43,1,Kerala,Southern,IT Sector,Furniture,3,12083.0,,
1003224,P00332942,M,26-35,35,0,Delhi,Central,Lawyer,Food,2,12082.0,,
1000413,P00029242,F,26-35,30,0,AndhraÂ Pradesh,Southern,Banking,Food,2,12081.0,,
1002866,P00258742,F,26-35,31,1,Maharashtra,Western,Lawyer,Food,4,12081.0,,
1005241,P00302842,M,26-35,30,1,Gujarat,Western,IT Sector,Food,3,12079.0,,
1003716,P00001842,F,18-25,18,1,Uttar Pradesh,Central,Food Processing,Food,4,12078.0,,
1003990,P00110742,F,26-35,35,1,Gujarat,Western,Media,Food,1,12076.0,,
1000904,P00303042,F,36-45,41,0,Karnataka,Southern,Aviation,Food,4,12076.0,,
1002660,P00232842,F,55+,90,0,Madhya Pradesh,Central,Healthcare,Food,3,12074.0,,
1002374,P00233542,F,26-35,30,0,Uttar Pradesh,Central,Govt,Food,4,12072.0,,
1000482,P00129642,F,26-35,32,0,Madhya Pradesh,Central,Textile,Food,1,12071.0,,
1000265,P00343442,M,36-45,38,0,Uttar Pradesh,Central,Automobile,Food,2,12071.0,,
1001130,P00296042,F,18-25,22,0,Karnataka,Southern,Media,Food,1,12069.0,,
1003592,P00295442,M,55+,84,1,Delhi,Central,Lawyer,Food,3,12067.0,,
1001376,P00250642,M,46-50,49,0,Karnataka,Southern,Media,Food,2,12067.0,,
1003916,P00320742,F,26-35,33,0,Uttar Pradesh,Central,Govt,Food,3,12067.0,,
1003476,P00324042,F,51-55,51,0,Delhi,Central,Media,Food,4,12066.0,,
1002457,P00065242,F,26-35,34,0,Madhya Pradesh,Central,Healthcare,Food,2,12065.0,,
1002721,P00358442,F,46-50,50,0,Madhya Pradesh,Central,Hospitality,Food,1,12065.0,,
1002444,P00205142,M,46-50,50,0,Maharashtra,Western,IT Sector,Food,3,12063.0,,
1000563,P00079742,F,26-35,33,1,Uttar Pradesh,Central,Govt,Food,2,12063.0,,
1001397,P00260042,F,36-45,37,1,Maharashtra,Western,Hospitality,Furniture,4,12061.0,,
1001727,P00313442,F,36-45,39,0,Uttar Pradesh,Central,Healthcare,Food,1,12061.0,,
1005996,P00028542,M,26-35,31,0,Delhi,Central,Lawyer,Food,2,12060.0,,
1000263,P00355142,M,26-35,31,1,Himachal Pradesh,Northern,Lawyer,Food,4,12060.0,,
1003196,P00114942,M,18-25,23,0,Karnataka,Southern,Construction,Food,1,12056.0,,
1000474,P00018942,F,26-35,32,1,AndhraÂ Pradesh,Southern,Aviation,Food,2,12055.0,,
1000442,P00052442,F,26-35,34,1,Madhya Pradesh,Central,Govt,Food,1,12054.0,,
1004524,P00161942,F,26-35,27,0,Uttar Pradesh,Central,IT Sector,Food,4,12054.0,,
1000022,P00280542,F,18-25,19,1,Madhya Pradesh,Central,IT Sector,Food,4,12050.0,,
1004800,P00221342,F,18-25,25,1,Uttar Pradesh,Central,Govt,Food,1,12049.0,,
1000161,P00086042,F,46-50,46,1,Madhya Pradesh,Central,Govt,Food,4,12048.0,,
1003125,P00283142,F,26-35,31,0,Haryana,Northern,Banking,Food,4,12047.0,,
1004148,P00162442,M,36-45,38,1,Uttar Pradesh,Central,Healthcare,Food,2,12047.0,,
1004189,P00085242,M,36-45,44,0,Uttar Pradesh,Central,IT Sector,Food,2,12046.0,,
1001779,P00065042,F,18-25,21,1,Bihar,Eastern,Hospitality,Food,4,12044.0,,
1002969,P00234542,F,26-35,34,1,Madhya Pradesh,Central,Banking,Food,3,12044.0,,
1003841,P00245242,F,46-50,47,0,Haryana,Northern,Agriculture,Food,1,12043.0,,
1005333,P00030642,M,26-35,30,0,Uttar Pradesh,Central,Media,Food,1,12043.0,,
1005394,P00071042,M,18-25,18,0,Maharashtra,Western,Textile,Food,3,12042.0,,
1001274,P00368142,F,46-50,47,1,Telangana,Southern,Automobile,Food,4,12042.0,,
1004640,P00286742,F,26-35,26,0,AndhraÂ Pradesh,Southern,Healthcare,Food,3,12040.0,,
1002796,P00154042,F,26-35,29,1,Maharashtra,Western,Healthcare,Food,2,12040.0,,
1002962,P00003242,F,36-45,44,0,Uttar Pradesh,Central,Healthcare,Food,3,12039.0,,
1002276,P00184942,F,55+,86,1,Madhya Pradesh,Central,Textile,Food,1,12038.0,,
1003735,P00313442,F,26-35,35,1,Bihar,Eastern,Hospitality,Food,3,12036.0,,
1002878,P00197042,M,51-55,53,0,AndhraÂ Pradesh,Southern,Banking,Furniture,1,12035.0,,
1005656,P00131042,F,26-35,34,1,Telangana,Southern,Automobile,Food,2,12035.0,,
1003002,P00213142,F,46-50,46,0,Karnataka,Southern,Healthcare,Food,3,12034.0,,
1002744,P00079042,F,18-25,23,1,Madhya Pradesh,Central,Hospitality,Food,3,12032.0,,
1005606,P00310242,M,26-35,28,1,Maharashtra,Western,IT Sector,Food,1,12032.0,,
1000161,P00110942,F,46-50,48,0,Uttar Pradesh,Central,Hospitality,Food,1,12031.0,,
1004085,P00259842,M,26-35,32,1,Uttar Pradesh,Central,Banking,Furniture,4,12030.0,,
1000531,P00085942,M,18-25,18,0,Himachal Pradesh,Northern,Healthcare,Food,1,12028.0,,
1001926,P00298242,M,0-17,13,1,Maharashtra,Western,Hospitality,Food,3,12027.0,,
1001358,P00270942,F,36-45,43,0,AndhraÂ Pradesh,Southern,Banking,Food,2,12025.0,,
1000810,P00058042,F,26-35,34,0,Maharashtra,Western,Media,Food,4,12024.0,,
1005105,P00086342,F,51-55,54,1,Madhya Pradesh,Central,Govt,Food,4,12021.0,,
1004041,P00016742,F,18-25,20,0,Maharashtra,Western,Hospitality,Food,4,12021.0,,
1001884,P00356942,F,46-50,50,1,Karnataka,Southern,Banking,Food,1,12019.0,,
1006001,P00161942,M,26-35,29,1,Delhi,Central,Hospitality,Food,1,12017.0,,
1002043,P00278442,F,26-35,33,1,Karnataka,Southern,Govt,Food,1,12017.0,,
1000256,P00130742,F,46-50,50,0,Maharashtra,Western,Healthcare,Food,1,12017.0,,
1004118,P00337242,F,26-35,31,1,Uttar Pradesh,Central,Media,Food,4,12016.0,,
1000026,P0095142,F,26-35,34,0,Karnataka,Southern,Textile,Furniture,2,12014.0,,
1003602,P00254942,F,26-35,27,0,Maharashtra,Western,Healthcare,Food,1,12014.0,,
1000891,P00117442,F,26-35,33,1,Haryana,Northern,Media,Food,2,12013.0,,
1003080,P00370342,F,26-35,28,0,Uttar Pradesh,Central,Food Processing,Food,3,12013.0,,
1002130,P00113242,F,46-50,47,1,Karnataka,Southern,Media,Food,2,12012.0,,
1003171,P00009742,M,51-55,55,1,Madhya Pradesh,Central,Aviation,Food,3,12012.0,,
1001365,P00086442,M,0-17,12,1,Gujarat,Western,Healthcare,Food,2,12011.0,,
1003319,P00357242,M,55+,70,0,Uttar Pradesh,Central,Media,Furniture,1,12011.0,,
1002223,P00149642,F,26-35,29,0,Maharashtra,Western,IT Sector,Furniture,2,12010.0,,
1001182,P00361842,F,0-17,14,0,Uttar Pradesh,Central,Chemical,Food,4,12010.0,,
1005595,P00209742,F,26-35,33,0,Karnataka,Southern,Hospitality,Food,1,12009.0,,
1005755,P00110142,M,36-45,42,0,Uttar Pradesh,Central,Aviation,Furniture,4,12009.0,,
1001037,P00370642,F,46-50,48,1,Haryana,Northern,Automobile,Food,3,12008.0,,
1003041,P00365042,F,26-35,27,0,Maharashtra,Western,Food Processing,Food,1,12007.0,,
1003711,P00347642,F,36-45,37,1,Maharashtra,Western,Chemical,Food,3,12006.0,,
1005217,P00237542,F,26-35,26,0,Uttar Pradesh,Central,Healthcare,Food,3,12006.0,,
1000062,P00061242,M,36-45,45,0,Bihar,Eastern,IT Sector,Food,2,12005.0,,
1001866,P00211142,F,26-35,29,1,Maharashtra,Western,Govt,Food,4,12001.0,,
1002174,P00075542,F,51-55,51,1,Uttar Pradesh,Central,Automobile,Food,4,12001.0,,
1003242,P00246142,F,51-55,51,0,Maharashtra,Western,Retail,Food,2,11999.0,,
1005780,P00284642,F,18-25,20,0,Delhi,Central,Agriculture,Food,4,11998.0,,
1005065,P00046142,F,26-35,31,0,Haryana,Northern,Textile,Food,1,11996.0,,
1001058,P00102242,F,26-35,26,1,Kerala,Southern,Automobile,Furniture,1,11996.0,,
1003469,P00089442,F,46-50,46,1,AndhraÂ Pradesh,Southern,IT Sector,Food,4,11992.0,,
1004704,P00321942,F,18-25,23,1,Delhi,Central,Aviation,Food,4,11992.0,,
1000889,P00239942,F,46-50,46,0,Maharashtra,Western,Hospitality,Food,2,11992.0,,
1005197,P00308642,M,55+,63,0,Uttar Pradesh,Central,Healthcare,Food,4,11992.0,,
1005337,P00243942,M,36-45,38,1,Maharashtra,Western,Food Processing,Food,3,11991.0,,
1004838,P00303642,F,46-50,46,0,Maharashtra,Western,Lawyer,Food,1,11990.0,,
1003487,P00052542,F,18-25,23,0,Karnataka,Southern,Aviation,Food,1,11989.0,,
1002526,P00113242,F,55+,75,1,Kerala,Southern,Food Processing,Food,3,11989.0,,
1000767,P00183242,F,26-35,34,1,Maharashtra,Western,IT Sector,Food,3,11989.0,,
1005501,P00259442,F,26-35,35,0,Uttar Pradesh,Central,Media,Food,4,11989.0,,
1003824,P00204342,F,26-35,28,1,Haryana,Northern,Healthcare,Food,4,11988.0,,
1000426,P00286842,F,18-25,23,0,Jharkhand,Eastern,Hospitality,Food,1,11988.0,,
1003589,P00042742,M,46-50,46,0,Uttar Pradesh,Central,Aviation,Furniture,2,11987.0,,
1000355,P00251942,F,18-25,19,0,Karnataka,Southern,IT Sector,Food,3,11986.0,,
1002340,P00325742,F,36-45,41,1,AndhraÂ Pradesh,Southern,IT Sector,Furniture,3,11985.0,,
1005412,P00084842,F,26-35,32,1,Jharkhand,Eastern,Banking,Food,4,11984.0,,
1001205,P00188242,M,55+,61,0,AndhraÂ Pradesh,Southern,Healthcare,Food,1,11983.0,,
1003513,P00017142,F,26-35,29,0,Gujarat,Western,Healthcare,Food,1,11979.0,,
1003391,P00052842,F,18-25,19,0,Uttar Pradesh,Central,IT Sector,Food,2,11975.0,,
1000415,P00159542,M,36-45,45,0,Uttar Pradesh,Central,Agriculture,Food,3,11974.0,,
1005459,P00230342,M,0-17,15,0,Jharkhand,Eastern,Healthcare,Food,2,11973.0,,
1003562,P00145642,M,26-35,30,0,Madhya Pradesh,Central,Media,Food,3,11973.0,,
1005119,P00110042,M,26-35,28,1,Uttar Pradesh,Central,Media,Food,1,11973.0,,
1004356,P00111142,F,36-45,36,0,Madhya Pradesh,Central,IT Sector,Food,1,11972.0,,
1004001,P00002142,M,26-35,28,1,Uttar Pradesh,Central,Chemical,Food,3,11972.0,,
1000533,P00136542,F,26-35,32,1,Gujarat,Western,Aviation,Food,2,11971.0,,
1003443,P00111042,M,36-45,41,1,Gujarat,Western,Healthcare,Furniture,1,11971.0,,
1002298,P00267542,F,36-45,39,0,Uttar Pradesh,Central,Construction,Food,1,11971.0,,
1000123,P00147942,F,36-45,40,1,Uttar Pradesh,Central,Chemical,Food,4,11970.0,,
1001943,P00018742,F,18-25,21,0,AndhraÂ Pradesh,Southern,Construction,Food,3,11969.0,,
1003823,P00000142,F,55+,78,0,Uttar Pradesh,Central,Media,Food,4,11969.0,,
1000531,P00119142,M,18-25,25,0,Jharkhand,Eastern,Aviation,Furniture,1,11968.0,,
1003823,P00295242,F,55+,89,0,Delhi,Central,Healthcare,Food,1,11967.0,,
1000035,P00326942,F,46-50,49,1,Uttar Pradesh,Central,Banking,Food,3,11966.0,,
1001354,P00256442,M,26-35,32,1,Uttar Pradesh,Central,Healthcare,Food,3,11965.0,,
1001958,P00232342,M,26-35,29,1,Maharashtra,Western,Aviation,Food,3,11963.0,,
1005470,P00236942,F,55+,83,1,Maharashtra,Western,Chemical,Food,3,11963.0,,
1002507,P00127742,F,26-35,32,0,Delhi,Central,IT Sector,Food,2,11962.0,,
1000891,P00129642,F,26-35,34,0,Gujarat,Western,Aviation,Food,3,11962.0,,
1002136,P00187242,F,36-45,39,0,Maharashtra,Western,Aviation,Food,3,11962.0,,
1001266,P00337742,F,26-35,30,0,Haryana,Northern,Retail,Food,4,11960.0,,
1003547,P00346342,F,36-45,36,0,Uttar Pradesh,Central,Construction,Food,3,11960.0,,
1005367,P00259242,F,18-25,21,0,Uttar Pradesh,Central,Food Processing,Food,2,11959.0,,
1004076,P00265242,F,26-35,31,1,Maharashtra,Western,Lawyer,Food,4,11958.0,,
1005893,P00047242,F,26-35,30,0,Karnataka,Southern,Hospitality,Food,1,11957.0,,
1000975,P00029842,F,36-45,42,1,Uttar Pradesh,Central,Aviation,Furniture,1,11956.0,,
1003824,P00352642,M,26-35,30,1,AndhraÂ Pradesh,Southern,IT Sector,Furniture,4,11954.0,,
1001637,P00191442,F,55+,67,0,Delhi,Central,Healthcare,Food,4,11954.0,,
1001051,P00331542,M,26-35,27,1,Kerala,Southern,Banking,Food,2,11953.0,,
1003857,P00293242,F,18-25,20,0,Bihar,Eastern,Automobile,Food,4,11951.0,,
1003327,P00106742,F,18-25,25,0,Himachal Pradesh,Northern,Banking,Furniture,1,11951.0,,
1005818,P00294542,F,26-35,26,0,Uttar Pradesh,Central,Govt,Food,2,11951.0,,
1000877,P00170542,F,26-35,28,0,Kerala,Southern,Healthcare,Food,4,11950.0,,
1001618,P00184942,F,51-55,53,1,Haryana,Northern,IT Sector,Food,3,11949.0,,
1003024,P00072542,F,36-45,42,0,AndhraÂ Pradesh,Southern,Media,Food,2,11947.0,,
1004521,P00127342,F,36-45,43,1,Karnataka,Southern,Healthcare,Food,3,11947.0,,
1003847,P00251242,F,26-35,31,0,Madhya Pradesh,Central,Aviation,Food,1,11946.0,,
1002368,P00111842,M,55+,88,1,Delhi,Central,Lawyer,Food,3,11944.0,,
1005492,P00297342,M,18-25,25,0,Madhya Pradesh,Central,Textile,Food,2,11944.0,,
1004079,P00222942,F,36-45,45,1,Maharashtra,Western,Hospitality,Food,1,11943.0,,
1005098,P00190042,F,51-55,54,0,Himachal Pradesh,Northern,Hospitality,Food,3,11941.0,,
1000930,P00158242,F,26-35,34,0,Maharashtra,Western,Banking,Food,4,11940.0,,
1002262,P00157542,F,46-50,50,1,Uttar Pradesh,Central,Media,Food,1,11940.0,,
1002854,P00275642,M,18-25,23,0,Himachal Pradesh,Northern,Banking,Food,1,11939.0,,
1001096,P00187842,F,0-17,15,1,Maharashtra,Western,Banking,Food,1,11939.0,,
1004312,P00222142,F,26-35,33,1,Maharashtra,Western,Aviation,Food,3,11938.0,,
1005788,P00074642,F,26-35,30,1,Karnataka,Southern,IT Sector,Food,1,11936.0,,
1004335,P00201442,F,36-45,45,1,Maharashtra,Western,Media,Food,3,11936.0,,
1003580,P00112142,M,18-25,25,0,Himachal Pradesh,Northern,IT Sector,Food,2,11935.0,,
1002752,P00135742,F,26-35,33,1,Maharashtra,Western,Healthcare,Food,2,11935.0,,
1002986,P00294042,F,26-35,26,1,Uttar Pradesh,Central,IT Sector,Food,4,11935.0,,
1003082,P00316842,M,36-45,42,1,Delhi,Central,Healthcare,Food,1,11934.0,,
1001473,P00120042,F,26-35,27,0,Delhi,Central,Construction,Food,3,11933.0,,
1005347,P00265242,F,26-35,34,0,Karnataka,Southern,Media,Food,3,11933.0,,
1002338,P00073842,F,46-50,50,0,Maharashtra,Western,IT Sector,Food,4,11933.0,,
1003982,P00351342,F,55+,64,0,Uttar Pradesh,Central,Media,Food,2,11933.0,,
1002778,P00365242,M,55+,61,1,Madhya Pradesh,Central,Chemical,Food,2,11931.0,,
1004079,P00127242,F,36-45,41,0,Maharashtra,Western,Media,Food,4,11930.0,,
1004016,P00289242,F,51-55,53,0,Maharashtra,Western,Govt,Food,2,11925.0,,
1003101,P00093342,F,18-25,24,0,Uttar Pradesh,Central,Healthcare,Food,3,11924.0,,
1001522,P00151742,F,36-45,40,0,Gujarat,Western,Lawyer,Food,4,11923.0,,
1003067,P00304642,M,26-35,34,0,Kerala,Southern,Lawyer,Food,4,11922.0,,
1000151,P00279542,M,26-35,34,1,Delhi,Central,Agriculture,Food,2,11921.0,,
1000151,P00279542,M,26-35,34,1,Gujarat,Western,Agriculture,Food,3,11921.0,,
1002877,P00155442,M,36-45,38,0,Madhya Pradesh,Central,Chemical,Food,2,11919.0,,
1003108,P00178242,F,51-55,53,1,Madhya Pradesh,Central,Hospitality,Food,2,11919.0,,
1001503,P00161942,F,26-35,31,0,Delhi,Central,Govt,Food,2,11915.0,,
1005776,P00071442,F,18-25,25,1,Haryana,Northern,Aviation,Food,3,11915.0,,
1002109,P00008842,F,26-35,34,0,Karnataka,Southern,Banking,Food,4,11912.0,,
1003971,P00213242,M,18-25,21,1,Himachal Pradesh,Northern,Agriculture,Food,1,11911.0,,
1003971,P00213242,M,18-25,21,1,Telangana,Southern,Agriculture,Food,3,11911.0,,
1001018,P00184442,F,18-25,18,0,Uttar Pradesh,Central,Banking,Food,1,11909.0,,
1000569,P00137242,M,18-25,21,1,Uttar Pradesh,Central,Banking,Food,2,11908.0,,
1005795,P00179842,F,26-35,34,1,Madhya Pradesh,Central,Hospitality,Food,3,11907.0,,
1005963,P00036442,F,26-35,28,0,AndhraÂ Pradesh,Southern,Chemical,Food,4,11904.0,,
1005881,P00053042,F,36-45,36,1,Uttar Pradesh,Central,Healthcare,Food,1,11904.0,,
1000897,P00005042,F,26-35,34,0,Delhi,Central,IT Sector,Food,3,11903.0,,
1002484,P00262442,F,46-50,49,0,Madhya Pradesh,Central,Media,Food,3,11903.0,,
1005679,P00293842,F,36-45,43,1,Maharashtra,Western,Healthcare,Food,4,11903.0,,
1001613,P00195942,F,18-25,23,0,Gujarat,Western,Aviation,Food,2,11902.0,,
1001054,P00139542,F,0-17,12,1,Maharashtra,Western,Media,Food,1,11896.0,,
1002900,P00131042,F,18-25,18,0,AndhraÂ Pradesh,Southern,Aviation,Food,2,11895.0,,
1005432,P00248942,F,55+,64,1,Madhya Pradesh,Central,Textile,Food,4,11894.0,,
1001010,P00065242,F,26-35,32,1,Maharashtra,Western,Retail,Food,1,11894.0,,
1001556,P00000542,F,18-25,18,0,Uttar Pradesh,Central,Hospitality,Food,2,11889.0,,
1000859,P00293542,F,26-35,28,0,Maharashtra,Western,Healthcare,Food,1,11888.0,,
1001164,P00047942,M,26-35,35,0,Delhi,Central,Retail,Food,4,11887.0,,
1003313,P00173942,M,36-45,36,0,Himachal Pradesh,Northern,Lawyer,Food,3,11885.0,,
1003479,P00106742,F,18-25,18,1,Telangana,Southern,Banking,Food,2,11885.0,,
1000272,P00352842,F,18-25,21,0,Uttar Pradesh,Central,Healthcare,Food,3,11884.0,,
1003834,P00260042,F,18-25,24,0,Maharashtra,Western,Aviation,Food,1,11883.0,,
1002784,P00129842,M,51-55,53,0,Uttar Pradesh,Central,IT Sector,Food,4,11883.0,,
1004115,P00325742,F,26-35,26,1,Karnataka,Southern,Govt,Food,1,11882.0,,
1003357,P00260542,F,26-35,31,0,Maharashtra,Western,IT Sector,Food,2,11882.0,,
1003681,P00196542,F,26-35,33,1,Haryana,Northern,Healthcare,Food,1,11881.0,,
1004470,P00245642,F,36-45,38,0,Kerala,Southern,Lawyer,Food,3,11881.0,,
1001755,P00190542,M,18-25,18,0,Kerala,Southern,Agriculture,Food,3,11880.0,,
1001359,P00191642,F,36-45,42,1,Karnataka,Southern,Automobile,Food,1,11878.0,,
1000266,P00025442,F,36-45,38,1,Maharashtra,Western,Govt,Food,2,11878.0,,
1004041,P00276642,F,18-25,21,0,Maharashtra,Western,IT Sector,Food,4,11877.0,,
1001442,P00065042,F,18-25,25,0,Karnataka,Southern,Construction,Food,1,11874.0,,
1004736,P00304042,F,18-25,21,0,Karnataka,Southern,Lawyer,Food,3,11873.0,,
1000646,P00359242,F,36-45,36,0,Uttar Pradesh,Central,Aviation,Food,1,11873.0,,
1003808,P00043842,F,26-35,34,1,Karnataka,Southern,Textile,Food,1,11870.0,,
1000510,P00127842,F,18-25,20,1,Delhi,Central,IT Sector,Food,4,11869.0,,
1004573,P00109542,F,51-55,51,0,AndhraÂ Pradesh,Southern,Banking,Food,2,11868.0,,
1001934,P00085342,F,26-35,29,1,Haryana,Northern,Healthcare,Food,3,11868.0,,
1000412,P00036942,F,36-45,41,1,Bihar,Eastern,Media,Food,2,11867.0,,
1000540,P00115642,F,18-25,18,0,Maharashtra,Western,Govt,Food,3,11865.0,,
1002898,P00073642,M,18-25,19,0,Maharashtra,Western,Govt,Food,4,11863.0,,
1000746,P00069242,M,18-25,20,1,Uttar Pradesh,Central,Chemical,Food,3,11863.0,,
1001741,P00044442,F,36-45,38,0,Uttar Pradesh,Central,IT Sector,Food,4,11863.0,,
1001941,P0095742,M,36-45,26,1,Uttar Pradesh,Central,Agriculture,Food,4,11862.0,,
1003887,P00255942,F,18-25,20,0,Madhya Pradesh,Central,Retail,Food,2,11861.0,,
1000097,P00297742,M,36-45,42,0,Karnataka,Southern,Hospitality,Food,1,11859.0,,
1002035,P00303242,M,18-25,22,0,Uttar Pradesh,Central,Healthcare,Food,3,11858.0,,
1001875,P00258742,F,36-45,44,0,Telangana,Southern,Automobile,Food,4,11856.0,,
1003441,P00363242,M,26-35,29,0,Gujarat,Western,Textile,Food,3,11855.0,,
1001699,P00195542,M,26-35,29,1,AndhraÂ Pradesh,Southern,Media,Food,2,11852.0,,
1004637,P00206442,M,36-45,44,1,AndhraÂ Pradesh,Southern,Aviation,Food,4,11851.0,,
1005367,P00302942,F,18-25,23,1,AndhraÂ Pradesh,Southern,Textile,Food,4,11849.0,,
1001591,P00121642,F,51-55,54,0,Delhi,Central,Media,Food,2,11849.0,,
1005178,P00267542,F,51-55,51,0,Uttar Pradesh,Central,Banking,Food,2,11847.0,,
1000153,P00366242,F,0-17,15,0,Delhi,Central,IT Sector,Food,2,11846.0,,
1005397,P00058142,F,18-25,18,0,Maharashtra,Western,Food Processing,Food,3,11845.0,,
1001246,P00116742,F,18-25,20,0,Maharashtra,Western,Banking,Food,4,11845.0,,
1003182,P00286642,F,26-35,33,0,Madhya Pradesh,Central,Chemical,Food,4,11844.0,,
1003751,P00331542,M,36-45,43,1,Madhya Pradesh,Central,Healthcare,Food,1,11843.0,,
1005681,P00059442,M,26-35,27,1,Uttar Pradesh,Central,Lawyer,Food,3,11843.0,,
1001444,P00350342,M,26-35,28,1,Madhya Pradesh,Central,Healthcare,Food,2,11842.0,,
1003029,P00318742,F,18-25,19,1,Maharashtra,Western,Automobile,Food,2,11842.0,,
1003914,P00266642,F,36-45,45,0,Uttar Pradesh,Central,Lawyer,Food,2,11842.0,,
1004265,P00259342,F,26-35,34,1,Gujarat,Western,IT Sector,Food,1,11839.0,,
1001709,P00003942,F,26-35,27,1,Uttar Pradesh,Central,Food Processing,Food,3,11838.0,,
1002164,P00178242,F,36-45,44,1,Karnataka,Southern,Healthcare,Food,4,11837.0,,
1005558,P00127042,F,0-17,15,0,Gujarat,Western,Media,Food,4,11836.0,,
1003762,P00269242,F,51-55,54,0,Maharashtra,Western,Aviation,Food,2,11836.0,,
1004083,P00339342,F,55+,58,0,Maharashtra,Western,Lawyer,Food,3,11836.0,,
1004916,P00247042,F,18-25,21,0,Maharashtra,Western,Healthcare,Food,4,11835.0,,
1004162,P00009242,M,26-35,28,1,Maharashtra,Western,Banking,Food,2,11835.0,,
1002544,P00275742,F,46-50,49,0,Uttar Pradesh,Central,Govt,Food,4,11833.0,,
1000412,P00138342,F,36-45,37,0,Delhi,Central,IT Sector,Food,4,11832.0,,
1005005,P00234542,F,46-50,49,0,Maharashtra,Western,Lawyer,Food,3,11832.0,,
1000984,P00001942,F,51-55,54,1,Maharashtra,Western,Automobile,Food,1,11832.0,,
1004130,P00267542,F,36-45,40,0,Uttar Pradesh,Central,Chemical,Food,1,11831.0,,
1001996,P00110942,F,36-45,37,0,Madhya Pradesh,Central,Healthcare,Food,3,11828.0,,
1000331,P00184942,F,26-35,32,0,Maharashtra,Western,Banking,Food,2,11827.0,,
1001525,P00019442,M,26-35,33,1,Uttar Pradesh,Central,Hospitality,Food,1,11827.0,,
1001205,P00141542,M,55+,76,0,Uttar Pradesh,Central,IT Sector,Food,3,11827.0,,
1001361,P00283342,M,26-35,35,1,Jharkhand,Eastern,Aviation,Food,4,11825.0,,
1005198,P00237542,M,18-25,19,1,Rajasthan,Northern,Healthcare,Food,1,11825.0,,
1002857,P00313242,F,26-35,30,0,Haryana,Northern,Banking,Food,3,11824.0,,
1003507,P00036842,F,26-35,34,0,Maharashtra,Western,IT Sector,Food,1,11822.0,,
1002787,P00313342,F,26-35,32,0,Karnataka,Southern,Construction,Food,1,11821.0,,
1001764,P00313542,F,18-25,23,0,Maharashtra,Western,IT Sector,Food,2,11820.0,,
1001792,P00129542,M,26-35,35,0,Maharashtra,Western,Textile,Food,2,11820.0,,
1004021,P00184242,F,51-55,55,0,Madhya Pradesh,Central,IT Sector,Food,2,11819.0,,
1003560,P00109242,M,26-35,27,0,Himachal Pradesh,Northern,Aviation,Food,2,11818.0,,
1005530,P00128242,M,18-25,24,1,Maharashtra,Western,Hospitality,Food,4,11818.0,,
1005778,P00321842,F,36-45,37,1,Bihar,Eastern,Healthcare,Food,3,11814.0,,
1005333,P00003642,M,26-35,30,0,Haryana,Northern,Healthcare,Food,2,11813.0,,
1002757,P00128942,F,26-35,32,1,Maharashtra,Western,Healthcare,Food,2,11813.0,,
1001383,P00321742,M,26-35,28,1,Maharashtra,Western,Healthcare,Food,1,11812.0,,
1005974,P00141942,M,26-35,30,1,Maharashtra,Western,Hospitality,Food,1,11812.0,,
1000242,P00211142,M,18-25,25,1,AndhraÂ Pradesh,Southern,Healthcare,Food,1,11811.0,,
1004114,P00348642,F,36-45,38,0,Haryana,Northern,Construction,Food,2,11810.0,,
1003859,P00165442,F,26-35,30,1,Uttar Pradesh,Central,Hospitality,Food,1,11810.0,,
1002456,P00289042,F,26-35,32,0,Uttar Pradesh,Central,Agriculture,Food,2,11810.0,,
1000698,P00186642,F,18-25,20,1,AndhraÂ Pradesh,Southern,Banking,Food,1,11809.0,,
1005013,P00085242,F,18-25,23,1,Karnataka,Southern,IT Sector,Food,1,11806.0,,
1002265,P00112542,F,55+,58,0,Maharashtra,Western,Healthcare,Food,3,11806.0,,
1002517,P00232742,M,36-45,36,1,Uttar Pradesh,Central,IT Sector,Food,1,11805.0,,
1003473,P00214842,M,36-45,41,1,Punjab,Northern,IT Sector,Food,2,11804.0,,
1002650,P00111742,F,46-50,48,1,Himachal Pradesh,Northern,Healthcare,Food,3,11803.0,,
1000625,P00126042,M,36-45,36,1,AndhraÂ Pradesh,Southern,IT Sector,Food,4,11801.0,,
1002643,P00348842,F,46-50,50,1,Madhya Pradesh,Central,Aviation,Food,2,11801.0,,
1003576,P00252442,F,51-55,51,1,Uttar Pradesh,Central,Textile,Food,3,11801.0,,
1000740,P00155642,F,26-35,28,0,Gujarat,Western,Banking,Food,3,11800.0,,
1000637,P00196042,F,36-45,44,0,Maharashtra,Western,Banking,Food,2,11798.0,,
1001075,P00200642,M,26-35,35,1,Haryana,Northern,IT Sector,Food,2,11797.0,,
1001331,P00080342,F,46-50,50,0,Jharkhand,Eastern,Aviation,Food,2,11797.0,,
1001310,P00114142,F,46-50,49,0,Madhya Pradesh,Central,Aviation,Food,2,11797.0,,
1004346,P00304042,F,18-25,23,0,Uttar Pradesh,Central,IT Sector,Food,2,11797.0,,
1005443,P00144242,F,26-35,27,0,Madhya Pradesh,Central,Aviation,Food,4,11793.0,,
1004070,P00110842,F,26-35,31,0,Uttar Pradesh,Central,Aviation,Food,4,11792.0,,
1004466,P00112142,F,36-45,39,0,Uttar Pradesh,Central,Lawyer,Food,1,11791.0,,
1004928,P00014042,M,26-35,31,1,AndhraÂ Pradesh,Southern,Banking,Food,1,11789.0,,
1001541,P00265242,F,55+,61,1,Maharashtra,Western,Aviation,Food,4,11789.0,,
1003538,P00193242,F,36-45,41,0,Haryana,Northern,Aviation,Food,2,11788.0,,
1000390,P00116142,F,26-35,35,1,Karnataka,Southern,IT Sector,Food,3,11788.0,,
1003771,P00114942,F,26-35,30,0,Maharashtra,Western,Food Processing,Food,1,11788.0,,
1004545,P00183442,F,26-35,28,1,Maharashtra,Western,Food Processing,Food,2,11787.0,,
1005031,P00265242,M,26-35,26,0,Uttar Pradesh,Central,Textile,Food,2,11787.0,,
1003929,P00246442,F,26-35,34,0,Uttar Pradesh,Central,Healthcare,Food,1,11787.0,,
1001820,P00010842,F,26-35,35,0,Bihar,Eastern,Govt,Food,1,11781.0,,
1004412,P00293242,F,18-25,25,0,Maharashtra,Western,Retail,Food,4,11781.0,,
1004021,P00050142,F,51-55,53,0,AndhraÂ Pradesh,Southern,Media,Food,2,11780.0,,
1002251,P00129842,F,36-45,45,1,Bihar,Eastern,Construction,Food,1,11779.0,,
1001301,P00352142,M,26-35,27,0,Jharkhand,Eastern,Automobile,Food,4,11778.0,,
1005515,P00113242,F,18-25,22,0,Maharashtra,Western,Healthcare,Food,1,11777.0,,
1000509,P00173342,M,26-35,29,0,Uttar Pradesh,Central,Food Processing,Food,3,11775.0,,
1000550,P00045342,F,46-50,46,1,Madhya Pradesh,Central,IT Sector,Food,1,11774.0,,
1004837,P00127942,F,26-35,31,1,Delhi,Central,Govt,Food,2,11773.0,,
1002718,P00278542,M,26-35,26,1,Madhya Pradesh,Central,Food Processing,Food,1,11772.0,,
1000352,P00241542,F,18-25,24,0,Maharashtra,Western,Govt,Food,1,11772.0,,
1001050,P00347242,F,26-35,30,1,Uttar Pradesh,Central,IT Sector,Food,2,11771.0,,
1002239,P00025442,F,18-25,23,1,Maharashtra,Western,Govt,Food,4,11770.0,,
1000624,P00049642,F,26-35,33,1,AndhraÂ Pradesh,Southern,Banking,Food,3,11769.0,,
1002732,P00032042,F,46-50,46,1,Gujarat,Western,IT Sector,Food,4,11769.0,,
1005598,P00358342,F,18-25,24,0,AndhraÂ Pradesh,Southern,Hospitality,Food,2,11767.0,,
1004021,P00190142,F,51-55,51,0,Madhya Pradesh,Central,Hospitality,Food,4,11765.0,,
1003158,P00198742,F,26-35,30,1,Karnataka,Southern,Aviation,Food,2,11764.0,,
1002975,P00069042,F,36-45,39,1,Telangana,Southern,Textile,Food,1,11764.0,,
1003504,P00021642,F,18-25,19,0,Haryana,Northern,Healthcare,Food,2,11763.0,,
1002434,P00010742,M,26-35,28,0,AndhraÂ Pradesh,Southern,Lawyer,Food,4,11760.0,,
1003742,P00275842,F,26-35,27,0,Delhi,Central,IT Sector,Food,3,11759.0,,
1001514,P00114042,F,18-25,21,0,Rajasthan,Northern,Textile,Food,3,11758.0,,
1005762,P00259342,M,36-45,42,1,Delhi,Central,Govt,Food,3,11756.0,,
1000308,P00113942,F,26-35,32,0,Gujarat,Western,Food Processing,Food,4,11756.0,,
1004461,P00100642,F,26-35,26,1,Haryana,Northern,Media,Food,3,11756.0,,
1000945,P00147942,F,46-50,46,0,Karnataka,Southern,Textile,Food,1,11756.0,,
1000889,P00016342,F,46-50,49,1,Maharashtra,Western,IT Sector,Food,3,11756.0,,
1000851,P00345742,F,18-25,18,1,AndhraÂ Pradesh,Southern,Hospitality,Food,2,11755.0,,
1004207,P00062842,F,36-45,37,0,Maharashtra,Western,Govt,Food,3,11755.0,,
1004153,P00187842,F,51-55,54,0,Gujarat,Western,Healthcare,Food,1,11754.0,,
1002376,P00254142,F,26-35,27,1,Maharashtra,Western,Media,Food,1,11754.0,,
1000858,P00144642,F,36-45,42,0,Delhi,Central,Hospitality,Food,2,11753.0,,
1005483,P00016142,M,26-35,34,0,Kerala,Southern,Retail,Food,3,11753.0,,
1003103,P00050142,M,26-35,32,0,AndhraÂ Pradesh,Southern,Textile,Food,3,11748.0,,
1001463,P00173242,F,51-55,54,1,AndhraÂ Pradesh,Southern,Lawyer,Food,2,11748.0,,
1004472,P00080042,M,46-50,48,0,Maharashtra,Western,Media,Food,2,11747.0,,
1004024,P00252042,M,26-35,33,0,Madhya Pradesh,Central,Hospitality,Food,3,11743.0,,
1002348,P00331042,F,51-55,52,0,Bihar,Eastern,Retail,Food,1,11742.0,,
1000911,P00313342,F,51-55,54,0,Haryana,Northern,Banking,Food,2,11739.0,,
1005795,P00129242,F,26-35,33,0,Karnataka,Southern,Govt,Food,1,11737.0,,
1003842,P0097742,M,36-45,45,1,Himachal Pradesh,Northern,Lawyer,Food,1,11736.0,,
1001487,P00355642,F,36-45,39,0,Haryana,Northern,IT Sector,Food,2,11734.0,,
1005747,P00147742,F,26-35,34,0,Karnataka,Southern,Hospitality,Food,4,11734.0,,
1003712,P00127342,F,26-35,28,0,Maharashtra,Western,Healthcare,Food,4,11734.0,,
1005858,P00178242,F,26-35,27,0,Uttar Pradesh,Central,Govt,Food,1,11734.0,,
1003308,P00034742,M,18-25,21,0,Kerala,Southern,Lawyer,Food,1,11732.0,,
1005551,P00181842,M,36-45,39,0,Maharashtra,Western,Media,Food,3,11731.0,,
1005493,P00351042,F,36-45,45,1,Maharashtra,Western,Aviation,Food,2,11731.0,,
1002761,P00243942,F,36-45,42,1,Uttar Pradesh,Central,Banking,Food,2,11731.0,,
1005626,P00338442,M,55+,85,0,Madhya Pradesh,Central,Govt,Food,1,11730.0,,
1000173,P00310842,F,26-35,29,0,Karnataka,Southern,Hospitality,Food,2,11729.0,,
1002208,P00173742,F,26-35,33,1,Maharashtra,Western,Govt,Food,3,11729.0,,
1004054,P00344542,F,36-45,38,0,Uttar Pradesh,Central,Lawyer,Food,4,11729.0,,
1001871,P00110942,M,46-50,48,1,AndhraÂ Pradesh,Southern,Agriculture,Food,2,11728.0,,
1003603,P00034342,M,36-45,44,1,Bihar,Eastern,Healthcare,Food,1,11727.0,,
1006036,P00150042,M,26-35,26,1,Madhya Pradesh,Central,Automobile,Food,1,11727.0,,
1004541,P00166942,F,0-17,17,1,Jharkhand,Eastern,Hospitality,Food,2,11724.0,,
1004171,P00080342,F,55+,64,1,AndhraÂ Pradesh,Southern,Healthcare,Food,2,11723.0,,
1001564,P00074442,F,51-55,52,0,Karnataka,Southern,Food Processing,Food,3,11722.0,,
1004311,P00087742,F,51-55,52,0,Madhya Pradesh,Central,Healthcare,Food,3,11722.0,,
1001280,P00249142,F,0-17,12,0,Uttar Pradesh,Central,Chemical,Food,2,11722.0,,
1003557,P00181542,F,18-25,18,1,Haryana,Northern,IT Sector,Food,1,11721.0,,
1004055,P00154042,F,51-55,51,0,Himachal Pradesh,Northern,Food Processing,Food,4,11721.0,,
1001365,P00258742,M,0-17,17,1,Gujarat,Western,Hospitality,Food,3,11717.0,,
1001067,P00114042,F,36-45,43,0,Uttar Pradesh,Central,Media,Food,2,11716.0,,
1001749,P00252542,F,26-35,32,1,Gujarat,Western,Chemical,Food,3,11714.0,,
1002404,P00110942,F,18-25,24,1,Jharkhand,Eastern,Hospitality,Food,1,11714.0,,
1005717,P00253342,F,26-35,30,1,Maharashtra,Western,Healthcare,Food,4,11714.0,,
1001968,P00127742,F,26-35,26,0,Karnataka,Southern,Govt,Food,1,11713.0,,
1004115,P00303642,F,26-35,31,0,Maharashtra,Western,Healthcare,Food,4,11713.0,,
1001753,P00009742,F,36-45,44,1,Maharashtra,Western,Aviation,Food,4,11713.0,,
1001835,P00348642,F,26-35,27,1,Maharashtra,Western,Banking,Food,3,11712.0,,
1002724,P00190142,M,46-50,50,1,Himachal Pradesh,Northern,IT Sector,Food,1,11711.0,,
1005156,P00114942,F,18-25,22,0,Delhi,Central,Lawyer,Food,2,11710.0,,
1002761,P00278042,F,36-45,36,1,Telangana,Southern,Automobile,Food,1,11708.0,,
1005874,P00001042,F,26-35,26,0,Uttar Pradesh,Central,Aviation,Food,2,11708.0,,
1000424,P00114742,F,26-35,26,1,Karnataka,Southern,Govt,Food,3,11706.0,,
1001196,P00113042,M,18-25,25,1,Maharashtra,Western,Lawyer,Food,3,11704.0,,
1005996,P00205642,M,26-35,27,0,Maharashtra,Western,IT Sector,Food,1,11704.0,,
1000136,P00049542,F,18-25,23,1,Uttar Pradesh,Central,Chemical,Food,3,11703.0,,
1000303,P00028842,F,26-35,34,0,Uttar Pradesh,Central,IT Sector,Food,2,11702.0,,
1000424,P00144642,F,26-35,26,0,Jharkhand,Eastern,Banking,Food,3,11697.0,,
1003669,P00148742,F,26-35,29,0,Maharashtra,Western,Aviation,Food,4,11696.0,,
1001959,P00057642,M,51-55,54,0,AndhraÂ Pradesh,Southern,Retail,Food,4,11695.0,,
1000610,P00187342,F,26-35,32,0,Maharashtra,Western,Govt,Food,4,11693.0,,
1003457,P00111942,F,26-35,28,0,Rajasthan,Northern,Aviation,Food,1,11693.0,,
1004213,P00274942,F,36-45,38,0,Karnataka,Southern,Hospitality,Food,3,11691.0,,
1004214,P00047242,M,26-35,28,1,Uttar Pradesh,Central,Banking,Food,2,11689.0,,
1001934,P00250842,F,26-35,30,0,Maharashtra,Western,IT Sector,Food,4,11688.0,,
1004064,P0095042,F,46-50,46,1,Maharashtra,Western,Govt,Food,1,11688.0,,
1004107,P00243942,M,26-35,32,0,Karnataka,Southern,Agriculture,Food,3,11687.0,,
1002205,P0095842,M,26-35,28,0,Uttar Pradesh,Central,Media,Food,4,11687.0,,
1005594,P00086342,M,46-50,50,0,Uttar Pradesh,Central,Healthcare,Food,1,11687.0,,
1003031,P00222842,M,18-25,18,1,Bihar,Eastern,Automobile,Food,1,11684.0,,
1002999,P00023342,F,26-35,28,0,Delhi,Central,Automobile,Food,4,11681.0,,
1004194,P00258742,F,18-25,23,0,Maharashtra,Western,Healthcare,Food,2,11681.0,,
1002868,P00230942,F,36-45,36,0,Bihar,Eastern,Aviation,Food,1,11680.0,,
1000630,P00121642,M,36-45,45,0,Bihar,Eastern,Govt,Food,1,11679.0,,
1000575,P00132942,F,26-35,30,0,Kerala,Southern,Healthcare,Food,2,11679.0,,
1003786,P00002542,M,26-35,33,0,Uttar Pradesh,Central,Aviation,Food,1,11679.0,,
1000695,P00217742,M,18-25,20,1,Uttar Pradesh,Central,Retail,Food,3,11678.0,,
1005065,P00303442,F,26-35,29,1,Karnataka,Southern,Agriculture,Food,3,11677.0,,
1003610,P00313642,F,18-25,23,0,Uttar Pradesh,Central,IT Sector,Food,2,11676.0,,
1000549,P00218342,F,26-35,26,1,Uttar Pradesh,Central,Aviation,Food,4,11676.0,,
1001088,P00262542,M,0-17,15,0,Jharkhand,Eastern,Food Processing,Food,3,11674.0,,
1005978,P00191442,M,36-45,40,1,Karnataka,Southern,Chemical,Food,1,11674.0,,
1003579,P00127742,F,18-25,18,1,Kerala,Southern,Textile,Food,3,11673.0,,
1000950,P00112142,F,36-45,42,1,Maharashtra,Western,Agriculture,Food,2,11673.0,,
1004748,P00212042,F,46-50,48,0,AndhraÂ Pradesh,Southern,Hospitality,Food,3,11672.0,,
1002064,P00142942,F,36-45,42,0,Haryana,Northern,Healthcare,Food,2,11672.0,,
1005511,P00287642,F,46-50,46,1,Uttar Pradesh,Central,Aviation,Food,1,11671.0,,
1005548,P00021042,M,18-25,25,1,Madhya Pradesh,Central,Aviation,Food,3,11669.0,,
1000534,P00157642,F,26-35,30,1,Madhya Pradesh,Central,IT Sector,Food,2,11668.0,,
1002129,P00233842,F,26-35,33,1,Uttar Pradesh,Central,Chemical,Food,3,11668.0,,
1005107,P00276342,M,46-50,48,1,Uttar Pradesh,Central,Aviation,Food,4,11668.0,,
1000832,P00174442,F,18-25,22,0,AndhraÂ Pradesh,Southern,Banking,Food,2,11667.0,,
1001413,P00355142,F,18-25,18,0,Bihar,Eastern,Media,Food,2,11667.0,,
1005654,P00119442,F,26-35,27,1,Delhi,Central,Hospitality,Food,2,11667.0,,
1005530,P00346442,M,18-25,20,1,Jharkhand,Eastern,Aviation,Food,4,11667.0,,
1002655,P00173242,F,36-45,38,1,Uttar Pradesh,Central,Aviation,Food,2,11667.0,,
1005734,P00295942,M,26-35,27,0,Madhya Pradesh,Central,Healthcare,Food,1,11656.0,,
1002276,P00213742,F,55+,56,0,Uttar Pradesh,Central,IT Sector,Food,2,11656.0,,
1002105,P00230842,F,26-35,35,1,Delhi,Central,Media,Food,1,11655.0,,
1000984,P00178542,F,51-55,55,0,Maharashtra,Western,Retail,Food,3,11655.0,,
1000202,P00033042,F,18-25,22,1,Gujarat,Western,Construction,Food,1,11646.0,,
1005649,P00027142,M,18-25,19,1,Madhya Pradesh,Central,Hospitality,Food,1,11646.0,,
1005858,P00028842,F,26-35,31,0,Maharashtra,Western,Media,Food,4,11642.0,,
1000539,P00285642,M,26-35,30,0,Maharashtra,Western,Banking,Food,4,11641.0,,
1002208,P00010742,F,26-35,31,0,Karnataka,Southern,Banking,Food,2,11640.0,,
1004140,P00032042,F,26-35,32,0,Maharashtra,Western,IT Sector,Food,2,11640.0,,
1003686,P00343042,M,26-35,32,0,Karnataka,Southern,IT Sector,Food,4,11639.0,,
1001434,P00259542,M,0-17,13,0,Himachal Pradesh,Northern,Healthcare,Food,1,11638.0,,
1000851,P00251842,F,18-25,23,1,Karnataka,Southern,Automobile,Food,2,11638.0,,
1002857,P00110742,F,26-35,30,1,Bihar,Eastern,Retail,Food,3,11636.0,,
1001414,P00140742,F,18-25,24,1,Maharashtra,Western,Aviation,Food,3,11636.0,,
1001298,P00033742,F,36-45,38,1,Maharashtra,Western,Food Processing,Food,2,11635.0,,
1002546,P00175942,M,55+,64,0,AndhraÂ Pradesh,Southern,Govt,Food,3,11634.0,,
1005788,P00197242,F,26-35,33,0,Gujarat,Western,Aviation,Food,2,11633.0,,
1003474,P00240242,F,36-45,42,0,Haryana,Northern,Govt,Food,4,11633.0,,
1003336,P00255942,F,36-45,38,1,Uttar Pradesh,Central,Retail,Food,3,11632.0,,
1003507,P00260042,F,26-35,30,1,AndhraÂ Pradesh,Southern,Aviation,Food,2,11629.0,,
1004238,P00259542,F,36-45,38,0,Telangana,Southern,IT Sector,Food,2,11629.0,,
1004953,P00149542,F,36-45,36,1,Uttar Pradesh,Central,Govt,Food,2,11624.0,,
1003882,P00072942,F,55+,89,0,Delhi,Central,Lawyer,Food,3,11618.0,,
1001733,P00364842,F,18-25,23,1,Haryana,Northern,IT Sector,Food,2,11617.0,,
1004386,P00101742,F,26-35,31,0,Uttar Pradesh,Central,Retail,Food,4,11616.0,,
1005014,P00105142,F,46-50,49,1,Uttar Pradesh,Central,Food Processing,Food,2,11614.0,,
1000651,P00120342,F,36-45,45,0,Delhi,Central,Chemical,Food,3,11613.0,,
1004434,P00307642,M,36-45,39,1,Uttarakhand,Central,Banking,Food,3,11611.0,,
1003299,P00358042,M,26-35,31,0,AndhraÂ Pradesh,Southern,Hospitality,Food,3,11610.0,,
1000765,P00044242,F,26-35,27,0,Maharashtra,Western,Govt,Food,2,11609.0,,
1002124,P00295842,F,26-35,35,0,Uttar Pradesh,Central,Banking,Food,3,11609.0,,
1000095,P00198742,F,46-50,47,1,Karnataka,Southern,Automobile,Food,1,11608.0,,
1001447,P00193642,F,18-25,22,0,Uttar Pradesh,Central,Aviation,Food,1,11607.0,,
1003331,P00250242,M,26-35,26,1,Delhi,Central,Govt,Food,4,11606.0,,
1004522,P00171742,F,46-50,46,0,Karnataka,Southern,IT Sector,Food,2,11606.0,,
1001153,P00249742,F,18-25,23,0,Maharashtra,Western,Hospitality,Food,4,11606.0,,
1004543,P00240142,F,26-35,26,0,Maharashtra,Western,Automobile,Food,1,11606.0,,
1001632,P00119542,M,26-35,32,1,Punjab,Northern,Banking,Food,4,11606.0,,
1004618,P00241242,F,26-35,29,0,Bihar,Eastern,Healthcare,Food,1,11605.0,,
1000429,P00257042,F,18-25,23,1,Delhi,Central,Textile,Food,2,11605.0,,
1002773,P00086042,F,36-45,40,1,Delhi,Central,Aviation,Food,3,11604.0,,
1003963,P00230942,F,51-55,54,0,Karnataka,Southern,Agriculture,Food,2,11604.0,,
1001360,P00014642,F,26-35,31,0,Uttar Pradesh,Central,Retail,Food,3,11604.0,,
1003834,P00161542,F,18-25,20,1,Jharkhand,Eastern,Banking,Food,1,11603.0,,
1003029,P00016342,F,18-25,18,1,Uttar Pradesh,Central,Hospitality,Food,1,11603.0,,
1002396,P00059442,M,18-25,21,1,Himachal Pradesh,Northern,Healthcare,Food,3,11602.0,,
1001988,P00028042,M,26-35,28,0,Kerala,Southern,Media,Food,3,11602.0,,
1001600,P00084042,F,36-45,36,1,AndhraÂ Pradesh,Southern,IT Sector,Food,2,11601.0,,
1003370,P00183742,F,18-25,19,0,Bihar,Eastern,IT Sector,Food,4,11601.0,,
1003829,P0093742,M,26-35,28,0,Himachal Pradesh,Northern,Banking,Food,4,11601.0,,
1004347,P00223342,M,18-25,18,1,Karnataka,Southern,Aviation,Food,4,11601.0,,
1003055,P00270942,M,26-35,27,1,Delhi,Central,Textile,Food,1,11598.0,,
1000319,P00010842,M,51-55,54,1,Gujarat,Western,Aviation,Food,4,11598.0,,
1001296,P00364842,F,0-17,12,0,Bihar,Eastern,Healthcare,Food,1,11595.0,,
1005582,P00244342,M,46-50,46,1,Delhi,Central,IT Sector,Food,2,11593.0,,
1005534,P00250342,F,46-50,47,0,Haryana,Northern,Hospitality,Food,2,11591.0,,
1002163,P00186642,F,18-25,20,0,Madhya Pradesh,Central,Agriculture,Food,1,11590.0,,
1001805,P00320742,F,18-25,24,0,Karnataka,Southern,Banking,Food,2,11588.0,,
1002883,P00279642,F,18-25,21,0,Uttar Pradesh,Central,Govt,Food,3,11588.0,,
1001935,P00085742,M,0-17,17,1,Bihar,Eastern,Lawyer,Food,2,11585.0,,
1003055,P00262242,M,26-35,33,0,Delhi,Central,IT Sector,Food,4,11585.0,,
1003922,P00022542,F,18-25,23,1,Gujarat,Western,Govt,Food,2,11585.0,,
1003698,P00338442,F,26-35,33,0,Bihar,Eastern,Aviation,Food,2,11584.0,,
1006005,P00181642,M,26-35,29,0,Gujarat,Western,Automobile,Food,1,11583.0,,
1002507,P00295342,F,26-35,28,0,Uttar Pradesh,Central,Healthcare,Food,3,11581.0,,
1000678,P00331242,F,26-35,35,0,Telangana,Southern,Healthcare,Food,4,11580.0,,
1000843,P00153742,F,26-35,30,1,Bihar,Eastern,Aviation,Food,2,11578.0,,
1002038,P00119042,M,46-50,49,0,Jharkhand,Eastern,Agriculture,Food,4,11578.0,,
1003625,P00262242,F,18-25,24,1,Maharashtra,Western,Food Processing,Food,3,11578.0,,
1003349,P00044442,M,18-25,20,0,AndhraÂ Pradesh,Southern,IT Sector,Food,4,11576.0,,
1000637,P00111742,F,36-45,37,1,Maharashtra,Western,Agriculture,Food,1,11576.0,,
1000149,P00112142,F,26-35,33,1,Uttar Pradesh,Central,Banking,Food,3,11576.0,,
1001211,P00145042,F,18-25,22,1,Uttar Pradesh,Central,Retail,Food,1,11573.0,,
1003742,P00259342,F,26-35,35,0,Haryana,Northern,Govt,Food,1,11571.0,,
1002986,P00114942,F,26-35,30,0,Uttar Pradesh,Central,IT Sector,Food,1,11571.0,,
1004227,P00179042,F,26-35,32,0,Karnataka,Southern,Automobile,Food,4,11569.0,,
1000802,P00238442,F,26-35,30,0,Uttar Pradesh,Central,Healthcare,Food,3,11567.0,,
1002847,P00150342,F,18-25,20,0,AndhraÂ Pradesh,Southern,Healthcare,Food,1,11566.0,,
1000411,P00144242,M,46-50,50,1,Bihar,Eastern,Construction,Food,1,11565.0,,
1000187,P00132242,M,46-50,46,1,Kerala,Southern,Healthcare,Food,2,11564.0,,
1005834,P00281042,F,55+,80,0,Uttar Pradesh,Central,Retail,Food,1,11563.0,,
1003585,P00330342,F,36-45,40,0,Karnataka,Southern,Govt,Food,1,11560.0,,
1002383,P00058142,M,26-35,32,1,AndhraÂ Pradesh,Southern,Govt,Food,4,11557.0,,
1001853,P00216742,F,51-55,51,0,Uttar Pradesh,Central,Retail,Food,1,11557.0,,
1002137,P00370242,M,0-17,13,0,Delhi,Central,Lawyer,Food,2,11556.0,,
1000330,P00085342,F,55+,60,0,Gujarat,Western,Govt,Food,4,11555.0,,
1004489,P00028842,F,18-25,19,1,Maharashtra,Western,Hospitality,Food,4,11555.0,,
1000746,P00345642,M,18-25,24,1,Jharkhand,Eastern,IT Sector,Food,1,11552.0,,
1002109,P00144642,F,26-35,35,0,Delhi,Central,Banking,Food,2,11551.0,,
1005972,P00283242,M,26-35,35,0,Bihar,Eastern,IT Sector,Food,4,11550.0,,
1004168,P00296042,M,46-50,49,0,Delhi,Central,IT Sector,Food,3,11550.0,,
1002018,P00259142,F,36-45,44,0,Karnataka,Southern,Healthcare,Food,2,11550.0,,
1001854,P00223042,F,26-35,35,0,Karnataka,Southern,IT Sector,Food,3,11548.0,,
1005905,P00245642,M,36-45,39,1,Karnataka,Southern,Banking,Food,3,11548.0,,
1003037,P00158842,M,26-35,31,0,Karnataka,Southern,Construction,Food,1,11547.0,,
1002030,P00244142,F,26-35,35,1,Karnataka,Southern,Banking,Food,1,11546.0,,
1004884,P00019142,F,36-45,41,1,Delhi,Central,Retail,Food,4,11544.0,,
1000399,P00255742,M,36-45,44,1,Jharkhand,Eastern,IT Sector,Food,3,11544.0,,
1004682,P00221042,F,26-35,27,0,Madhya Pradesh,Central,IT Sector,Food,3,11543.0,,
1002843,P00142142,M,26-35,28,0,Madhya Pradesh,Central,Aviation,Food,1,11543.0,,
1002843,P00142142,M,26-35,28,0,Madhya Pradesh,Central,Aviation,Food,2,11543.0,,
1005100,P00109042,F,51-55,55,0,Delhi,Central,Chemical,Food,4,11542.0,,
1004637,P00233542,M,36-45,44,0,Haryana,Northern,Banking,Food,1,11541.0,,
1004946,P00058142,M,36-45,44,0,Uttar Pradesh,Central,Healthcare,Food,3,11541.0,,
1004667,P00112442,F,26-35,32,0,Kerala,Southern,Retail,Food,1,11540.0,,
1003201,P00065342,F,46-50,49,0,Madhya Pradesh,Central,Govt,Food,2,11540.0,,
1000187,P00237542,M,46-50,47,0,Jharkhand,Eastern,Aviation,Food,3,11537.0,,
1002014,P00110942,F,18-25,24,0,Maharashtra,Western,Banking,Food,4,11535.0,,
1003910,P00100742,F,26-35,27,0,Maharashtra,Western,Textile,Food,4,11533.0,,
1001937,P00110842,F,26-35,28,1,Haryana,Northern,Aviation,Food,2,11532.0,,
1000802,P00197442,F,26-35,29,0,Karnataka,Southern,Textile,Food,3,11532.0,,
1000264,P00053942,F,36-45,36,0,Karnataka,Southern,Lawyer,Food,3,11532.0,,
1000984,P00161542,M,51-55,55,0,Haryana,Northern,Media,Food,2,11531.0,,
1000702,P00273742,F,36-45,43,1,Bihar,Eastern,Aviation,Food,3,11530.0,,
1004227,P00040642,F,26-35,32,1,Uttar Pradesh,Central,IT Sector,Food,3,11528.0,,
1004026,P00113142,F,26-35,32,0,Bihar,Eastern,IT Sector,Food,4,11526.0,,
1002436,P00147742,F,26-35,28,1,Madhya Pradesh,Central,Food Processing,Food,2,11526.0,,
1001915,P00046742,F,51-55,55,0,Rajasthan,Northern,Lawyer,Food,4,11525.0,,
1005468,P00009442,F,26-35,31,0,Haryana,Northern,Aviation,Food,3,11521.0,,
1002427,P00251442,M,26-35,28,0,Madhya Pradesh,Central,Lawyer,Food,3,11520.0,,
1003588,P00335042,F,26-35,34,0,Uttar Pradesh,Central,Food Processing,Food,2,11519.0,,
1004027,P00108842,M,26-35,32,1,Madhya Pradesh,Central,IT Sector,Food,1,11516.0,,
1001803,P00093342,F,26-35,31,1,Maharashtra,Western,IT Sector,Food,2,11515.0,,
1005433,P00077042,M,36-45,45,1,Karnataka,Southern,Chemical,Food,2,11514.0,,
1005829,P00270842,M,26-35,30,1,Maharashtra,Western,Lawyer,Food,2,11514.0,,
1000019,P00121642,F,0-17,14,0,Gujarat,Western,Aviation,Food,2,11513.0,,
1003988,P00134942,M,26-35,30,1,AndhraÂ Pradesh,Southern,Govt,Food,2,11512.0,,
1001812,P00305142,M,26-35,34,0,Gujarat,Western,Chemical,Food,2,11511.0,,
1004933,P00303142,F,26-35,32,0,Karnataka,Southern,Banking,Food,4,11511.0,,
1005671,P0097242,F,26-35,32,0,Gujarat,Western,Healthcare,Food,2,11510.0,,
1005191,P00241642,M,26-35,34,1,Uttar Pradesh,Central,IT Sector,Food,1,11510.0,,
1002438,P00278642,F,36-45,42,0,Gujarat,Western,Govt,Food,2,11509.0,,
1002094,P00178942,F,36-45,38,1,Karnataka,Southern,Chemical,Food,1,11508.0,,
1002946,P00351142,F,36-45,41,1,AndhraÂ Pradesh,Southern,Hospitality,Food,3,11507.0,,
1004086,P00283942,F,0-17,14,0,Maharashtra,Western,Chemical,Food,2,11507.0,,
1003716,P00322142,F,18-25,22,1,Uttar Pradesh,Central,IT Sector,Food,2,11507.0,,
1002599,P00368642,F,26-35,33,1,Delhi,Central,Govt,Food,3,11506.0,,
1001203,P00237142,M,26-35,35,1,Gujarat,Western,Aviation,Food,3,11506.0,,
1004659,P00062842,M,26-35,29,1,Uttar Pradesh,Central,IT Sector,Food,3,11506.0,,
1004107,P00226542,M,26-35,34,0,Haryana,Northern,Healthcare,Food,4,11504.0,,
1003314,P00266642,F,26-35,31,1,Bihar,Eastern,IT Sector,Food,4,11501.0,,
1003735,P00182142,F,26-35,34,1,Gujarat,Western,Hospitality,Food,3,11501.0,,
1004517,P00351042,M,18-25,19,0,Gujarat,Western,Lawyer,Food,2,11500.0,,
1003808,P00147742,F,26-35,29,0,AndhraÂ Pradesh,Southern,Lawyer,Food,4,11497.0,,
1004950,P00044442,F,26-35,27,1,Telangana,Southern,Lawyer,Food,4,11496.0,,
1001466,P00192842,M,18-25,22,0,Jharkhand,Eastern,Govt,Food,3,11495.0,,
1005653,P00201442,F,51-55,52,0,Maharashtra,Western,Aviation,Food,3,11495.0,,
1005585,P00121342,F,26-35,32,0,Karnataka,Southern,Agriculture,Food,3,11494.0,,
1000720,P00240042,F,18-25,25,0,Maharashtra,Western,Food Processing,Food,2,11492.0,,
1005564,P00105142,F,46-50,47,0,Maharashtra,Western,Healthcare,Food,3,11492.0,,
1002486,P00085042,F,18-25,20,1,Maharashtra,Western,Govt,Food,3,11491.0,,
1003054,P00116242,M,18-25,19,0,Gujarat,Western,Media,Food,2,11490.0,,
1001749,P00280742,F,26-35,34,0,Uttar Pradesh,Central,Govt,Food,4,11490.0,,
1005253,P00112442,M,55+,65,1,Gujarat,Western,Chemical,Food,3,11486.0,,
1005655,P00003642,M,26-35,31,0,Punjab,Northern,Media,Food,1,11486.0,,
1002592,P00180342,F,51-55,52,1,Uttar Pradesh,Central,Hospitality,Food,2,11481.0,,
1005001,P00175642,M,26-35,34,0,Himachal Pradesh,Northern,Retail,Food,4,11480.0,,
1001040,P00051442,M,26-35,26,0,Maharashtra,Western,Healthcare,Food,2,11480.0,,
1004049,P00042542,F,46-50,50,0,Gujarat,Western,Automobile,Food,4,11479.0,,
1000919,P00145442,M,36-45,39,0,Madhya Pradesh,Central,Govt,Food,1,11479.0,,
1000714,P00061142,F,18-25,18,0,Maharashtra,Western,IT Sector,Food,3,11479.0,,
1003622,P00350942,F,18-25,19,0,Uttar Pradesh,Central,Banking,Food,2,11479.0,,
1005060,P00130642,F,46-50,49,0,Uttar Pradesh,Central,Food Processing,Food,3,11479.0,,
1002862,P00101942,F,46-50,46,1,Delhi,Central,IT Sector,Food,4,11478.0,,
1000202,P00237642,F,18-25,23,1,Uttar Pradesh,Central,IT Sector,Food,1,11476.0,,
1002541,P00051942,M,36-45,38,1,Himachal Pradesh,Northern,Automobile,Food,2,11474.0,,
1005387,P00336742,M,26-35,32,0,Bihar,Eastern,Food Processing,Food,3,11473.0,,
1000936,P00068942,F,18-25,24,1,AndhraÂ Pradesh,Southern,IT Sector,Food,1,11471.0,,
1004062,P00044442,F,26-35,30,0,Delhi,Central,Banking,Food,2,11471.0,,
1003483,P00117442,M,46-50,50,0,Madhya Pradesh,Central,Agriculture,Food,4,11471.0,,
1001960,P00015742,F,46-50,48,0,Maharashtra,Western,Chemical,Food,2,11471.0,,
1003067,P00121142,M,26-35,35,0,Delhi,Central,IT Sector,Food,2,11470.0,,
1003261,P00032042,F,46-50,49,1,Karnataka,Southern,Banking,Food,4,11470.0,,
1002732,P00317842,F,46-50,48,1,Uttar Pradesh,Central,Govt,Food,1,11469.0,,
1004243,P00034042,F,55+,68,0,Maharashtra,Western,Automobile,Food,1,11468.0,,
1002288,P00110742,F,0-17,16,1,Uttar Pradesh,Central,Govt,Food,4,11468.0,,
1002088,P00145742,F,51-55,52,1,Delhi,Central,Banking,Food,2,11465.0,,
1000151,P00058442,M,26-35,29,1,Himachal Pradesh,Northern,Food Processing,Food,4,11465.0,,
1001753,P00295442,F,36-45,43,1,Uttar Pradesh,Central,Govt,Food,2,11465.0,,
1004626,P00044142,F,26-35,33,0,AndhraÂ Pradesh,Southern,Healthcare,Food,2,11464.0,,
1002043,P00256842,F,26-35,34,0,AndhraÂ Pradesh,Southern,Lawyer,Food,3,11462.0,,
1000710,P00284642,F,26-35,26,0,Uttar Pradesh,Central,Media,Food,2,11460.0,,
1001903,P00249542,F,36-45,42,0,Maharashtra,Western,IT Sector,Food,2,11459.0,,
1000080,P00318742,F,55+,56,0,Uttar Pradesh,Central,Govt,Food,2,11459.0,,
1004488,P00222042,F,36-45,45,1,Bihar,Eastern,Media,Food,3,11458.0,,
1002986,P00366442,F,26-35,32,1,Karnataka,Southern,Govt,Food,3,11458.0,,
1001025,P00334242,F,26-35,30,0,Maharashtra,Western,Banking,Food,1,11458.0,,
1001057,P00346042,F,46-50,50,0,Uttar Pradesh,Central,Aviation,Food,4,11458.0,,
1004127,P00000242,F,51-55,51,1,Uttar Pradesh,Central,Aviation,Food,4,11457.0,,
1003401,P00256642,F,36-45,45,0,Karnataka,Southern,Chemical,Food,1,11454.0,,
1002346,P00145042,M,0-17,12,0,Uttar Pradesh,Central,Lawyer,Food,4,11454.0,,
1003326,P00119542,F,46-50,49,1,AndhraÂ Pradesh,Southern,Banking,Food,2,11450.0,,
1004458,P00074242,M,26-35,31,0,Uttar Pradesh,Central,Chemical,Food,4,11450.0,,
1004480,P00145442,F,26-35,34,0,Delhi,Central,Retail,Food,4,11447.0,,
1001015,P00120742,F,36-45,38,0,Haryana,Northern,Chemical,Food,4,11447.0,,
1001920,P00271042,M,36-45,41,0,Bihar,Eastern,Aviation,Food,4,11446.0,,
1004336,P00232042,M,26-35,35,0,Madhya Pradesh,Central,Lawyer,Food,2,11446.0,,
1000690,P00289342,F,26-35,27,0,Bihar,Eastern,Food Processing,Food,3,11441.0,,
1000168,P00035542,M,51-55,52,0,Madhya Pradesh,Central,Chemical,Food,1,11441.0,,
1004041,P00208742,F,18-25,24,1,Telangana,Southern,Banking,Food,4,11441.0,,
1005473,P00084842,F,26-35,28,0,Madhya Pradesh,Central,IT Sector,Food,3,11439.0,,
1003401,P00121142,F,36-45,41,0,Uttar Pradesh,Central,Aviation,Food,2,11439.0,,
1004155,P00127742,F,51-55,52,1,Uttar Pradesh,Central,IT Sector,Food,4,11439.0,,
1001694,P00070242,F,26-35,34,0,Bihar,Eastern,Retail,Food,4,11437.0,,
1003518,P00293342,M,18-25,19,1,Karnataka,Southern,Healthcare,Food,1,11437.0,,
1001228,P00302342,F,26-35,32,0,Telangana,Southern,Banking,Food,3,11437.0,,
1004607,P00295942,F,26-35,27,1,Uttar Pradesh,Central,Food Processing,Food,3,11437.0,,
1004289,P00196442,F,36-45,36,0,Bihar,Eastern,Healthcare,Food,3,11435.0,,
1002183,P00090842,M,55+,65,0,AndhraÂ Pradesh,Southern,Automobile,Food,2,11432.0,,
1005421,P0099442,M,36-45,36,0,Uttar Pradesh,Central,Automobile,Food,4,11432.0,,
1004655,P00115542,M,26-35,35,1,Karnataka,Southern,Govt,Food,1,11431.0,,
1005623,P00193142,F,26-35,35,1,Delhi,Central,Retail,Food,2,11430.0,,
1002453,P00104942,F,26-35,28,1,Madhya Pradesh,Central,Govt,Food,2,11430.0,,
1004705,P00051442,M,18-25,21,0,Punjab,Northern,Govt,Food,4,11430.0,,
1005659,P00130642,F,26-35,29,1,Madhya Pradesh,Central,Banking,Food,3,11429.0,,
1004725,P00197042,F,36-45,43,0,Uttar Pradesh,Central,Media,Food,2,11429.0,,
1001861,P00262542,F,51-55,55,0,AndhraÂ Pradesh,Southern,Govt,Food,1,11426.0,,
1005365,P00265242,F,18-25,22,0,Uttar Pradesh,Central,Aviation,Food,3,11425.0,,
1000003,P00058042,F,26-35,35,0,Uttar Pradesh,Central,Govt,Food,3,11425.0,,
1004461,P00045442,F,26-35,26,1,Maharashtra,Western,Lawyer,Food,2,11424.0,,
1005917,P00118442,M,51-55,54,0,Madhya Pradesh,Central,Banking,Food,4,11422.0,,
1004406,P00269542,F,26-35,35,1,Maharashtra,Western,Banking,Food,3,11422.0,,
1003716,P0095642,M,18-25,23,0,Jharkhand,Eastern,IT Sector,Food,4,11420.0,,
1005021,P00031042,F,51-55,55,0,Jharkhand,Eastern,Aviation,Food,1,11419.0,,
1001150,P00001842,M,26-35,30,0,Madhya Pradesh,Central,Aviation,Food,4,11419.0,,
1003760,P00079142,F,51-55,54,1,Maharashtra,Western,Govt,Food,1,11417.0,,
1004771,P00111942,M,26-35,35,0,Punjab,Northern,Textile,Food,4,11417.0,,
1003521,P00209842,F,26-35,28,1,Uttar Pradesh,Central,IT Sector,Food,3,11414.0,,
1001757,P00006942,F,26-35,31,1,Uttar Pradesh,Central,Lawyer,Food,3,11414.0,,
1004543,P00002442,F,26-35,34,1,Delhi,Central,Aviation,Food,3,11413.0,,
1002242,P00320942,F,18-25,25,1,Madhya Pradesh,Central,IT Sector,Food,4,11413.0,,
1004501,P00086442,F,26-35,35,0,Uttar Pradesh,Central,Healthcare,Food,3,11413.0,,
1003017,P00321742,M,36-45,39,0,Jharkhand,Eastern,Chemical,Food,4,11411.0,,
1003437,P00319042,M,26-35,27,0,Jharkhand,Eastern,Govt,Food,1,11410.0,,
1001835,P0098142,F,26-35,26,0,Karnataka,Southern,Banking,Food,2,11410.0,,
1002866,P00157642,F,26-35,32,0,Maharashtra,Western,IT Sector,Food,3,11410.0,,
1004401,P00202242,F,18-25,22,0,Karnataka,Southern,Aviation,Food,4,11409.0,,
1003683,P00328642,F,26-35,28,1,Maharashtra,Western,Healthcare,Food,3,11406.0,,
1003546,P00128942,M,26-35,31,0,Jharkhand,Eastern,Construction,Food,2,11405.0,,
1000123,P00125842,F,36-45,43,0,Telangana,Southern,Media,Food,1,11405.0,,
1004064,P00107542,F,46-50,47,1,Madhya Pradesh,Central,Govt,Food,2,11403.0,,
1005623,P00282842,F,26-35,31,0,Maharashtra,Western,IT Sector,Food,1,11401.0,,
1000092,P00274342,M,18-25,18,1,Karnataka,Southern,Banking,Food,2,11400.0,,
1005156,P00111042,F,18-25,20,0,Maharashtra,Western,Healthcare,Food,4,11399.0,,
1002090,P00221442,F,36-45,38,0,Karnataka,Southern,IT Sector,Food,2,11397.0,,
1004508,P00266142,F,26-35,28,0,Delhi,Central,Aviation,Food,1,11396.0,,
1001156,P00027042,M,51-55,54,0,Haryana,Northern,IT Sector,Food,1,11396.0,,
1000975,P00147942,F,36-45,38,1,Madhya Pradesh,Central,Govt,Food,4,11393.0,,
1001980,P00297642,F,36-45,43,0,Maharashtra,Western,Automobile,Food,1,11393.0,,
1003580,P00225442,M,18-25,22,1,Kerala,Southern,Agriculture,Food,4,11392.0,,
1005435,P00220442,F,46-50,48,0,Uttar Pradesh,Central,Lawyer,Food,1,11392.0,,
1004652,P00295842,M,26-35,27,1,Delhi,Central,Aviation,Food,1,11390.0,,
1004865,P00187442,M,36-45,42,0,Maharashtra,Western,Banking,Food,1,11390.0,,
1005677,P00317842,F,26-35,32,0,Uttar Pradesh,Central,Govt,Food,3,11388.0,,
1003733,P00173742,M,18-25,23,0,Jharkhand,Eastern,Aviation,Food,2,11385.0,,
1005664,P00105142,F,18-25,20,0,Maharashtra,Western,Agriculture,Food,3,11385.0,,
1000533,P00197842,F,26-35,28,1,Gujarat,Western,IT Sector,Food,1,11384.0,,
1005964,P00278642,F,18-25,20,0,Maharashtra,Western,Media,Food,4,11384.0,,
1003475,P00221942,F,26-35,26,0,Maharashtra,Western,Govt,Food,3,11384.0,,
1004277,P00311942,F,36-45,43,0,AndhraÂ Pradesh,Southern,Aviation,Food,4,11383.0,,
1004988,P00061842,F,26-35,28,0,Uttar Pradesh,Central,Govt,Food,3,11383.0,,
1001317,P00150342,F,46-50,48,0,Haryana,Northern,Banking,Food,2,11382.0,,
1005996,P00145442,M,26-35,32,0,Jharkhand,Eastern,Agriculture,Food,2,11382.0,,
1000752,P00192642,M,26-35,30,1,AndhraÂ Pradesh,Southern,IT Sector,Food,1,11380.0,,
1002528,P00367742,F,55+,57,1,Uttar Pradesh,Central,IT Sector,Food,1,11380.0,,
1003993,P00034742,F,26-35,33,0,Madhya Pradesh,Central,Healthcare,Food,2,11379.0,,
1002083,P00216342,F,18-25,22,0,Karnataka,Southern,Chemical,Food,2,11378.0,,
1002353,P00086042,M,36-45,45,0,Maharashtra,Western,IT Sector,Food,2,11378.0,,
1005269,P00172742,F,18-25,22,1,Gujarat,Western,Agriculture,Food,1,11377.0,,
1002389,P00238442,F,26-35,34,1,Madhya Pradesh,Central,Govt,Food,4,11376.0,,
1000946,P00258842,F,36-45,39,0,Uttar Pradesh,Central,Chemical,Food,4,11376.0,,
1000339,P00285742,F,51-55,53,0,AndhraÂ Pradesh,Southern,Banking,Food,2,11374.0,,
1003450,P00147942,F,26-35,30,0,Karnataka,Southern,Healthcare,Food,1,11374.0,,
1004882,P00321742,F,46-50,48,1,Maharashtra,Western,Chemical,Food,4,11372.0,,
1004675,P00156142,M,18-25,18,0,Madhya Pradesh,Central,IT Sector,Food,3,11371.0,,
1004950,P00101042,M,26-35,29,1,Uttar Pradesh,Central,IT Sector,Hand & Power Tools,3,11239.0,,
1002145,P00190242,F,18-25,19,0,Delhi,Central,IT Sector,Hand & Power Tools,4,11151.0,,
1005264,P00349942,F,18-25,25,1,Karnataka,Southern,Healthcare,Sports Products,4,11079.0,,
1002761,P00085342,F,36-45,40,0,Maharashtra,Western,Aviation,Sports Products,2,11078.0,,
1005831,P00010342,F,26-35,35,0,Maharashtra,Western,IT Sector,Sports Products,2,11075.0,,
1001130,P00278642,F,18-25,23,0,Uttar Pradesh,Central,Retail,Sports Products,3,11064.0,,
1000123,P00078142,F,36-45,37,0,Bihar,Eastern,Retail,Sports Products,1,11056.0,,
1005038,P00309942,F,26-35,35,1,Uttar Pradesh,Central,Construction,Sports Products,1,11055.0,,
1003018,P00313242,F,36-45,44,1,Karnataka,Southern,Banking,Sports Products,1,11054.0,,
1002105,P00221842,F,26-35,34,0,Uttar Pradesh,Central,Aviation,Sports Products,4,11054.0,,
1002911,P00058042,M,26-35,26,0,Madhya Pradesh,Central,Govt,Sports Products,3,11048.0,,
1002911,P00058042,M,26-35,26,0,Telangana,Southern,Govt,Sports Products,3,11048.0,,
1002752,P00286542,F,26-35,26,0,Gujarat,Western,Hospitality,Sports Products,1,11040.0,,
1005359,P00089142,F,18-25,18,0,Karnataka,Southern,Automobile,Sports Products,2,11035.0,,
1002857,P00074042,F,26-35,29,0,Uttar Pradesh,Central,Construction,Sports Products,1,11032.0,,
1001645,P00347142,M,18-25,20,0,Bihar,Eastern,Hospitality,Sports Products,2,11027.0,,
1004261,P00208342,M,36-45,38,0,Delhi,Central,Banking,Sports Products,3,11027.0,,
1001442,P00255742,F,18-25,22,1,Haryana,Northern,Aviation,Sports Products,1,11027.0,,
1000861,P00182142,F,26-35,27,0,Maharashtra,Western,Chemical,Sports Products,4,11016.0,,
1005692,P00136442,M,26-35,30,0,AndhraÂ Pradesh,Southern,Govt,Sports Products,3,11014.0,,
1001164,P00270742,M,26-35,30,0,Maharashtra,Western,Hospitality,Sports Products,1,11014.0,,
1004269,P00233442,F,36-45,41,0,Himachal Pradesh,Northern,Retail,Sports Products,2,11011.0,,
1001980,P00338142,F,36-45,41,1,AndhraÂ Pradesh,Southern,Media,Sports Products,4,11008.0,,
1000008,P00165942,F,26-35,28,0,Maharashtra,Western,Healthcare,Sports Products,4,10996.0,,
1001285,P00034342,M,36-45,41,0,Karnataka,Southern,IT Sector,Sports Products,1,10995.0,,
1000854,P00147742,M,26-35,33,0,Bihar,Eastern,Banking,Sports Products,1,10991.0,,
1005763,P00058342,M,26-35,29,1,Uttarakhand,Central,IT Sector,Sports Products,2,10991.0,,
1004824,P00155742,F,26-35,31,1,Maharashtra,Western,Govt,Sports Products,3,10985.0,,
1002885,P00100942,M,18-25,25,0,Gujarat,Western,Automobile,Sports Products,1,10984.0,,
1001715,P00080342,F,26-35,32,1,Maharashtra,Western,Banking,Sports Products,4,10981.0,,
1004571,P00237642,F,36-45,44,0,Uttar Pradesh,Central,Aviation,Sports Products,3,10958.0,,
1004147,P00140742,M,51-55,52,0,Himachal Pradesh,Northern,Healthcare,Sports Products,1,10957.0,,
1001885,P00265242,F,51-55,51,0,Gujarat,Western,Banking,Sports Products,1,10956.0,,
1001941,P00219942,M,36-45,26,1,Uttar Pradesh,Central,Agriculture,Sports Products,1,10944.0,,
1002205,P0099442,M,26-35,26,1,Madhya Pradesh,Central,Govt,Sports Products,1,10933.0,,
1003065,P00270142,M,18-25,19,0,Jharkhand,Eastern,Food Processing,Sports Products,2,10924.0,,
1005792,P00125542,F,26-35,34,1,Jharkhand,Eastern,Retail,Sports Products,4,10918.0,,
1000216,P00109942,F,46-50,47,1,Himachal Pradesh,Northern,Automobile,Sports Products,2,10917.0,,
1002753,P00110942,M,51-55,55,0,Rajasthan,Northern,Media,Sports Products,1,10917.0,,
1005033,P00159442,M,55+,82,1,Himachal Pradesh,Northern,Aviation,Sports Products,4,10915.0,,
1005223,P00037142,F,55+,80,0,Himachal Pradesh,Northern,Retail,Sports Products,1,10909.0,,
1004363,P00070942,F,36-45,41,1,Karnataka,Southern,Retail,Sports Products,3,10905.0,,
1005213,P00280442,F,18-25,20,0,Gujarat,Western,Aviation,Sports Products,2,10898.0,,
1004375,P00344842,M,26-35,28,0,Gujarat,Western,Govt,Sports Products,2,10894.0,,
1005877,P00252042,F,18-25,23,0,Gujarat,Western,Govt,Sports Products,2,10890.0,,
1003410,P00298442,F,36-45,42,0,AndhraÂ Pradesh,Southern,Textile,Sports Products,1,10882.0,,
1003242,P00140742,F,51-55,54,0,Madhya Pradesh,Central,Textile,Sports Products,4,10875.0,,
1003576,P00042942,F,51-55,55,1,Madhya Pradesh,Central,Automobile,Sports Products,1,10875.0,,
1003032,P00132642,F,26-35,34,0,Karnataka,Southern,Construction,Sports Products,1,10872.0,,
1004859,P00317442,M,18-25,22,0,Maharashtra,Western,Hospitality,Sports Products,1,10868.0,,
1001362,P00204342,F,36-45,40,0,Maharashtra,Western,Govt,Sports Products,4,10866.0,,
1005526,P00109542,M,36-45,43,0,Uttar Pradesh,Central,Hospitality,Sports Products,2,10865.0,,
1003557,P00110942,F,18-25,25,1,Maharashtra,Western,Lawyer,Sports Products,3,10861.0,,
1003538,P00003942,F,36-45,37,0,Uttar Pradesh,Central,Construction,Sports Products,4,10859.0,,
1000191,P00155642,F,18-25,21,0,Himachal Pradesh,Northern,Textile,Sports Products,3,10857.0,,
1000033,P00106042,F,46-50,50,0,Uttar Pradesh,Central,Aviation,Sports Products,1,10857.0,,
1005059,P00349442,F,46-50,46,0,Maharashtra,Western,Healthcare,Sports Products,1,10843.0,,
1003031,P00303242,F,18-25,18,1,Karnataka,Southern,IT Sector,Sports Products,3,10841.0,,
1001727,P00346042,F,36-45,37,1,Uttar Pradesh,Central,Hospitality,Sports Products,1,10840.0,,
1002008,P00110942,F,26-35,33,1,Maharashtra,Western,Healthcare,Sports Products,3,10836.0,,
1001586,P00010742,F,46-50,50,0,Maharashtra,Western,IT Sector,Sports Products,3,10827.0,,
1001865,P00054942,M,18-25,24,1,Karnataka,Southern,Aviation,Sports Products,4,10819.0,,
1005034,P00318742,M,26-35,32,0,Maharashtra,Western,Textile,Sports Products,3,10803.0,,
1002774,P00187442,F,26-35,28,1,AndhraÂ Pradesh,Southern,Food Processing,Sports Products,2,10801.0,,
1001448,P00359142,M,26-35,33,0,AndhraÂ Pradesh,Southern,Lawyer,Sports Products,2,10801.0,,
1002699,P00085842,M,55+,56,0,Himachal Pradesh,Northern,Govt,Sports Products,4,10799.0,,
1003729,P00120242,F,18-25,19,0,AndhraÂ Pradesh,Southern,Aviation,Sports Products,1,10793.0,,
1005087,P00293242,M,26-35,29,0,Haryana,Northern,IT Sector,Sports Products,3,10792.0,,
1001744,P00159442,F,36-45,44,0,Karnataka,Southern,Govt,Sports Products,3,10791.0,,
1000242,P00148542,M,18-25,18,0,Maharashtra,Western,IT Sector,Sports Products,1,10788.0,,
1001904,P00221442,F,18-25,19,0,Haryana,Northern,Media,Sports Products,4,10787.0,,
1000533,P00254442,F,26-35,26,1,Karnataka,Southern,Govt,Sports Products,4,10787.0,,
1003056,P00345742,F,26-35,32,1,Karnataka,Southern,Hospitality,Sports Products,3,10786.0,,
1002544,P00069542,M,46-50,47,0,Bihar,Eastern,Retail,Sports Products,2,10785.0,,
1004084,P00112342,F,55+,88,0,Uttar Pradesh,Central,Healthcare,Sports Products,1,10785.0,,
1004918,P00100942,M,18-25,25,0,Himachal Pradesh,Northern,Banking,Sports Products,2,10784.0,,
1003192,P00110942,F,18-25,21,0,Maharashtra,Western,Banking,Sports Products,4,10779.0,,
1003057,P00031042,M,26-35,35,0,Madhya Pradesh,Central,Healthcare,Sports Products,3,10773.0,,
1005260,P00161242,F,36-45,40,1,Maharashtra,Western,Healthcare,Sports Products,2,10772.0,,
1000214,P00174442,F,18-25,22,1,Uttar Pradesh,Central,Lawyer,Sports Products,2,10771.0,,
1004118,P00190742,F,26-35,26,1,Madhya Pradesh,Central,Media,Sports Products,3,10768.0,,
1004902,P00354942,F,36-45,38,1,AndhraÂ Pradesh,Southern,Banking,Sports Products,1,10765.0,,
1004277,P00088942,F,36-45,44,0,Maharashtra,Western,Govt,Sports Products,3,10764.0,,
1000778,P00114942,F,18-25,19,0,Uttar Pradesh,Central,Healthcare,Sports Products,3,10764.0,,
1000424,P00055242,F,26-35,26,0,Karnataka,Southern,Automobile,Sports Products,3,10749.0,,
1004737,P00345942,F,36-45,40,0,AndhraÂ Pradesh,Southern,Retail,Sports Products,4,10746.0,,
1005831,P00176742,F,26-35,26,1,AndhraÂ Pradesh,Southern,Textile,Sports Products,3,10744.0,,
1000005,P00268442,F,26-35,29,0,Maharashtra,Western,Retail,Sports Products,2,10740.0,,
1003198,P00109942,F,26-35,30,0,Uttar Pradesh,Central,Agriculture,Sports Products,1,10736.0,,
1001835,P00057442,F,26-35,33,1,Karnataka,Southern,Banking,Sports Products,3,10729.0,,
1003807,P00367242,M,36-45,43,0,Himachal Pradesh,Northern,Retail,Sports Products,2,10716.0,,
1003367,P00109142,F,51-55,52,1,Haryana,Northern,Aviation,Sports Products,2,10715.0,,
1000157,P00270942,F,36-45,43,0,Karnataka,Southern,Retail,Books,3,10709.0,,
1004958,P00214442,F,18-25,20,0,Maharashtra,Western,Aviation,Sports Products,3,10708.0,,
1002594,P00126142,F,36-45,39,1,Bihar,Eastern,Chemical,Sports Products,2,10706.0,,
1005819,P00036842,F,51-55,54,1,Haryana,Northern,Chemical,Sports Products,3,10706.0,,
1003746,P00221342,F,26-35,32,0,Maharashtra,Western,Hospitality,Sports Products,4,10693.0,,
1000098,P00302142,M,36-45,42,0,Karnataka,Southern,Aviation,Sports Products,4,10692.0,,
1001770,P00254242,F,36-45,41,0,Maharashtra,Western,Automobile,Sports Products,1,10691.0,,
1004024,P00289242,F,26-35,27,1,Maharashtra,Western,IT Sector,Sports Products,1,10690.0,,
1002168,P00061742,F,0-17,12,0,Maharashtra,Western,Aviation,Sports Products,2,10688.0,,
1004957,P00228642,F,26-35,32,0,Gujarat,Western,Food Processing,Sports Products,1,10685.0,,
1003196,P00367142,M,18-25,23,0,Telangana,Southern,Automobile,Sports Products,4,10682.0,,
1004791,P00067942,F,18-25,18,0,Maharashtra,Western,Textile,Sports Products,3,10680.0,,
1003395,P00150542,F,26-35,29,0,Maharashtra,Western,Retail,Sports Products,3,10677.0,,
1003038,P0096742,M,36-45,38,0,Maharashtra,Western,Aviation,Sports Products,3,10674.0,,
1003576,P00355742,F,51-55,51,1,Karnataka,Southern,Chemical,Books,2,10672.0,,
1001605,P00131042,M,18-25,24,0,Delhi,Central,Aviation,Sports Products,2,10670.0,,
1000368,P00289042,F,26-35,33,0,Uttar Pradesh,Central,Healthcare,Sports Products,2,10670.0,,
1000730,P00237542,F,26-35,35,0,Madhya Pradesh,Central,Banking,Sports Products,4,10669.0,,
1005304,P0097742,M,36-45,44,0,Karnataka,Southern,Healthcare,Sports Products,3,10666.0,,
1000175,P00086042,M,26-35,27,1,Maharashtra,Western,Lawyer,Sports Products,2,10663.0,,
1004732,P00217542,F,26-35,33,1,Uttar Pradesh,Central,Media,Sports Products,2,10661.0,,
1000983,P00111142,M,26-35,32,0,Maharashtra,Western,Chemical,Books,4,10657.0,,
1002841,P00307342,F,51-55,54,0,Karnataka,Southern,IT Sector,Books,4,10655.0,,
1004085,P00069342,M,26-35,33,1,Uttar Pradesh,Central,Retail,Books,1,10655.0,,
1003292,P00196542,M,51-55,51,0,Jharkhand,Eastern,Govt,Sports Products,1,10652.0,,
1004277,P00103242,F,36-45,45,0,Karnataka,Southern,Aviation,Books,2,10650.0,,
1001015,P00084142,F,36-45,43,0,Maharashtra,Western,IT Sector,Sports Products,1,10646.0,,
1005241,P00242742,M,26-35,32,1,Delhi,Central,Banking,Sports Products,2,10645.0,,
1001010,P00136542,F,26-35,26,0,Maharashtra,Western,Aviation,Sports Products,4,10644.0,,
1000934,P00211942,M,36-45,37,1,Maharashtra,Western,IT Sector,Sports Products,2,10644.0,,
1000303,P00308342,F,26-35,28,1,Maharashtra,Western,Automobile,Sports Products,3,10641.0,,
1000264,P00285242,F,36-45,37,1,Maharashtra,Western,Media,Sports Products,1,10641.0,,
1000078,P00029042,M,46-50,46,0,Uttar Pradesh,Central,Automobile,Sports Products,3,10639.0,,
1003167,P0097342,M,26-35,32,1,Gujarat,Western,Lawyer,Books,2,10631.0,,
1002650,P00250642,F,46-50,50,1,Haryana,Northern,Healthcare,Sports Products,3,10630.0,,
1004030,P00158242,F,36-45,42,0,Gujarat,Western,Retail,Sports Products,3,10623.0,,
1004875,P00209342,F,36-45,43,0,Karnataka,Southern,Healthcare,Books,2,10609.0,,
1003308,P00032042,M,18-25,20,0,Delhi,Central,Govt,Books,3,10606.0,,
1004969,P00174842,F,18-25,25,0,Karnataka,Southern,Aviation,Sports Products,4,10606.0,,
1003308,P00032042,M,18-25,20,0,Kerala,Southern,Govt,Books,1,10606.0,,
1004026,P00145742,M,26-35,28,1,Delhi,Central,IT Sector,Books,2,10599.0,,
1005352,P00089142,M,36-45,38,0,Karnataka,Southern,Hospitality,Books,1,10598.0,,
1003108,P00184142,F,51-55,53,1,Karnataka,Southern,Banking,Sports Products,1,10596.0,,
1000130,P00338542,F,36-45,44,0,Maharashtra,Western,Media,Sports Products,1,10593.0,,
1000151,P00324742,M,26-35,35,1,Uttar Pradesh,Central,Aviation,Books,3,10589.0,,
1002419,P00358442,F,26-35,31,0,Karnataka,Southern,Healthcare,Books,3,10588.0,,
1005504,P00108042,F,46-50,46,1,Karnataka,Southern,Banking,Sports Products,3,10579.0,,
1002085,P00187242,F,18-25,20,1,Madhya Pradesh,Central,Media,Sports Products,2,10577.0,,
1003283,P00178842,F,36-45,37,0,Haryana,Northern,Healthcare,Sports Products,4,10576.0,,
1001449,P00004642,F,36-45,43,0,Karnataka,Southern,Aviation,Books,3,10575.0,,
1003705,P00329442,F,46-50,48,1,Maharashtra,Western,Construction,Books,1,10570.0,,
1000787,P00059442,F,18-25,19,0,Maharashtra,Western,Govt,Sports Products,4,10565.0,,
1003888,P00213242,F,46-50,47,0,Uttar Pradesh,Central,Banking,Sports Products,3,10565.0,,
1000788,P00331942,F,26-35,27,0,AndhraÂ Pradesh,Southern,IT Sector,Sports Products,3,10554.0,,
1003996,P00173942,F,18-25,20,0,Maharashtra,Western,Banking,Sports Products,1,10554.0,,
1003265,P00182542,F,26-35,33,0,Uttar Pradesh,Central,Aviation,Sports Products,2,10554.0,,
1001579,P00007642,F,26-35,33,1,Uttar Pradesh,Central,Banking,Sports Products,4,10553.0,,
1004309,P00002142,M,26-35,32,0,Maharashtra,Western,Lawyer,Books,3,10546.0,,
1004138,P00105342,M,26-35,29,1,Delhi,Central,IT Sector,Books,2,10545.0,,
1000390,P00294542,M,26-35,27,1,Kerala,Southern,Food Processing,Books,3,10542.0,,
1003007,P00139542,F,36-45,44,1,Uttar Pradesh,Central,Media,Books,3,10535.0,,
1002773,P00111842,F,36-45,41,0,Karnataka,Southern,Chemical,Books,3,10521.0,,
1003490,P00059442,F,26-35,31,1,Uttar Pradesh,Central,Banking,Books,2,10485.0,,
1000721,P00227942,M,36-45,44,0,Kerala,Southern,Aviation,Books,2,10478.0,,
1001343,P00216042,F,36-45,45,0,Karnataka,Southern,Lawyer,Books,3,10466.0,,
1005453,P00114942,M,18-25,23,1,Uttar Pradesh,Central,Textile,Books,4,10401.0,,
1000117,P00163242,M,26-35,29,0,Himachal Pradesh,Northern,IT Sector,Books,1,10392.0,,
1000216,P00042242,F,46-50,47,0,Karnataka,Southern,Lawyer,Books,2,10392.0,,
1001733,P00255942,M,18-25,18,1,Gujarat,Western,Aviation,Books,4,10386.0,,
1005090,P00022642,M,36-45,39,1,Uttar Pradesh,Central,IT Sector,Books,1,10386.0,,
1003013,P00212942,F,46-50,48,1,Karnataka,Southern,Automobile,Books,2,10364.0,,
1004780,P00237542,F,26-35,28,0,Karnataka,Southern,Banking,Books,4,10362.0,,
1001284,P00368142,F,46-50,48,1,Karnataka,Southern,IT Sector,Books,4,10358.0,,
1004416,P00271542,M,18-25,18,0,Himachal Pradesh,Northern,Aviation,Books,1,10332.0,,
1000062,P00012842,M,36-45,44,1,Karnataka,Southern,Banking,Books,3,10330.0,,
1001643,P00148442,F,46-50,46,0,Karnataka,Southern,Banking,Books,3,10329.0,,
1002544,P00115942,F,46-50,48,1,Karnataka,Southern,Chemical,Books,1,10309.0,,
1002898,P00214642,M,18-25,20,1,Uttar Pradesh,Central,Banking,Books,1,10305.0,,
1003308,P00008742,M,18-25,18,0,Madhya Pradesh,Central,Healthcare,Books,4,10283.0,,
1004658,P00249542,M,26-35,34,1,AndhraÂ Pradesh,Southern,Aviation,Books,1,10270.0,,
1004658,P00249542,M,26-35,34,1,AndhraÂ Pradesh,Southern,Aviation,Books,2,10270.0,,
1003259,P00087842,M,18-25,25,0,Gujarat,Western,Chemical,Books,2,10262.0,,
1002392,P00267642,M,55+,64,0,Uttar Pradesh,Central,Food Processing,Books,1,10262.0,,
1003285,P00021842,M,26-35,29,1,Madhya Pradesh,Central,IT Sector,Books,1,10249.0,,
1005074,P00274142,M,0-17,14,0,Maharashtra,Western,Aviation,Books,3,10249.0,,
1005547,P00221442,M,18-25,20,1,Gujarat,Western,Aviation,Books,1,10245.0,,
1002116,P00230842,M,18-25,19,0,Karnataka,Southern,Agriculture,Books,1,10240.0,,
1001068,P00318742,M,18-25,20,0,AndhraÂ Pradesh,Southern,Retail,Books,1,10232.0,,
1001695,P00249542,M,26-35,30,1,Uttarakhand,Central,Lawyer,Books,4,10225.0,,
1003227,P00305042,M,26-35,33,0,Uttar Pradesh,Central,Aviation,Books,3,10208.0,,
1003341,P00305042,F,26-35,33,1,Maharashtra,Western,Banking,Games & Toys,3,10147.0,,
1003946,P00222142,M,26-35,33,0,Delhi,Central,Aviation,Games & Toys,4,10144.0,,
1001271,P00121342,M,46-50,46,0,Maharashtra,Western,Banking,Games & Toys,4,10141.0,,
1004367,P00359742,F,36-45,36,0,Himachal Pradesh,Northern,Govt,Games & Toys,1,10140.0,,
1000238,P00132142,M,51-55,51,0,Maharashtra,Western,IT Sector,Games & Toys,2,10133.0,,
1004048,P00186242,M,36-45,45,0,Himachal Pradesh,Northern,Retail,Games & Toys,1,10131.0,,
1001613,P00121142,F,18-25,25,1,Gujarat,Western,Media,Games & Toys,2,10130.0,,
1000580,P00321042,M,0-17,16,1,Jharkhand,Eastern,Banking,Games & Toys,3,10114.0,,
1003652,P00142142,F,26-35,30,0,Karnataka,Southern,Agriculture,Games & Toys,1,10114.0,,
1003902,P00002142,F,26-35,26,0,Maharashtra,Western,Construction,Games & Toys,2,10109.0,,
1000195,P00239742,F,26-35,31,0,Maharashtra,Western,IT Sector,Games & Toys,3,10108.0,,
1001779,P00167942,F,18-25,19,1,Uttar Pradesh,Central,IT Sector,Games & Toys,2,10108.0,,
1001173,P00018142,M,26-35,30,1,Haryana,Northern,Lawyer,Games & Toys,2,10102.0,,
1001069,P00003642,F,26-35,35,0,Maharashtra,Western,Banking,Games & Toys,4,10102.0,,
1000323,P00189042,F,46-50,48,1,AndhraÂ Pradesh,Southern,IT Sector,Games & Toys,2,10097.0,,
1005149,P00114842,F,36-45,41,1,Uttar Pradesh,Central,Chemical,Games & Toys,4,10093.0,,
1003304,P00116142,M,46-50,48,1,Delhi,Central,Media,Games & Toys,2,10088.0,,
1005545,P00018342,M,36-45,45,0,Gujarat,Western,Food Processing,Games & Toys,4,10088.0,,
1005545,P00018342,M,36-45,45,0,Telangana,Southern,Food Processing,Games & Toys,3,10088.0,,
1004473,P00239642,F,36-45,44,1,AndhraÂ Pradesh,Southern,Automobile,Electronics & Gadgets,2,10082.0,,
1005053,P00361842,F,26-35,34,1,Punjab,Northern,Textile,Electronics & Gadgets,4,10082.0,,
1004473,P00239642,F,36-45,44,1,Rajasthan,Northern,Automobile,Electronics & Gadgets,4,10082.0,,
1003584,P00002242,F,18-25,25,0,Bihar,Eastern,Chemical,Electronics & Gadgets,2,10081.0,,
1002092,P00359742,F,55+,64,0,Kerala,Southern,Retail,Electronics & Gadgets,4,10081.0,,
1001665,P00270942,F,46-50,46,0,Rajasthan,Northern,Banking,Electronics & Gadgets,3,10081.0,,
1002279,P00115842,F,51-55,53,1,Karnataka,Southern,Retail,Games & Toys,1,10080.0,,
1001222,P00106042,F,36-45,44,1,Madhya Pradesh,Central,Hospitality,Electronics & Gadgets,2,10080.0,,
1004979,P00282942,F,36-45,42,0,Rajasthan,Northern,Automobile,Electronics & Gadgets,1,10080.0,,
1001410,P00135142,F,51-55,54,0,Gujarat,Western,Chemical,Electronics & Gadgets,2,10077.0,,
1002383,P00190142,M,26-35,26,0,AndhraÂ Pradesh,Southern,Healthcare,Electronics & Gadgets,1,10076.0,,
1003829,P00031042,M,26-35,30,0,Karnataka,Southern,Retail,Electronics & Gadgets,3,10076.0,,
1002383,P00190142,M,26-35,26,0,Telangana,Southern,Healthcare,Electronics & Gadgets,3,10076.0,,
1004942,P00346142,F,46-50,46,1,AndhraÂ Pradesh,Southern,Aviation,Electronics & Gadgets,1,10074.0,,
1003821,P00021142,F,26-35,27,0,Gujarat,Western,Food Processing,Electronics & Gadgets,2,10074.0,,
1005522,P00082342,F,26-35,29,0,Maharashtra,Western,Govt,Electronics & Gadgets,3,10074.0,,
1003594,P00248942,F,0-17,17,0,Rajasthan,Northern,Automobile,Electronics & Gadgets,3,10074.0,,
1004387,P00340942,M,18-25,20,1,Haryana,Northern,Textile,Games & Toys,2,10072.0,,
1003081,P00190042,F,26-35,26,0,Maharashtra,Western,Food Processing,Decor,4,10072.0,,
1000004,P00318742,F,46-50,47,1,Uttar Pradesh,Central,Construction,Decor,2,10072.0,,
1005889,P00085942,F,51-55,53,1,Madhya Pradesh,Central,Banking,Electronics & Gadgets,4,10070.0,,
1004855,P00053842,F,26-35,26,0,Himachal Pradesh,Northern,Govt,Electronics & Gadgets,3,10069.0,,
1005256,P0099442,F,26-35,32,0,Himachal Pradesh,Northern,IT Sector,Electronics & Gadgets,4,10069.0,,
1005368,P00065042,M,26-35,29,0,Delhi,Central,Automobile,Electronics & Gadgets,4,10068.0,,
1000796,P00228442,F,51-55,51,0,Himachal Pradesh,Northern,Media,Electronics & Gadgets,4,10068.0,,
1004161,P00293242,F,46-50,49,0,Jharkhand,Eastern,Hospitality,Electronics & Gadgets,2,10068.0,,
1001545,P00110842,F,26-35,33,1,Gujarat,Western,Hospitality,Electronics & Gadgets,2,10065.0,,
1005387,P00242742,M,26-35,34,0,Gujarat,Western,Textile,Electronics & Gadgets,3,10064.0,,
1001632,P00232642,F,26-35,30,0,Uttar Pradesh,Central,Lawyer,Electronics & Gadgets,4,10063.0,,
1005922,P00001742,F,55+,70,1,Maharashtra,Western,Textile,Decor,2,10062.0,,
1000975,P00227942,M,36-45,45,1,AndhraÂ Pradesh,Southern,Healthcare,Electronics & Gadgets,2,10058.0,,
1002421,P00219942,F,36-45,43,0,Karnataka,Southern,Govt,Games & Toys,4,10058.0,,
1002105,P00303742,F,26-35,27,1,Maharashtra,Western,Banking,Electronics & Gadgets,1,10058.0,,
1003380,P00344442,F,51-55,51,0,Gujarat,Western,Aviation,Electronics & Gadgets,1,10057.0,,
1000323,P00059442,F,46-50,50,0,Jharkhand,Eastern,IT Sector,Electronics & Gadgets,3,10057.0,,
1000655,P00126842,M,26-35,31,0,Uttar Pradesh,Central,Healthcare,Decor,3,10057.0,,
1004388,P00047242,F,46-50,47,1,Himachal Pradesh,Northern,Hospitality,Electronics & Gadgets,1,10056.0,,
1001605,P00196442,M,18-25,21,1,Madhya Pradesh,Central,Banking,Electronics & Gadgets,1,10056.0,,
1004484,P0096442,M,26-35,30,0,Maharashtra,Western,Chemical,Electronics & Gadgets,1,10056.0,,
1004388,P00047242,F,46-50,47,1,Telangana,Southern,Hospitality,Electronics & Gadgets,2,10056.0,,
1000245,P00052842,F,36-45,40,0,Himachal Pradesh,Northern,Media,Electronics & Gadgets,2,10054.0,,
1004177,P00274142,F,36-45,40,1,Maharashtra,Western,Healthcare,Games & Toys,3,10054.0,,
1004921,P00163442,M,26-35,33,1,Uttar Pradesh,Central,Healthcare,Electronics & Gadgets,2,10054.0,,
1001599,P00178342,F,26-35,28,1,Karnataka,Southern,Banking,Games & Toys,1,10053.0,,
1005163,P00222442,F,46-50,50,0,Kerala,Southern,Healthcare,Electronics & Gadgets,1,10053.0,,
1001851,P00007042,F,26-35,27,0,Maharashtra,Western,Food Processing,Electronics & Gadgets,3,10052.0,,
1003471,P00042242,F,18-25,18,0,Haryana,Northern,Aviation,Electronics & Gadgets,4,10051.0,,
1003919,P00114042,F,46-50,47,1,Kerala,Southern,IT Sector,Electronics & Gadgets,1,10051.0,,
1001220,P00103042,F,0-17,12,1,Madhya Pradesh,Central,Govt,Games & Toys,3,10051.0,,
1001696,P00129342,F,36-45,40,0,Uttarakhand,Central,Textile,Electronics & Gadgets,2,10051.0,,
1001029,P00324942,F,26-35,34,0,Himachal Pradesh,Northern,Hospitality,Games & Toys,1,10050.0,,
1002933,P00155742,F,36-45,38,0,Himachal Pradesh,Northern,Food Processing,Electronics & Gadgets,3,10049.0,,
1000746,P00112442,M,18-25,20,1,Uttarakhand,Central,Textile,Electronics & Gadgets,3,10049.0,,
1004927,P00147742,F,46-50,47,1,Bihar,Eastern,Construction,Electronics & Gadgets,4,10048.0,,
1005506,P00330342,M,18-25,24,1,Kerala,Southern,IT Sector,Electronics & Gadgets,3,10047.0,,
1002029,P00113442,M,26-35,28,1,Delhi,Central,Aviation,Electronics & Gadgets,3,10046.0,,
1003487,P00154642,F,18-25,22,1,Jharkhand,Eastern,Govt,Electronics & Gadgets,2,10046.0,,
1004064,P00180442,F,46-50,50,0,Uttar Pradesh,Central,Healthcare,Games & Toys,4,10046.0,,
1000195,P00073642,F,26-35,34,1,Uttarakhand,Central,IT Sector,Electronics & Gadgets,2,10046.0,,
1000216,P00211142,F,46-50,49,1,AndhraÂ Pradesh,Southern,Automobile,Electronics & Gadgets,4,10045.0,,
1003930,P00343042,M,55+,84,0,Maharashtra,Western,Healthcare,Electronics & Gadgets,2,10045.0,,
1003930,P00343042,M,55+,84,0,Maharashtra,Western,Healthcare,Electronics & Gadgets,3,10045.0,,
1004682,P00108542,F,26-35,34,1,Uttar Pradesh,Central,Aviation,Electronics & Gadgets,4,10045.0,,
1002011,P00142942,M,36-45,37,0,Delhi,Central,IT Sector,Electronics & Gadgets,4,10043.0,,
1004041,P00000242,F,18-25,19,0,Delhi,Central,Healthcare,Electronics & Gadgets,2,10042.0,,
1002754,P00035942,F,51-55,53,1,Maharashtra,Western,Automobile,Electronics & Gadgets,2,10042.0,,
1002848,P00120842,F,26-35,33,0,Himachal Pradesh,Northern,Healthcare,Electronics & Gadgets,4,10041.0,,
1003025,P0099042,M,36-45,43,0,Madhya Pradesh,Central,Food Processing,Electronics & Gadgets,4,10041.0,,
1005282,P00332942,M,18-25,20,1,Uttar Pradesh,Central,Agriculture,Electronics & Gadgets,3,10041.0,,
1003093,P00268442,M,46-50,47,1,Uttar Pradesh,Central,Media,Games & Toys,1,10041.0,,
1005960,P00321942,M,46-50,50,0,Delhi,Central,Banking,Electronics & Gadgets,2,10040.0,,
1005960,P00321942,M,46-50,50,0,Haryana,Northern,Banking,Electronics & Gadgets,1,10040.0,,
1003971,P00251542,M,18-25,19,0,Himachal Pradesh,Northern,Healthcare,Games & Toys,2,10040.0,,
1001120,P00001842,F,18-25,23,0,Karnataka,Southern,Govt,Games & Toys,1,10040.0,,
1002590,P00212442,F,18-25,22,0,Uttarakhand,Central,Automobile,Electronics & Gadgets,1,10040.0,,
1001438,P00267542,F,18-25,24,0,Maharashtra,Western,Aviation,Electronics & Gadgets,1,10039.0,,
1001938,P00057642,M,26-35,31,0,Himachal Pradesh,Northern,Hospitality,Electronics & Gadgets,1,10038.0,,
1004083,P00085842,F,55+,60,0,AndhraÂ Pradesh,Southern,Media,Electronics & Gadgets,4,10037.0,,
1001383,P00001742,M,26-35,31,1,Himachal Pradesh,Northern,Construction,Electronics & Gadgets,4,10037.0,,
1004083,P00085842,F,55+,60,0,Telangana,Southern,Media,Electronics & Gadgets,3,10037.0,,
1004183,P00155742,F,26-35,32,0,Uttar Pradesh,Central,Banking,Electronics & Gadgets,2,10037.0,,
1005364,P00114042,M,26-35,32,1,Bihar,Eastern,IT Sector,Electronics & Gadgets,1,10036.0,,
1003499,P00024042,F,26-35,32,0,Gujarat,Western,Hospitality,Electronics & Gadgets,2,10035.0,,
1002523,P00113242,F,26-35,30,1,Maharashtra,Western,Banking,Electronics & Gadgets,4,10034.0,,
1002158,P00129642,F,26-35,32,0,Uttar Pradesh,Central,Chemical,Games & Toys,3,10034.0,,
1002507,P00362842,F,26-35,31,0,Delhi,Central,Lawyer,Electronics & Gadgets,2,10032.0,,
1002507,P00362842,F,26-35,31,0,Gujarat,Western,Lawyer,Electronics & Gadgets,2,10032.0,,
1002175,P00343042,F,26-35,26,1,Himachal Pradesh,Northern,IT Sector,Electronics & Gadgets,1,10032.0,,
1001298,P00117942,F,36-45,43,1,Bihar,Eastern,Media,Games & Toys,2,10031.0,,
1003391,P00216042,F,18-25,22,1,Rajasthan,Northern,Media,Electronics & Gadgets,1,10030.0,,
1003401,P00086042,F,36-45,37,1,Rajasthan,Northern,Healthcare,Electronics & Gadgets,3,10030.0,,
1003391,P00216042,F,18-25,22,1,Uttarakhand,Central,Media,Electronics & Gadgets,2,10030.0,,
1002769,P00058342,F,26-35,30,0,Uttar Pradesh,Central,Aviation,Electronics & Gadgets,2,10029.0,,
1000889,P00101742,F,46-50,46,0,Maharashtra,Western,IT Sector,Electronics & Gadgets,1,10028.0,,
1003189,P00252042,F,26-35,28,0,Punjab,Northern,IT Sector,Electronics & Gadgets,3,10028.0,,
1000687,P00000342,M,26-35,30,0,Rajasthan,Northern,IT Sector,Electronics & Gadgets,4,10028.0,,
1005006,P00191942,F,36-45,45,1,Kerala,Southern,IT Sector,Electronics & Gadgets,2,10027.0,,
1001474,P00018942,F,26-35,26,0,AndhraÂ Pradesh,Southern,Media,Electronics & Gadgets,2,10026.0,,
1004663,P00154042,F,26-35,32,1,Kerala,Southern,Automobile,Electronics & Gadgets,4,10026.0,,
1002796,P00100142,F,26-35,27,0,Uttarakhand,Central,Chemical,Electronics & Gadgets,2,10026.0,,
1002665,P00182542,F,36-45,44,1,Bihar,Eastern,Govt,Electronics & Gadgets,1,10025.0,,
1001116,P00282042,F,26-35,26,0,Himachal Pradesh,Northern,Automobile,Electronics & Gadgets,1,10024.0,,
1001681,P00105142,F,18-25,20,0,Uttar Pradesh,Central,IT Sector,Decor,2,10024.0,,
1001116,P00282042,F,26-35,26,0,Uttar Pradesh,Central,Automobile,Electronics & Gadgets,4,10024.0,,
1000264,P00140742,F,36-45,42,1,AndhraÂ Pradesh,Southern,IT Sector,Electronics & Gadgets,1,10022.0,,
1005596,P00084842,M,36-45,39,0,Bihar,Eastern,IT Sector,Electronics & Gadgets,4,10022.0,,
1005522,P00282642,F,26-35,32,0,Uttar Pradesh,Central,Textile,Electronics & Gadgets,4,10022.0,,
1000035,P00228242,F,46-50,47,0,Maharashtra,Western,Banking,Decor,1,10021.0,,
1000273,P00112142,F,18-25,22,0,Punjab,Northern,Automobile,Electronics & Gadgets,1,10021.0,,
1002506,P00057942,M,26-35,31,1,Maharashtra,Western,Food Processing,Electronics & Gadgets,3,10020.0,,
1002683,P00058042,F,36-45,44,1,Karnataka,Southern,Chemical,Games & Toys,2,10016.0,,
1003013,P00248142,F,46-50,47,0,Karnataka,Southern,Automobile,Games & Toys,1,10016.0,,
1000965,P00191642,F,55+,83,0,Bihar,Eastern,Hospitality,Electronics & Gadgets,2,10015.0,,
1001019,P00328742,F,36-45,36,1,Uttarakhand,Central,Hospitality,Electronics & Gadgets,4,10015.0,,
1006036,P00328942,M,26-35,32,1,Madhya Pradesh,Central,Automobile,Electronics & Gadgets,4,10014.0,,
1001137,P00087042,F,18-25,18,0,AndhraÂ Pradesh,Southern,Aviation,Games & Toys,4,10013.0,,
1003669,P00128442,M,26-35,31,1,Karnataka,Southern,Food Processing,Electronics & Gadgets,4,10013.0,,
1001943,P00050142,M,18-25,18,0,Uttar Pradesh,Central,Lawyer,Games & Toys,2,10013.0,,
1004706,P00142142,F,26-35,33,0,Gujarat,Western,Media,Electronics & Gadgets,2,10012.0,,
1001242,P00220442,M,36-45,41,0,Haryana,Northern,Aviation,Electronics & Gadgets,1,10012.0,,
1000306,P00022542,F,18-25,24,0,Uttar Pradesh,Central,IT Sector,Decor,3,10012.0,,
1000968,P00212742,F,51-55,55,0,Gujarat,Western,Retail,Games & Toys,4,10010.0,,
1000366,P00111542,F,51-55,53,1,Uttar Pradesh,Central,Govt,Games & Toys,2,10010.0,,
1003463,P00110942,F,26-35,31,1,AndhraÂ Pradesh,Southern,Media,Electronics & Gadgets,3,10009.0,,
1004942,P00086442,F,46-50,50,1,Himachal Pradesh,Northern,Aviation,Electronics & Gadgets,4,10009.0,,
1000048,P00265242,F,26-35,34,0,AndhraÂ Pradesh,Southern,IT Sector,Electronics & Gadgets,2,10008.0,,
1000576,P00102642,M,46-50,50,0,Uttar Pradesh,Central,IT Sector,Games & Toys,4,10008.0,,
1004946,P00313742,M,36-45,39,0,Uttarakhand,Central,Automobile,Electronics & Gadgets,3,10008.0,,
1001449,P00251642,F,36-45,40,1,AndhraÂ Pradesh,Southern,Lawyer,Electronics & Gadgets,1,10007.0,,
1003272,P00044142,F,36-45,37,1,Kerala,Southern,Agriculture,Electronics & Gadgets,3,10007.0,,
1000752,P00022942,M,26-35,27,1,AndhraÂ Pradesh,Southern,IT Sector,Games & Toys,1,10006.0,,
1001218,P00112442,F,55+,68,0,AndhraÂ Pradesh,Southern,Healthcare,Electronics & Gadgets,4,10006.0,,
1003615,P00350442,F,26-35,28,1,Maharashtra,Western,Healthcare,Electronics & Gadgets,1,10006.0,,
1005025,P00174442,F,26-35,31,1,Punjab,Northern,IT Sector,Electronics & Gadgets,4,10004.0,,
1003503,P00114742,F,18-25,21,1,Rajasthan,Northern,Hospitality,Electronics & Gadgets,2,10003.0,,
1005332,P00147742,M,18-25,22,0,AndhraÂ Pradesh,Southern,Media,Electronics & Gadgets,4,10002.0,,
1002186,P00221842,F,18-25,24,1,Uttar Pradesh,Central,IT Sector,Electronics & Gadgets,1,10001.0,,
1002814,P00086442,F,36-45,44,0,AndhraÂ Pradesh,Southern,IT Sector,Electronics & Gadgets,2,10000.0,,
1005137,P00351042,F,18-25,18,0,Himachal Pradesh,Northern,Agriculture,Electronics & Gadgets,3,10000.0,,
1003868,P00321942,F,18-25,19,1,Madhya Pradesh,Central,Hospitality,Electronics & Gadgets,3,10000.0,,
1002016,P00172842,M,55+,88,1,Madhya Pradesh,Central,Retail,Electronics & Gadgets,1,10000.0,,
1000382,P00084242,M,36-45,36,0,Maharashtra,Western,Automobile,Electronics & Gadgets,2,10000.0,,
1005359,P00249742,F,18-25,20,1,AndhraÂ Pradesh,Southern,Automobile,Electronics & Gadgets,4,9999.0,,
1005086,P00313442,F,26-35,27,0,AndhraÂ Pradesh,Southern,Banking,Electronics & Gadgets,4,9998.0,,
1002967,P00328942,F,26-35,32,1,Maharashtra,Western,Banking,Games & Toys,3,9998.0,,
1004051,P00158742,M,18-25,20,1,Uttar Pradesh,Central,Chemical,Electronics & Gadgets,2,9998.0,,
1000898,P00328042,F,26-35,35,0,Jharkhand,Eastern,Healthcare,Electronics & Gadgets,2,9997.0,,
1000396,P00132242,F,26-35,30,0,Madhya Pradesh,Central,Construction,Electronics & Gadgets,1,9997.0,,
1004879,P00032042,F,26-35,34,1,Rajasthan,Northern,IT Sector,Electronics & Gadgets,1,9996.0,,
1005659,P00315742,F,26-35,33,1,Uttar Pradesh,Central,Construction,Electronics & Gadgets,4,9996.0,,
1004572,P00191642,M,0-17,13,1,Madhya Pradesh,Central,Lawyer,Electronics & Gadgets,2,9995.0,,
1002054,P00016842,F,26-35,34,1,Himachal Pradesh,Northern,Healthcare,Electronics & Gadgets,3,9993.0,,
1000829,P00101542,F,0-17,12,0,Rajasthan,Northern,Healthcare,Electronics & Gadgets,2,9993.0,,
1005837,P00004442,F,26-35,31,1,AndhraÂ Pradesh,Southern,Textile,Electronics & Gadgets,3,9992.0,,
1005399,P00030842,F,26-35,33,0,AndhraÂ Pradesh,Southern,Agriculture,Electronics & Gadgets,2,9992.0,,
1001837,P00259042,F,26-35,33,1,Gujarat,Western,Healthcare,Games & Toys,2,9992.0,,
1004867,P00250642,F,26-35,26,0,Jharkhand,Eastern,IT Sector,Electronics & Gadgets,2,9992.0,,
1001150,P00288242,M,26-35,32,1,Karnataka,Southern,Media,Electronics & Gadgets,2,9992.0,,
1005837,P00004442,F,26-35,31,1,Rajasthan,Northern,Textile,Electronics & Gadgets,1,9992.0,,
1003259,P00000142,M,18-25,18,0,Jharkhand,Eastern,Banking,Electronics & Gadgets,3,9991.0,,
1003671,P00044442,F,26-35,29,0,Uttar Pradesh,Central,Healthcare,Electronics & Gadgets,1,9990.0,,
1002146,P00132642,F,18-25,23,1,Himachal Pradesh,Northern,Hospitality,Electronics & Gadgets,3,9989.0,,
1001496,P00114942,F,26-35,34,0,Uttar Pradesh,Central,Textile,Decor,4,9989.0,,
1000155,P00195642,F,36-45,36,0,Gujarat,Western,IT Sector,Electronics & Gadgets,4,9988.0,,
1003483,P00258842,M,46-50,47,0,Telangana,Southern,IT Sector,Electronics & Gadgets,4,9988.0,,
1001524,P00220442,F,18-25,18,1,Uttar Pradesh,Central,Hospitality,Decor,3,9988.0,,
1005046,P00105642,F,26-35,31,0,AndhraÂ Pradesh,Southern,IT Sector,Electronics & Gadgets,1,9987.0,,
1003465,P00282142,F,26-35,32,1,Haryana,Northern,Banking,Electronics & Gadgets,2,9986.0,,
1003465,P00282142,F,26-35,32,1,Punjab,Northern,Banking,Electronics & Gadgets,2,9986.0,,
1000339,P00177342,M,51-55,54,0,Haryana,Northern,Automobile,Electronics & Gadgets,4,9984.0,,
1004948,P00114442,F,46-50,50,1,Madhya Pradesh,Central,Lawyer,Electronics & Gadgets,3,9984.0,,
1000339,P00177342,M,51-55,54,0,Telangana,Southern,Automobile,Electronics & Gadgets,3,9984.0,,
1001804,P00046742,F,26-35,29,1,Delhi,Central,Aviation,Electronics & Gadgets,3,9983.0,,
1001804,P00046742,F,26-35,29,1,Punjab,Northern,Aviation,Electronics & Gadgets,4,9983.0,,
1003272,P00151742,F,36-45,37,0,Uttar Pradesh,Central,Healthcare,Electronics & Gadgets,1,9983.0,,
1000919,P00144642,M,36-45,36,0,Haryana,Northern,Healthcare,Electronics & Gadgets,4,9982.0,,
1003576,P00261242,F,51-55,54,1,Haryana,Northern,Automobile,Electronics & Gadgets,2,9981.0,,
1003007,P00230742,F,36-45,41,0,Madhya Pradesh,Central,IT Sector,Electronics & Gadgets,3,9981.0,,
1004934,P00155242,M,26-35,34,1,Madhya Pradesh,Central,Banking,Electronics & Gadgets,1,9980.0,,
1003384,P00123742,F,36-45,43,0,Maharashtra,Western,IT Sector,Electronics & Gadgets,1,9980.0,,
1003384,P00123742,F,36-45,43,0,Maharashtra,Western,IT Sector,Electronics & Gadgets,4,9980.0,,
1004000,P00226342,F,36-45,43,1,AndhraÂ Pradesh,Southern,Aviation,Electronics & Gadgets,2,9979.0,,
1004000,P00226342,F,36-45,43,1,Punjab,Northern,Aviation,Electronics & Gadgets,2,9979.0,,
1001643,P00277142,F,46-50,47,1,Gujarat,Western,Chemical,Electronics & Gadgets,4,9977.0,,
1002068,P00182742,M,36-45,36,1,Madhya Pradesh,Central,Food Processing,Electronics & Gadgets,2,9976.0,,
1004425,P00196442,F,36-45,44,0,Uttar Pradesh,Central,Govt,Electronics & Gadgets,3,9976.0,,
1003192,P00214342,F,18-25,24,1,Himachal Pradesh,Northern,Lawyer,Electronics & Gadgets,4,9975.0,,
1000205,P00327542,F,36-45,41,1,Jharkhand,Eastern,Banking,Electronics & Gadgets,4,9975.0,,
1004404,P00315642,F,26-35,26,0,Punjab,Northern,IT Sector,Electronics & Gadgets,3,9975.0,,
1005422,P00210942,F,51-55,52,1,Jharkhand,Eastern,Banking,Electronics & Gadgets,2,9973.0,,
1002307,P00259342,F,26-35,29,1,AndhraÂ Pradesh,Southern,Food Processing,Electronics & Gadgets,2,9972.0,,
1004904,P00233742,F,51-55,52,1,Haryana,Northern,IT Sector,Electronics & Gadgets,4,9972.0,,
1000575,P00303242,F,26-35,26,0,Bihar,Eastern,Lawyer,Electronics & Gadgets,4,9971.0,,
1002012,P00351342,F,26-35,27,1,Jharkhand,Eastern,Healthcare,Electronics & Gadgets,4,9971.0,,
1004494,P00274042,F,46-50,50,0,Kerala,Southern,Govt,Electronics & Gadgets,2,9970.0,,
1000257,P00057642,F,18-25,20,1,Madhya Pradesh,Central,Aviation,Electronics & Gadgets,1,9970.0,,
1005250,P00010342,F,51-55,55,0,Gujarat,Western,IT Sector,Electronics & Gadgets,2,9969.0,,
1000953,P0095842,F,51-55,52,0,Karnataka,Southern,Banking,Electronics & Gadgets,1,9969.0,,
1000143,P00219842,F,18-25,20,1,Madhya Pradesh,Central,Agriculture,Electronics & Gadgets,2,9969.0,,
1003755,P00259342,M,51-55,54,1,AndhraÂ Pradesh,Southern,Automobile,Electronics & Gadgets,4,9968.0,,
1002468,P00223042,F,51-55,54,0,Rajasthan,Northern,Food Processing,Electronics & Gadgets,1,9968.0,,
1000300,P00117942,F,26-35,29,0,Uttarakhand,Central,Textile,Electronics & Gadgets,3,9968.0,,
1001916,P00341242,F,46-50,49,0,Haryana,Northern,Lawyer,Electronics & Gadgets,2,9967.0,,
1005256,P00176442,F,26-35,32,1,Uttar Pradesh,Central,Banking,Decor,3,9966.0,,
1003641,P00288942,F,26-35,30,0,Jharkhand,Eastern,IT Sector,Electronics & Gadgets,1,9965.0,,
1001086,P00142142,F,18-25,23,0,Maharashtra,Western,Retail,Games & Toys,1,9965.0,,
1003011,P00003242,F,26-35,31,1,Punjab,Northern,Chemical,Electronics & Gadgets,3,9965.0,,
1003905,P00193042,F,26-35,26,0,AndhraÂ Pradesh,Southern,Healthcare,Electronics & Gadgets,1,9963.0,,
1005763,P00234642,M,26-35,33,1,Gujarat,Western,Aviation,Electronics & Gadgets,3,9963.0,,
1000777,P00251642,M,18-25,22,1,Madhya Pradesh,Central,Banking,Electronics & Gadgets,2,9963.0,,
1005990,P00323642,M,26-35,26,0,Maharashtra,Western,Govt,Electronics & Gadgets,4,9963.0,,
1005763,P00234642,M,26-35,33,1,Rajasthan,Northern,Aviation,Electronics & Gadgets,1,9963.0,,
1003181,P00034342,F,26-35,32,0,Himachal Pradesh,Northern,Construction,Electronics & Gadgets,3,9962.0,,
1000720,P00193542,F,18-25,24,1,Bihar,Eastern,Aviation,Electronics & Gadgets,1,9961.0,,
1002124,P00220642,F,26-35,29,1,AndhraÂ Pradesh,Southern,Chemical,Electronics & Gadgets,3,9960.0,,
1004819,P00187942,F,36-45,45,0,AndhraÂ Pradesh,Southern,Food Processing,Electronics & Gadgets,2,9959.0,,
1001128,P00285442,M,26-35,30,0,AndhraÂ Pradesh,Southern,Healthcare,Electronics & Gadgets,1,9958.0,,
1005386,P00233442,F,26-35,35,1,Himachal Pradesh,Northern,Banking,Electronics & Gadgets,1,9958.0,,
1001128,P00285442,M,26-35,30,0,Madhya Pradesh,Central,Healthcare,Electronics & Gadgets,1,9958.0,,
1001425,P00170442,F,0-17,14,0,Maharashtra,Western,Hospitality,Games & Toys,1,9958.0,,
1003092,P00323942,F,36-45,36,0,AndhraÂ Pradesh,Southern,Hospitality,Electronics & Gadgets,4,9957.0,,
1004496,P00234842,F,46-50,46,1,Maharashtra,Western,Aviation,Electronics & Gadgets,1,9957.0,,
1005264,P00117142,M,18-25,25,0,Uttar Pradesh,Central,Construction,Electronics & Gadgets,3,9957.0,,
1004520,P00110742,F,26-35,26,1,Uttar Pradesh,Central,Hospitality,Decor,1,9956.0,,
1001087,P00086042,F,26-35,33,1,Madhya Pradesh,Central,Banking,Games & Toys,2,9955.0,,
1005053,P00070342,F,26-35,33,0,Delhi,Central,Banking,Electronics & Gadgets,4,9954.0,,
1005070,P00143642,F,26-35,35,0,Punjab,Northern,Govt,Electronics & Gadgets,1,9954.0,,
1003524,P00103242,M,26-35,32,0,Maharashtra,Western,Hospitality,Electronics & Gadgets,2,9950.0,,
1003515,P00276342,F,36-45,40,0,Maharashtra,Western,Banking,Decor,1,9949.0,,
1001650,P00028842,F,26-35,28,0,AndhraÂ Pradesh,Southern,Govt,Electronics & Gadgets,4,9948.0,,
1002106,P00130642,M,18-25,22,1,Delhi,Central,Construction,Electronics & Gadgets,4,9947.0,,
1005765,P00145442,F,26-35,28,0,Jharkhand,Eastern,Govt,Electronics & Gadgets,3,9947.0,,
1003579,P00035942,F,18-25,18,0,AndhraÂ Pradesh,Southern,Lawyer,Electronics & Gadgets,4,9946.0,,
1000163,P00149542,F,18-25,24,0,AndhraÂ Pradesh,Southern,IT Sector,Electronics & Gadgets,3,9946.0,,
1004543,P00174442,F,26-35,29,0,Himachal Pradesh,Northern,Retail,Electronics & Gadgets,2,9946.0,,
1003274,P00330442,F,26-35,33,0,Maharashtra,Western,Construction,Electronics & Gadgets,4,9946.0,,
1001908,P00002842,F,55+,76,0,AndhraÂ Pradesh,Southern,Media,Electronics & Gadgets,4,9945.0,,
1004305,P00217542,M,46-50,48,1,Maharashtra,Western,Govt,Electronics & Gadgets,3,9945.0,,
1002822,P00241642,F,51-55,54,0,Kerala,Southern,Banking,Electronics & Gadgets,4,9944.0,,
1002909,P00093342,F,26-35,32,0,Haryana,Northern,Aviation,Electronics & Gadgets,3,9942.0,,
1003932,P00035942,F,26-35,27,0,Karnataka,Southern,Healthcare,Electronics & Gadgets,3,9941.0,,
1000850,P00262242,F,36-45,43,0,Kerala,Southern,Food Processing,Electronics & Gadgets,4,9941.0,,
1000329,P00233442,F,36-45,44,0,Kerala,Southern,Automobile,Electronics & Gadgets,2,9941.0,,
1004438,P00114342,F,51-55,55,0,Madhya Pradesh,Central,Hospitality,Electronics & Gadgets,4,9941.0,,
1000329,P00233442,F,36-45,44,0,Rajasthan,Northern,Automobile,Electronics & Gadgets,2,9941.0,,
1003769,P00316742,F,26-35,35,0,Uttar Pradesh,Central,Construction,Games & Toys,4,9941.0,,
1002485,P00271242,F,36-45,37,1,Haryana,Northern,Govt,Electronics & Gadgets,2,9940.0,,
1003335,P00110842,F,26-35,28,0,Jharkhand,Eastern,Aviation,Electronics & Gadgets,3,9940.0,,
1000942,P00326742,M,51-55,51,0,Bihar,Eastern,Healthcare,Electronics & Gadgets,1,9939.0,,
1000822,P00221442,M,26-35,31,0,Karnataka,Southern,Healthcare,Electronics & Gadgets,3,9938.0,,
1000182,P00042842,F,18-25,22,0,Punjab,Northern,Food Processing,Electronics & Gadgets,2,9938.0,,
1002106,P00193442,M,18-25,20,0,Haryana,Northern,Hospitality,Electronics & Gadgets,4,9937.0,,
1005079,P00242742,F,26-35,28,1,Kerala,Southern,Banking,Electronics & Gadgets,4,9937.0,,
1002624,P00090942,M,36-45,39,0,Karnataka,Southern,Govt,Electronics & Gadgets,2,9936.0,,
1005526,P00029442,M,36-45,41,0,Madhya Pradesh,Central,Healthcare,Electronics & Gadgets,3,9936.0,,
1005312,P00087342,F,26-35,31,1,Uttar Pradesh,Central,Hospitality,Electronics & Gadgets,2,9936.0,,
1002676,P00035542,F,55+,59,1,Uttar Pradesh,Central,Hospitality,Electronics & Gadgets,2,9936.0,,
1003328,P00032842,F,55+,90,0,Rajasthan,Northern,IT Sector,Electronics & Gadgets,1,9932.0,,
1001998,P00265142,M,51-55,54,0,Uttar Pradesh,Central,Retail,Electronics & Gadgets,4,9931.0,,
1000187,P00026642,M,46-50,48,0,Delhi,Central,Aviation,Electronics & Gadgets,2,9930.0,,
1004303,P00106042,F,26-35,27,0,Karnataka,Southern,Aviation,Electronics & Gadgets,2,9930.0,,
1002270,P00105142,F,18-25,19,1,Uttar Pradesh,Central,Hospitality,Games & Toys,1,9930.0,,
1004680,P00270842,F,36-45,36,1,Uttarakhand,Central,Aviation,Electronics & Gadgets,4,9930.0,,
1005182,P00178342,M,36-45,45,1,Madhya Pradesh,Central,Banking,Electronics & Gadgets,1,9928.0,,
1001509,P00293242,M,0-17,16,0,Maharashtra,Western,Automobile,Electronics & Gadgets,2,9927.0,,
1002261,P00255842,F,26-35,35,0,Punjab,Northern,IT Sector,Electronics & Gadgets,2,9927.0,,
1002529,P00016542,M,36-45,44,1,Delhi,Central,Banking,Electronics & Gadgets,3,9926.0,,
1001266,P00030942,F,26-35,27,0,Rajasthan,Northern,Chemical,Electronics & Gadgets,4,9925.0,,
1000062,P00161842,M,36-45,37,0,Rajasthan,Northern,Retail,Electronics & Gadgets,3,9924.0,,
1004356,P00111442,F,36-45,40,0,Uttar Pradesh,Central,Automobile,Decor,4,9923.0,,
1004054,P00052542,F,36-45,36,1,AndhraÂ Pradesh,Southern,Automobile,Electronics & Gadgets,1,9921.0,,
1003491,P00005042,M,26-35,35,0,AndhraÂ Pradesh,Southern,Banking,Electronics & Gadgets,2,9920.0,,
1001112,P00027642,F,18-25,19,1,Gujarat,Western,Banking,Electronics & Gadgets,2,9920.0,,
1003491,P00005042,M,26-35,35,0,Jharkhand,Eastern,Banking,Electronics & Gadgets,2,9920.0,,
1005074,P00115242,F,0-17,16,0,Bihar,Eastern,Healthcare,Electronics & Gadgets,3,9919.0,,
1001451,P00015542,F,36-45,45,0,Gujarat,Western,Aviation,Electronics & Gadgets,3,9919.0,,
1002419,P00110742,F,26-35,29,0,Himachal Pradesh,Northern,Banking,Electronics & Gadgets,3,9919.0,,
1003650,P00192642,F,26-35,27,1,Jharkhand,Eastern,Chemical,Electronics & Gadgets,4,9919.0,,
1005074,P00115242,F,0-17,16,0,Punjab,Northern,Healthcare,Electronics & Gadgets,4,9919.0,,
1003650,P00192642,F,26-35,27,1,Rajasthan,Northern,Chemical,Electronics & Gadgets,4,9919.0,,
1004725,P00217542,F,36-45,38,1,Uttar Pradesh,Central,Healthcare,Games & Toys,4,9919.0,,
1003189,P00165442,F,26-35,33,0,Kerala,Southern,Aviation,Electronics & Gadgets,1,9918.0,,
1001891,P00368642,F,46-50,47,0,Uttar Pradesh,Central,Healthcare,Games & Toys,4,9918.0,,
1001040,P00259142,F,26-35,34,1,Bihar,Eastern,Banking,Electronics & Gadgets,2,9917.0,,
1001889,P00134842,M,18-25,21,1,Uttar Pradesh,Central,Banking,Electronics & Gadgets,4,9917.0,,
1001728,P00144042,F,18-25,20,0,Uttarakhand,Central,Govt,Electronics & Gadgets,3,9917.0,,
1001451,P00123542,F,36-45,42,0,Punjab,Northern,Govt,Electronics & Gadgets,4,9916.0,,
1001440,P00343542,F,36-45,45,1,Rajasthan,Northern,Govt,Electronics & Gadgets,2,9915.0,,
1001440,P00343542,F,36-45,45,1,Telangana,Southern,Banking,Electronics & Gadgets,3,9915.0,,
1000822,P00363742,M,26-35,35,0,Uttar Pradesh,Central,Aviation,Electronics & Gadgets,3,9915.0,,
1002203,P00024342,F,46-50,48,0,Rajasthan,Northern,Construction,Electronics & Gadgets,1,9914.0,,
1004733,P00346442,F,18-25,23,0,Delhi,Central,Hospitality,Electronics & Gadgets,3,9913.0,,
1004958,P00031342,F,18-25,18,1,Himachal Pradesh,Northern,Chemical,Electronics & Gadgets,1,9913.0,,
1003961,P00311442,F,26-35,33,0,Punjab,Northern,Healthcare,Electronics & Gadgets,1,9913.0,,
1001640,P00169742,F,36-45,38,1,AndhraÂ Pradesh,Southern,Govt,Electronics & Gadgets,4,9912.0,,
1004048,P00170942,M,36-45,39,0,Karnataka,Southern,Lawyer,Electronics & Gadgets,3,9912.0,,
1002453,P00101842,F,26-35,30,0,Himachal Pradesh,Northern,Construction,Electronics & Gadgets,2,9911.0,,
1004373,P00252042,F,51-55,55,1,Himachal Pradesh,Northern,Govt,Games & Toys,1,9911.0,,
1006033,P00028442,F,51-55,53,0,Karnataka,Southern,Govt,Games & Toys,2,9910.0,,
1000307,P00331042,F,51-55,54,0,AndhraÂ Pradesh,Southern,Automobile,Electronics & Gadgets,3,9909.0,,
1005613,P00271142,M,36-45,39,1,Madhya Pradesh,Central,Lawyer,Electronics & Gadgets,3,9909.0,,
1003260,P00028842,F,26-35,32,1,Punjab,Northern,IT Sector,Electronics & Gadgets,4,9909.0,,
1000118,P00324742,M,36-45,36,0,Himachal Pradesh,Northern,IT Sector,Electronics & Gadgets,1,9908.0,,
1005862,P00026042,M,26-35,34,1,Uttar Pradesh,Central,Automobile,Decor,4,9908.0,,
1005755,P00113042,M,36-45,36,0,Madhya Pradesh,Central,IT Sector,Electronics & Gadgets,3,9907.0,,
1005044,P00273142,M,36-45,38,1,Madhya Pradesh,Central,Banking,Electronics & Gadgets,2,9907.0,,
1006004,P00102342,M,26-35,34,0,Uttar Pradesh,Central,Food Processing,Electronics & Gadgets,3,9906.0,,
1000293,P00060142,F,55+,65,0,Maharashtra,Western,IT Sector,Decor,4,9905.0,,
1004508,P00064242,F,26-35,33,1,AndhraÂ Pradesh,Southern,Automobile,Electronics & Gadgets,1,9904.0,,
1002611,P00187842,F,26-35,34,0,Punjab,Northern,Retail,Electronics & Gadgets,2,9903.0,,
1000261,P00127242,F,26-35,28,1,Karnataka,Southern,Banking,Electronics & Gadgets,1,9902.0,,
1001092,P00134042,M,18-25,25,1,AndhraÂ Pradesh,Southern,Hospitality,Electronics & Gadgets,2,9901.0,,
1004897,P00121042,F,36-45,45,0,Uttar Pradesh,Central,Chemical,Electronics & Gadgets,3,9901.0,,
1005156,P00190142,F,18-25,24,0,AndhraÂ Pradesh,Southern,Banking,Electronics & Gadgets,2,9900.0,,
1002376,P00125742,F,26-35,29,0,AndhraÂ Pradesh,Southern,Construction,Electronics & Gadgets,3,9900.0,,
1003930,P00119742,F,55+,85,0,Himachal Pradesh,Northern,Lawyer,Electronics & Gadgets,1,9900.0,,
1005156,P00190142,F,18-25,24,0,Rajasthan,Northern,Banking,Electronics & Gadgets,2,9900.0,,
1000366,P00110742,F,51-55,52,1,Uttar Pradesh,Central,Chemical,Electronics & Gadgets,1,9900.0,,
1006023,P00284042,F,26-35,28,1,AndhraÂ Pradesh,Southern,Chemical,Electronics & Gadgets,4,9899.0,,
1000423,P00249642,F,18-25,20,1,Himachal Pradesh,Northern,Media,Electronics & Gadgets,2,9898.0,,
1002029,P00067942,M,26-35,26,1,Madhya Pradesh,Central,Media,Electronics & Gadgets,2,9897.0,,
1001350,P00034842,M,36-45,43,1,Maharashtra,Western,IT Sector,Electronics & Gadgets,4,9897.0,,
1005949,P00293142,F,18-25,18,0,Kerala,Southern,IT Sector,Electronics & Gadgets,4,9895.0,,
1001387,P00368342,M,51-55,52,0,Delhi,Central,IT Sector,Electronics & Gadgets,1,9894.0,,
1000478,P00005042,F,51-55,55,1,Himachal Pradesh,Northern,IT Sector,Electronics & Gadgets,4,9894.0,,
1005418,P00046742,M,26-35,26,0,Maharashtra,Western,Lawyer,Electronics & Gadgets,2,9894.0,,
1000201,P00120542,M,36-45,36,1,Haryana,Northern,Textile,Electronics & Gadgets,2,9893.0,,
1000881,P00278642,F,18-25,21,0,AndhraÂ Pradesh,Southern,Media,Electronics & Gadgets,3,9892.0,,
1002934,P00267042,M,36-45,43,0,Delhi,Central,Textile,Electronics & Gadgets,4,9892.0,,
1001451,P00117142,F,36-45,42,1,Jharkhand,Eastern,Food Processing,Electronics & Gadgets,3,9892.0,,
1006001,P00101842,M,26-35,27,1,Maharashtra,Western,Lawyer,Games & Toys,2,9891.0,,
1004077,P00233842,M,36-45,43,1,Punjab,Northern,Healthcare,Electronics & Gadgets,2,9891.0,,
1002185,P00088542,F,46-50,48,0,Gujarat,Western,Food Processing,Electronics & Gadgets,1,9890.0,,
1003625,P00182542,F,18-25,25,1,Rajasthan,Northern,IT Sector,Electronics & Gadgets,3,9889.0,,
1003648,P00320742,F,18-25,21,1,Uttar Pradesh,Central,Food Processing,Electronics & Gadgets,1,9888.0,,
1003961,P00125042,F,26-35,27,1,Punjab,Northern,Banking,Electronics & Gadgets,2,9887.0,,
1004460,P00184942,F,26-35,34,1,Bihar,Eastern,Lawyer,Electronics & Gadgets,3,9886.0,,
1002625,P00368642,F,36-45,39,0,Gujarat,Western,Govt,Electronics & Gadgets,2,9886.0,,
1004239,P00059642,F,51-55,54,0,Jharkhand,Eastern,Aviation,Electronics & Gadgets,4,9886.0,,
1004460,P00184942,F,26-35,34,1,Madhya Pradesh,Central,Lawyer,Electronics & Gadgets,1,9886.0,,
1003510,P00021742,M,18-25,21,1,Maharashtra,Western,Hospitality,Electronics & Gadgets,2,9886.0,,
1002129,P00051942,F,26-35,26,0,AndhraÂ Pradesh,Southern,Aviation,Electronics & Gadgets,1,9885.0,,
1000697,P00021742,M,51-55,52,1,Bihar,Eastern,IT Sector,Electronics & Gadgets,2,9885.0,,
1004497,P00178342,F,51-55,54,0,Gujarat,Western,Food Processing,Electronics & Gadgets,1,9885.0,,
1004194,P00213242,F,18-25,24,0,Jharkhand,Eastern,Govt,Electronics & Gadgets,3,9885.0,,
1000068,P00176842,F,18-25,19,0,Uttar Pradesh,Central,Hospitality,Decor,3,9884.0,,
1004828,P00157542,M,18-25,25,1,Uttar Pradesh,Central,Govt,Electronics & Gadgets,3,9883.0,,
1002730,P00251242,M,36-45,37,0,Himachal Pradesh,Northern,Healthcare,Electronics & Gadgets,2,9882.0,,
1002255,P00001342,M,36-45,39,1,Bihar,Eastern,Food Processing,Electronics & Gadgets,2,9880.0,,
1002986,P00028842,M,26-35,26,0,Delhi,Central,Govt,Electronics & Gadgets,1,9880.0,,
1005975,P00102642,F,26-35,34,1,AndhraÂ Pradesh,Southern,IT Sector,Electronics & Gadgets,3,9879.0,,
1002507,P00178442,F,26-35,32,1,Haryana,Northern,Automobile,Electronics & Gadgets,1,9879.0,,
1001151,P00192842,M,26-35,29,0,Karnataka,Southern,Hospitality,Electronics & Gadgets,2,9879.0,,
1005951,P00080342,F,18-25,18,1,Uttar Pradesh,Central,Aviation,Electronics & Gadgets,1,9878.0,,
1004411,P00176942,F,18-25,18,0,Punjab,Northern,Aviation,Electronics & Gadgets,2,9875.0,,
1002051,P00228942,F,36-45,36,1,Uttar Pradesh,Central,Textile,Decor,3,9875.0,,
1001322,P00121142,F,55+,84,0,Uttarakhand,Central,IT Sector,Electronics & Gadgets,4,9873.0,,
1003248,P00014942,M,26-35,32,0,Uttar Pradesh,Central,Banking,Electronics & Gadgets,3,9872.0,,
1003815,P00205842,F,26-35,27,1,AndhraÂ Pradesh,Southern,Media,Electronics & Gadgets,1,9871.0,,
1003312,P00325242,M,18-25,23,0,Karnataka,Southern,Chemical,Electronics & Gadgets,1,9869.0,,
1000959,P00338442,F,51-55,53,0,Uttar Pradesh,Central,Banking,Games & Toys,1,9869.0,,
1002237,P00192942,M,36-45,43,0,Maharashtra,Western,Healthcare,Electronics & Gadgets,1,9868.0,,
1001667,P00187842,F,51-55,54,0,Delhi,Central,Automobile,Electronics & Gadgets,1,9867.0,,
1001667,P00187842,F,51-55,54,0,Punjab,Northern,Automobile,Electronics & Gadgets,2,9867.0,,
1002685,P00257542,F,46-50,47,1,Uttar Pradesh,Central,Healthcare,Games & Toys,2,9866.0,,
1005235,P00254342,F,26-35,29,0,Bihar,Eastern,Chemical,Electronics & Gadgets,4,9865.0,,
1004596,P00189242,M,18-25,22,1,Punjab,Northern,Healthcare,Electronics & Gadgets,2,9863.0,,
1003604,P00139942,F,0-17,15,0,Uttar Pradesh,Central,IT Sector,Electronics & Gadgets,1,9862.0,,
1003858,P00119442,M,46-50,47,1,Uttar Pradesh,Central,Hospitality,Electronics & Gadgets,2,9862.0,,
1001870,P00199442,F,55+,66,1,Uttar Pradesh,Central,Aviation,Electronics & Gadgets,1,9862.0,,
1004183,P00110842,F,26-35,31,0,AndhraÂ Pradesh,Southern,IT Sector,Games & Toys,2,9861.0,,
1005015,P00126142,F,36-45,42,1,Jharkhand,Eastern,Food Processing,Electronics & Gadgets,4,9861.0,,
1001489,P00290042,M,36-45,39,0,Karnataka,Southern,Hospitality,Electronics & Gadgets,2,9861.0,,
1005153,P00197042,F,26-35,29,0,Maharashtra,Western,Retail,Games & Toys,3,9859.0,,
1004725,P00150842,F,36-45,37,1,Maharashtra,Western,Hospitality,Electronics & Gadgets,4,9859.0,,
1004725,P00150842,F,36-45,37,1,Maharashtra,Western,Hospitality,Electronics & Gadgets,4,9859.0,,
1000754,P00367042,F,36-45,41,0,AndhraÂ Pradesh,Southern,Aviation,Electronics & Gadgets,1,9858.0,,
1006001,P00025442,M,26-35,29,0,Maharashtra,Western,Media,Games & Toys,2,9858.0,,
1005787,P00259342,F,26-35,33,1,Uttar Pradesh,Central,Aviation,Electronics & Gadgets,4,9857.0,,
1005142,P00221842,F,26-35,31,1,Uttarakhand,Central,Retail,Electronics & Gadgets,3,9857.0,,
1000477,P00278042,F,36-45,45,1,Kerala,Southern,Banking,Electronics & Gadgets,4,9855.0,,
1005223,P00101842,F,55+,56,1,Haryana,Northern,Hospitality,Electronics & Gadgets,3,9854.0,,
1005382,P00112142,M,18-25,25,0,Uttar Pradesh,Central,Aviation,Electronics & Gadgets,3,9853.0,,
1004979,P00331242,F,36-45,36,1,Bihar,Eastern,Chemical,Electronics & Gadgets,2,9852.0,,
1004760,P00147142,F,36-45,45,1,Bihar,Eastern,Govt,Games & Toys,2,9852.0,,
1000117,P00266642,F,26-35,32,0,Uttar Pradesh,Central,Aviation,Decor,2,9852.0,,
1002460,P00317642,M,51-55,53,0,Himachal Pradesh,Northern,Automobile,Electronics & Gadgets,3,9850.0,,
1003526,P00227742,M,36-45,36,0,Bihar,Eastern,Automobile,Electronics & Gadgets,3,9849.0,,
1003526,P00227742,M,36-45,36,0,Haryana,Northern,Automobile,Electronics & Gadgets,1,9849.0,,
1004495,P00217742,F,18-25,25,0,Punjab,Northern,Construction,Electronics & Gadgets,1,9849.0,,
1003483,P00285442,M,46-50,46,0,Bihar,Eastern,Govt,Electronics & Gadgets,4,9846.0,,
1004516,P00195242,F,18-25,21,0,Gujarat,Western,Aviation,Electronics & Gadgets,4,9846.0,,
1005193,P00120042,F,36-45,38,1,Haryana,Northern,Banking,Games & Toys,2,9846.0,,
1001941,P00240642,M,36-45,26,1,Maharashtra,Western,Healthcare,Electronics & Gadgets,3,9845.0,,
1005456,P00100442,M,36-45,40,1,AndhraÂ Pradesh,Southern,IT Sector,Electronics & Gadgets,3,9844.0,,
1002507,P00295942,F,26-35,35,0,Delhi,Central,Hospitality,Electronics & Gadgets,3,9842.0,,
1001331,P00126042,F,46-50,47,0,Karnataka,Southern,Banking,Games & Toys,3,9842.0,,
1001203,P00114342,M,26-35,34,1,Madhya Pradesh,Central,IT Sector,Electronics & Gadgets,2,9841.0,,
1005511,P00305142,M,46-50,47,1,Madhya Pradesh,Central,Chemical,Electronics & Gadgets,2,9841.0,,
1002278,P00277642,F,51-55,53,1,Punjab,Northern,Aviation,Electronics & Gadgets,4,9841.0,,
1003118,P00269542,F,26-35,34,0,Uttar Pradesh,Central,Healthcare,Electronics & Gadgets,4,9841.0,,
1001835,P00135642,F,26-35,35,0,Punjab,Northern,Textile,Electronics & Gadgets,2,9840.0,,
1002251,P00339442,F,36-45,39,0,Uttarakhand,Central,Govt,Electronics & Gadgets,4,9840.0,,
1005178,P00272942,F,51-55,52,0,AndhraÂ Pradesh,Southern,Healthcare,Electronics & Gadgets,4,9838.0,,
1005925,P00308242,M,26-35,31,1,Karnataka,Southern,IT Sector,Electronics & Gadgets,4,9838.0,,
1000454,P00053042,F,26-35,32,1,Maharashtra,Western,Banking,Electronics & Gadgets,2,9838.0,,
1004732,P00321742,F,26-35,29,1,Kerala,Southern,Banking,Electronics & Gadgets,1,9837.0,,
1003464,P00142942,M,26-35,32,0,Madhya Pradesh,Central,Automobile,Electronics & Gadgets,2,9837.0,,
1003499,P00041942,F,26-35,32,0,Haryana,Northern,Healthcare,Electronics & Gadgets,4,9835.0,,
1005852,P00042742,M,26-35,26,1,Uttar Pradesh,Central,Healthcare,Electronics & Gadgets,3,9835.0,,
1003365,P00086442,F,51-55,55,0,Maharashtra,Western,IT Sector,Games & Toys,2,9834.0,,
1000474,P00125442,F,26-35,34,0,AndhraÂ Pradesh,Southern,Aviation,Electronics & Gadgets,2,9832.0,,
1000474,P00125442,F,26-35,34,0,Gujarat,Western,Aviation,Electronics & Gadgets,2,9832.0,,
1001668,P00110842,F,36-45,37,1,Maharashtra,Western,Healthcare,Electronics & Gadgets,4,9832.0,,
1003190,P00117942,F,0-17,12,0,AndhraÂ Pradesh,Southern,IT Sector,Electronics & Gadgets,3,9831.0,,
1004016,P00331542,F,51-55,55,0,Haryana,Northern,Govt,Electronics & Gadgets,3,9829.0,,
1005422,P00161242,F,51-55,55,1,Maharashtra,Western,Food Processing,Decor,3,9829.0,,
1002507,P00194442,F,26-35,33,0,Uttar Pradesh,Central,Healthcare,Electronics & Gadgets,3,9829.0,,
1001889,P0097842,F,18-25,18,0,Maharashtra,Western,Hospitality,Electronics & Gadgets,2,9828.0,,
1002250,P00051142,F,18-25,19,1,Rajasthan,Northern,Media,Electronics & Gadgets,3,9828.0,,
1003934,P00154542,M,26-35,27,0,AndhraÂ Pradesh,Southern,Agriculture,Electronics & Gadgets,4,9827.0,,
1002164,P00262542,F,36-45,37,0,Himachal Pradesh,Northern,Healthcare,Electronics & Gadgets,3,9826.0,,
1000550,P00074442,F,46-50,48,1,Jharkhand,Eastern,Food Processing,Electronics & Gadgets,3,9826.0,,
1002484,P00192642,F,46-50,48,0,Jharkhand,Eastern,Hospitality,Games & Toys,3,9825.0,,
1005472,P00034042,F,36-45,41,1,Punjab,Northern,IT Sector,Electronics & Gadgets,3,9824.0,,
1001204,P00307542,F,26-35,34,0,Gujarat,Western,IT Sector,Electronics & Gadgets,3,9823.0,,
1001191,P00334042,M,36-45,42,0,Punjab,Northern,Aviation,Electronics & Gadgets,4,9822.0,,
1001191,P00334042,M,36-45,42,0,Rajasthan,Northern,Aviation,Electronics & Gadgets,3,9822.0,,
1005412,P00208442,F,26-35,32,1,Uttar Pradesh,Central,Aviation,Electronics & Gadgets,3,9820.0,,
1002847,P00241542,F,18-25,20,0,Haryana,Northern,Automobile,Electronics & Gadgets,3,9819.0,,
1001567,P00188642,F,26-35,27,0,AndhraÂ Pradesh,Southern,Banking,Electronics & Gadgets,2,9818.0,,
1004708,P00089442,F,26-35,31,0,Himachal Pradesh,Northern,IT Sector,Electronics & Gadgets,4,9818.0,,
1004064,P00166742,F,46-50,49,0,Maharashtra,Western,Healthcare,Electronics & Gadgets,1,9817.0,,
1001837,P00196642,F,26-35,33,0,Rajasthan,Northern,Healthcare,Electronics & Gadgets,4,9817.0,,
1004520,P00198742,F,26-35,32,0,Himachal Pradesh,Northern,Healthcare,Electronics & Gadgets,1,9816.0,,
1004942,P00285442,F,46-50,49,0,Jharkhand,Eastern,IT Sector,Games & Toys,1,9816.0,,
1000695,P00140042,M,18-25,22,1,Uttarakhand,Central,Hospitality,Electronics & Gadgets,1,9816.0,,
1002776,P00207042,F,26-35,32,0,Uttar Pradesh,Central,Healthcare,Electronics & Gadgets,4,9815.0,,
1004054,P00013742,F,36-45,44,0,Gujarat,Western,Food Processing,Electronics & Gadgets,4,9814.0,,
1002694,P00198742,F,18-25,25,0,Himachal Pradesh,Northern,IT Sector,Electronics & Gadgets,3,9814.0,,
1000679,P00237542,F,36-45,38,1,Haryana,Northern,Agriculture,Electronics & Gadgets,4,9813.0,,
1003576,P0095542,F,51-55,51,0,Maharashtra,Western,Retail,Electronics & Gadgets,2,9813.0,,
1001260,P00225542,F,26-35,29,1,Gujarat,Western,Food Processing,Electronics & Gadgets,3,9812.0,,
1005413,P00182142,F,36-45,39,0,AndhraÂ Pradesh,Southern,Automobile,Electronics & Gadgets,1,9811.0,,
1003851,P00248142,F,26-35,29,1,Jharkhand,Eastern,IT Sector,Electronics & Gadgets,4,9811.0,,
1003601,P00001742,M,36-45,37,0,Karnataka,Southern,Banking,Games & Toys,4,9811.0,,
1000212,P00100842,F,26-35,27,1,Uttarakhand,Central,Hospitality,Electronics & Gadgets,4,9811.0,,
1001369,P00196542,F,26-35,29,1,Kerala,Southern,Govt,Electronics & Gadgets,4,9809.0,,
1001369,P00196542,F,26-35,29,1,Rajasthan,Northern,Govt,Electronics & Gadgets,1,9809.0,,
1004312,P00139742,M,26-35,34,1,Gujarat,Western,Aviation,Electronics & Gadgets,1,9808.0,,
1000350,P00251942,F,46-50,46,0,Himachal Pradesh,Northern,IT Sector,Electronics & Gadgets,4,9807.0,,
1005627,P00153842,F,26-35,29,0,Uttar Pradesh,Central,Agriculture,Electronics & Gadgets,2,9807.0,,
1001990,P00156442,F,26-35,34,1,AndhraÂ Pradesh,Southern,Automobile,Electronics & Gadgets,1,9805.0,,
1001273,P00025942,F,36-45,37,1,Himachal Pradesh,Northern,IT Sector,Electronics & Gadgets,2,9805.0,,
1002807,P00116242,M,36-45,37,0,Maharashtra,Western,Textile,Electronics & Gadgets,2,9805.0,,
1005698,P00192042,F,36-45,41,0,Maharashtra,Western,Healthcare,Electronics & Gadgets,4,9805.0,,
1003714,P00362442,F,26-35,32,0,AndhraÂ Pradesh,Southern,Chemical,Electronics & Gadgets,2,9804.0,,
1002190,P00145042,M,26-35,28,0,Delhi,Central,Food Processing,Games & Toys,2,9804.0,,
1003603,P00148642,M,36-45,44,0,Maharashtra,Western,Hospitality,Electronics & Gadgets,1,9804.0,,
1003714,P00362442,F,26-35,32,0,Telangana,Southern,Chemical,Electronics & Gadgets,3,9804.0,,
1001274,P00115642,F,46-50,47,0,AndhraÂ Pradesh,Southern,Media,Electronics & Gadgets,3,9803.0,,
1002959,P00230942,F,36-45,45,1,Uttar Pradesh,Central,Hospitality,Games & Toys,1,9803.0,,
1002326,P00251042,F,18-25,22,0,Maharashtra,Western,IT Sector,Electronics & Gadgets,2,9802.0,,
1002219,P00279342,F,26-35,34,1,Delhi,Central,Banking,Electronics & Gadgets,1,9801.0,,
1004238,P00180342,F,36-45,38,1,Jharkhand,Eastern,Chemical,Electronics & Gadgets,4,9801.0,,
1002918,P00213742,F,26-35,26,0,Himachal Pradesh,Northern,Banking,Electronics & Gadgets,1,9799.0,,
1001150,P00153942,M,26-35,28,1,Uttar Pradesh,Central,Banking,Decor,4,9799.0,,
1002333,P00033342,F,51-55,55,1,Maharashtra,Western,Hospitality,Games & Toys,3,9795.0,,
1002919,P00147642,F,18-25,19,0,Haryana,Northern,Construction,Electronics & Gadgets,3,9792.0,,
1003625,P00248542,M,18-25,22,1,AndhraÂ Pradesh,Southern,IT Sector,Electronics & Gadgets,4,9791.0,,
1000343,P00214442,F,36-45,41,1,Uttar Pradesh,Central,Aviation,Electronics & Gadgets,1,9791.0,,
1003169,P00275842,F,51-55,52,1,AndhraÂ Pradesh,Southern,Agriculture,Electronics & Gadgets,2,9790.0,,
1002041,P00323442,M,26-35,35,1,Maharashtra,Western,Retail,Electronics & Gadgets,1,9790.0,,
1001329,P00210942,F,18-25,23,0,Himachal Pradesh,Northern,Automobile,Electronics & Gadgets,1,9789.0,,
1003081,P00270942,F,26-35,30,1,Jharkhand,Eastern,Aviation,Electronics & Gadgets,4,9789.0,,
1001329,P00210942,F,18-25,23,0,Telangana,Southern,Automobile,Electronics & Gadgets,2,9789.0,,
1003683,P00273942,F,26-35,30,0,Uttar Pradesh,Central,Healthcare,Decor,2,9789.0,,
1003683,P00273942,F,26-35,30,0,Uttar Pradesh,Central,Healthcare,Electronics & Gadgets,3,9789.0,,
1005977,P00252642,M,36-45,45,1,AndhraÂ Pradesh,Southern,Healthcare,Electronics & Gadgets,4,9788.0,,
1004451,P00100442,F,26-35,33,1,Himachal Pradesh,Northern,Banking,Electronics & Gadgets,2,9788.0,,
1003790,P00343042,M,26-35,28,1,Bihar,Eastern,IT Sector,Electronics & Gadgets,3,9786.0,,
1002795,P00275842,F,51-55,55,0,Bihar,Eastern,Banking,Electronics & Gadgets,2,9786.0,,
1003328,P00155742,F,55+,60,1,Maharashtra,Western,IT Sector,Electronics & Gadgets,2,9786.0,,
1000116,P00066642,F,26-35,29,0,Uttar Pradesh,Central,Agriculture,Electronics & Gadgets,1,9786.0,,
1002883,P00359742,F,18-25,24,1,Uttarakhand,Central,Automobile,Electronics & Gadgets,2,9786.0,,
1004126,P00165842,F,26-35,35,0,Uttar Pradesh,Central,Healthcare,Electronics & Gadgets,4,9785.0,,
1002198,P00356742,M,36-45,43,0,Haryana,Northern,Healthcare,Electronics & Gadgets,4,9783.0,,
1003240,P00171642,F,18-25,21,1,Himachal Pradesh,Northern,Media,Electronics & Gadgets,3,9783.0,,
1002012,P00352242,F,26-35,32,1,Kerala,Southern,Healthcare,Electronics & Gadgets,2,9782.0,,
1001367,P00238542,M,26-35,30,0,Madhya Pradesh,Central,IT Sector,Electronics & Gadgets,3,9781.0,,
1001367,P00238542,M,26-35,30,0,Telangana,Southern,IT Sector,Electronics & Gadgets,4,9781.0,,
1000590,P00332942,M,36-45,36,0,Uttarakhand,Central,Aviation,Games & Toys,4,9781.0,,
1002385,P00059142,M,46-50,49,0,Uttar Pradesh,Central,Food Processing,Games & Toys,1,9780.0,,
1000090,P00044142,F,55+,56,0,Himachal Pradesh,Northern,Healthcare,Electronics & Gadgets,4,9779.0,,
1001712,P00152242,F,26-35,33,1,Kerala,Southern,Banking,Electronics & Gadgets,1,9779.0,,
1005350,P00028442,F,18-25,20,0,AndhraÂ Pradesh,Southern,Govt,Electronics & Gadgets,3,9778.0,,
1005892,P00209442,M,46-50,46,1,Haryana,Northern,Construction,Electronics & Gadgets,2,9777.0,,
1004950,P00121242,F,26-35,28,0,Himachal Pradesh,Northern,Healthcare,Electronics & Gadgets,1,9777.0,,
1005329,P00337542,M,26-35,34,0,Maharashtra,Western,Aviation,Electronics & Gadgets,3,9776.0,,
1004496,P00057642,F,46-50,47,1,Jharkhand,Eastern,Banking,Electronics & Gadgets,1,9775.0,,
1003253,P00214542,M,36-45,45,1,Maharashtra,Western,Media,Electronics & Gadgets,2,9774.0,,
1001422,P00246342,F,36-45,45,0,Uttar Pradesh,Central,Aviation,Decor,4,9773.0,,
1001680,P00046242,M,26-35,26,0,Uttarakhand,Central,Aviation,Electronics & Gadgets,2,9772.0,,
1003437,P00003942,M,26-35,34,0,Rajasthan,Northern,Textile,Electronics & Gadgets,4,9771.0,,
1002419,P00255842,F,26-35,26,0,Himachal Pradesh,Northern,Construction,Electronics & Gadgets,2,9770.0,,
1002195,P00000842,M,0-17,15,1,Uttar Pradesh,Central,IT Sector,Electronics & Gadgets,2,9770.0,,
1005468,P00104842,F,26-35,28,0,Punjab,Northern,Govt,Electronics & Gadgets,1,9769.0,,
1000007,P00113242,F,36-45,45,1,Uttar Pradesh,Central,Aviation,Electronics & Gadgets,2,9769.0,,
1000185,P00220142,F,46-50,46,1,Kerala,Southern,Chemical,Electronics & Gadgets,4,9768.0,,
1003792,P00181442,F,26-35,34,1,Maharashtra,Western,Textile,Electronics & Gadgets,4,9768.0,,
1000271,P00036842,M,18-25,20,0,AndhraÂ Pradesh,Southern,Healthcare,Electronics & Gadgets,1,9767.0,,
1002638,P00299142,F,26-35,32,0,AndhraÂ Pradesh,Southern,Lawyer,Electronics & Gadgets,1,9767.0,,
1005493,P00219242,F,36-45,45,1,Gujarat,Western,IT Sector,Games & Toys,3,9766.0,,
1003908,P00110842,M,26-35,29,0,Uttar Pradesh,Central,Textile,Electronics & Gadgets,2,9766.0,,
1004973,P00189642,M,55+,65,0,AndhraÂ Pradesh,Southern,Chemical,Electronics & Gadgets,3,9765.0,,
1002641,P00028242,F,26-35,35,0,Uttar Pradesh,Central,Aviation,Electronics & Gadgets,3,9764.0,,
1000429,P00004242,F,18-25,24,1,Uttarakhand,Central,Healthcare,Electronics & Gadgets,4,9763.0,,
1005131,P00217942,M,26-35,35,0,Madhya Pradesh,Central,Banking,Electronics & Gadgets,2,9762.0,,
1005131,P00217942,M,26-35,35,0,Telangana,Southern,Banking,Electronics & Gadgets,4,9762.0,,
1005900,P00026042,F,26-35,35,0,Uttar Pradesh,Central,IT Sector,Decor,1,9762.0,,
1005900,P00026042,F,26-35,35,0,Uttar Pradesh,Central,IT Sector,Electronics & Gadgets,3,9762.0,,
1003311,P0096642,F,26-35,31,1,Himachal Pradesh,Northern,IT Sector,Games & Toys,4,9761.0,,
1000229,P00073642,F,18-25,18,1,Uttarakhand,Central,Aviation,Electronics & Gadgets,3,9761.0,,
1000808,P00111142,F,26-35,29,0,AndhraÂ Pradesh,Southern,IT Sector,Electronics & Gadgets,1,9760.0,,
1005996,P00251542,M,26-35,27,1,Madhya Pradesh,Central,Retail,Electronics & Gadgets,4,9760.0,,
1001639,P00317842,F,26-35,35,0,Maharashtra,Western,Hospitality,Games & Toys,2,9760.0,,
1003119,P00198142,F,46-50,50,0,Maharashtra,Western,Automobile,Electronics & Gadgets,1,9760.0,,
1003119,P00198142,F,46-50,50,0,Maharashtra,Western,Automobile,Electronics & Gadgets,4,9760.0,,
1002699,P00090942,M,55+,78,1,Delhi,Central,Media,Games & Toys,3,9759.0,,
1001513,P00087142,M,36-45,41,1,Uttarakhand,Central,Food Processing,Electronics & Gadgets,2,9759.0,,
1005077,P00166742,F,26-35,30,0,Uttarakhand,Central,Lawyer,Electronics & Gadgets,4,9758.0,,
1004984,P00024042,F,36-45,44,1,Jharkhand,Eastern,Food Processing,Electronics & Gadgets,1,9757.0,,
1004791,P00113242,F,18-25,18,1,Kerala,Southern,Hospitality,Electronics & Gadgets,2,9756.0,,
1000732,P00326642,F,26-35,26,0,Uttar Pradesh,Central,Food Processing,Games & Toys,4,9756.0,,
1000639,P00182142,F,46-50,47,0,Uttarakhand,Central,Automobile,Electronics & Gadgets,4,9756.0,,
1000324,P00167642,F,36-45,42,0,Jharkhand,Eastern,Govt,Electronics & Gadgets,3,9755.0,,
1004510,P00101542,F,46-50,49,1,Uttar Pradesh,Central,IT Sector,Games & Toys,4,9755.0,,
1000339,P00297942,F,51-55,55,0,Rajasthan,Northern,IT Sector,Electronics & Gadgets,4,9753.0,,
1005902,P00154742,F,51-55,51,1,AndhraÂ Pradesh,Southern,Agriculture,Electronics & Gadgets,2,9751.0,,
1005972,P00000342,M,26-35,31,0,Delhi,Central,Aviation,Games & Toys,2,9751.0,,
1004839,P00294042,M,51-55,52,1,Karnataka,Southern,IT Sector,Games & Toys,2,9751.0,,
1005087,P00317942,M,26-35,27,0,Gujarat,Western,Food Processing,Electronics & Gadgets,4,9749.0,,
1001303,P00017242,F,26-35,31,1,Kerala,Southern,IT Sector,Electronics & Gadgets,2,9749.0,,
1002540,P00026742,M,46-50,50,1,Uttar Pradesh,Central,IT Sector,Electronics & Gadgets,1,9749.0,,
1002477,P00113242,F,46-50,47,1,Uttar Pradesh,Central,Banking,Decor,1,9748.0,,
1002353,P00278542,M,36-45,40,1,Haryana,Northern,Hospitality,Electronics & Gadgets,3,9746.0,,
1001912,P00177342,F,26-35,33,1,AndhraÂ Pradesh,Southern,Chemical,Electronics & Gadgets,1,9743.0,,
1000883,P00310042,M,36-45,43,1,Delhi,Central,Govt,Games & Toys,1,9742.0,,
1000329,P00124642,F,36-45,36,0,Kerala,Southern,Media,Electronics & Gadgets,3,9742.0,,
1003675,P00142142,F,36-45,42,1,Karnataka,Southern,Aviation,Games & Toys,4,9741.0,,
1001941,P00003442,M,36-45,26,1,Uttar Pradesh,Central,Chemical,Electronics & Gadgets,2,9741.0,,
1001059,P00228242,M,26-35,34,0,Haryana,Northern,Banking,Electronics & Gadgets,1,9740.0,,
1000065,P00117942,F,36-45,44,0,Haryana,Northern,Retail,Electronics & Gadgets,4,9740.0,,
1004823,P00214442,F,18-25,19,1,Kerala,Southern,Media,Electronics & Gadgets,4,9740.0,,
1002237,P00126942,M,36-45,45,0,Maharashtra,Western,Construction,Electronics & Gadgets,3,9740.0,,
1001059,P00228242,M,26-35,34,0,Telangana,Southern,Banking,Electronics & Gadgets,4,9740.0,,
1005283,P00283842,F,18-25,24,0,Gujarat,Western,Media,Electronics & Gadgets,4,9734.0,,
1003760,P00121042,F,51-55,54,1,AndhraÂ Pradesh,Southern,Aviation,Games & Toys,2,9733.0,,
1002657,P0097942,F,0-17,17,0,Madhya Pradesh,Central,Chemical,Electronics & Gadgets,2,9733.0,,
1005642,P00057542,F,0-17,13,0,AndhraÂ Pradesh,Southern,Aviation,Gift Card,2,9732.0,,
1003123,P00183142,M,26-35,32,0,AndhraÂ Pradesh,Southern,Hospitality,Electronics & Gadgets,3,9732.0,,
1004312,P00129142,F,26-35,26,0,Jharkhand,Eastern,Hospitality,Electronics & Gadgets,3,9732.0,,
1004953,P00140742,F,36-45,43,1,Haryana,Northern,IT Sector,Electronics & Gadgets,2,9731.0,,
1002866,P00058042,F,26-35,30,0,Kerala,Southern,Automobile,Electronics & Gadgets,3,9731.0,,
1001035,P00058042,F,18-25,19,0,Madhya Pradesh,Central,IT Sector,Electronics & Gadgets,2,9730.0,,
1001414,P00147742,F,18-25,18,0,Kerala,Southern,IT Sector,Electronics & Gadgets,4,9729.0,,
1003821,P00209142,F,26-35,31,0,Haryana,Northern,Healthcare,Electronics & Gadgets,4,9728.0,,
1001124,P00127342,F,26-35,33,0,Himachal Pradesh,Northern,IT Sector,Electronics & Gadgets,3,9728.0,,
1001124,P00127342,F,26-35,33,0,Telangana,Southern,IT Sector,Electronics & Gadgets,2,9728.0,,
1000214,P00156742,F,18-25,25,0,Jharkhand,Eastern,Banking,Electronics & Gadgets,1,9727.0,,
1004318,P00123642,F,26-35,35,1,Jharkhand,Eastern,Banking,Electronics & Gadgets,2,9727.0,,
1003619,P00234742,F,51-55,51,0,Uttar Pradesh,Central,Banking,Decor,1,9727.0,,
1002852,P00180042,F,26-35,35,0,Haryana,Northern,Media,Electronics & Gadgets,4,9726.0,,
1001685,P00054942,F,36-45,37,0,Madhya Pradesh,Central,Agriculture,Electronics & Gadgets,4,9726.0,,
1005256,P00313842,F,26-35,28,1,Rajasthan,Northern,Food Processing,Electronics & Gadgets,1,9726.0,,
1004777,P00275842,F,26-35,33,1,Uttar Pradesh,Central,Banking,Electronics & Gadgets,1,9725.0,,
1001666,P00302642,F,26-35,28,1,AndhraÂ Pradesh,Southern,Hospitality,Electronics & Gadgets,2,9724.0,,
1001233,P00052842,M,46-50,48,1,Gujarat,Western,Banking,Electronics & Gadgets,4,9722.0,,
1003589,P00174142,M,46-50,49,0,Telangana,Southern,Textile,Electronics & Gadgets,1,9722.0,,
1003410,P00243242,F,36-45,38,0,Bihar,Eastern,IT Sector,Electronics & Gadgets,2,9721.0,,
1005634,P00161942,F,26-35,29,0,Telangana,Southern,Media,Electronics & Gadgets,2,9719.0,,
1005634,P00161942,F,26-35,29,0,Uttarakhand,Central,Media,Electronics & Gadgets,1,9719.0,,
1004856,P00108242,F,26-35,34,1,AndhraÂ Pradesh,Southern,Lawyer,Electronics & Gadgets,4,9718.0,,
1004472,P00277442,M,46-50,48,0,Madhya Pradesh,Central,Healthcare,Electronics & Gadgets,2,9718.0,,
1005722,P00192942,F,26-35,28,1,Bihar,Eastern,Construction,Games & Toys,4,9717.0,,
1004521,P00205942,F,36-45,42,0,Gujarat,Western,Aviation,Electronics & Gadgets,1,9717.0,,
1005061,P00258742,M,18-25,18,0,Haryana,Northern,Food Processing,Electronics & Gadgets,2,9717.0,,
1005948,P00341342,F,55+,85,0,Maharashtra,Western,Aviation,Games & Toys,1,9715.0,,
1002088,P00233542,F,51-55,54,0,Delhi,Central,Banking,Electronics & Gadgets,2,9714.0,,
1004472,P00324742,M,46-50,49,0,Madhya Pradesh,Central,Healthcare,Games & Toys,4,9714.0,,
1004656,P00001142,F,26-35,34,0,Uttar Pradesh,Central,Banking,Decor,1,9714.0,,
1000975,P00359042,F,36-45,40,0,Bihar,Eastern,Govt,Electronics & Gadgets,1,9713.0,,
1001828,P00268442,F,18-25,24,0,Haryana,Northern,Govt,Games & Toys,1,9713.0,,
1005858,P00114742,F,26-35,27,0,Rajasthan,Northern,Textile,Electronics & Gadgets,2,9713.0,,
1002195,P00323942,F,0-17,12,1,Haryana,Northern,Lawyer,Electronics & Gadgets,1,9708.0,,
1005120,P00139942,F,51-55,51,0,Maharashtra,Western,Healthcare,Electronics & Gadgets,1,9708.0,,
1002685,P00115142,F,46-50,46,0,Punjab,Northern,Healthcare,Electronics & Gadgets,1,9708.0,,
1003391,P00280242,F,18-25,21,1,Rajasthan,Northern,Banking,Electronics & Gadgets,2,9708.0,,
1002664,P00110942,F,36-45,37,1,Jharkhand,Eastern,Hospitality,Electronics & Gadgets,2,9706.0,,
1000163,P00179442,F,18-25,21,0,AndhraÂ Pradesh,Southern,Aviation,Electronics & Gadgets,4,9705.0,,
1003643,P00035842,F,26-35,35,0,AndhraÂ Pradesh,Southern,Banking,Electronics & Gadgets,3,9705.0,,
1005300,P00029742,F,26-35,34,1,Uttar Pradesh,Central,Banking,Electronics & Gadgets,1,9705.0,,
1005466,P00084942,F,26-35,30,0,AndhraÂ Pradesh,Southern,Retail,Electronics & Gadgets,1,9703.0,,
1002644,P00116842,F,18-25,23,0,Kerala,Southern,Healthcare,Electronics & Gadgets,3,9703.0,,
1005182,P00156042,M,36-45,36,1,Uttar Pradesh,Central,Healthcare,Decor,4,9703.0,,
1001861,P00155742,F,51-55,55,0,Haryana,Northern,Construction,Games & Toys,2,9702.0,,
1003527,P00254242,F,26-35,32,1,Uttar Pradesh,Central,IT Sector,Electronics & Gadgets,3,9702.0,,
1001962,P00003642,M,18-25,25,1,Gujarat,Western,Food Processing,Electronics & Gadgets,2,9701.0,,
1003934,P00345742,F,26-35,26,0,Kerala,Southern,Food Processing,Electronics & Gadgets,2,9701.0,,
1005998,P00317942,F,18-25,24,0,Uttarakhand,Central,Healthcare,Electronics & Gadgets,4,9701.0,,
1002029,P00277642,M,26-35,32,1,Bihar,Eastern,Hospitality,Electronics & Gadgets,2,9700.0,,
1000588,P00285342,M,26-35,31,0,AndhraÂ Pradesh,Southern,Healthcare,Electronics & Gadgets,2,9699.0,,
1000036,P00147742,F,26-35,32,0,AndhraÂ Pradesh,Southern,Aviation,Electronics & Gadgets,4,9699.0,,
1005636,P00145442,F,26-35,31,1,Himachal Pradesh,Northern,Chemical,Electronics & Gadgets,1,9699.0,,
1002225,P00117842,F,26-35,34,0,Madhya Pradesh,Central,Healthcare,Electronics & Gadgets,2,9699.0,,
1001835,P00196142,F,26-35,34,0,Maharashtra,Western,Banking,Electronics & Gadgets,3,9699.0,,
1003884,P00153742,F,18-25,19,0,Gujarat,Western,Automobile,Electronics & Gadgets,4,9698.0,,
1004844,P00014542,F,46-50,47,0,Delhi,Central,IT Sector,Electronics & Gadgets,2,9697.0,,
1001300,P00150842,M,0-17,13,1,Karnataka,Southern,Banking,Electronics & Gadgets,1,9697.0,,
1004844,P00014542,F,46-50,47,0,Uttarakhand,Central,IT Sector,Electronics & Gadgets,1,9697.0,,
1003315,P00024642,F,26-35,30,0,Maharashtra,Western,IT Sector,Electronics & Gadgets,1,9696.0,,
1005479,P00331942,F,36-45,44,0,Maharashtra,Western,Media,Electronics & Gadgets,2,9696.0,,
1004704,P00085242,F,18-25,24,1,AndhraÂ Pradesh,Southern,Automobile,Gift Card,4,9692.0,,
1005682,P00222142,F,18-25,22,0,Himachal Pradesh,Northern,Retail,Games & Toys,3,9690.0,,
1003607,P00122442,F,36-45,44,0,Uttar Pradesh,Central,Healthcare,Games & Toys,3,9678.0,,
1002880,P00114442,F,18-25,20,1,Maharashtra,Western,Media,Games & Toys,4,9672.0,,
1003464,P00156442,M,26-35,26,0,Bihar,Eastern,IT Sector,Games & Toys,3,9669.0,,
1002611,P00249142,F,26-35,30,0,Maharashtra,Western,Banking,Games & Toys,4,9662.0,,
1002113,P00108442,F,26-35,29,0,Himachal Pradesh,Northern,Govt,Games & Toys,1,9659.0,,
1005880,P00117742,F,26-35,26,0,Madhya Pradesh,Central,Lawyer,Games & Toys,2,9656.0,,
1003198,P00110542,F,26-35,28,1,Maharashtra,Western,Automobile,Games & Toys,2,9655.0,,
1001333,P00111442,F,26-35,31,0,Maharashtra,Western,Lawyer,Games & Toys,3,9648.0,,
1004001,P00116842,M,26-35,26,0,Telangana,Southern,Healthcare,Games & Toys,4,9634.0,,
1003808,P00313542,F,26-35,32,0,Madhya Pradesh,Central,Govt,Games & Toys,2,9632.0,,
1003683,P0009942,F,26-35,27,0,Maharashtra,Western,Lawyer,Games & Toys,3,9626.0,,
1004029,P00111842,M,55+,77,0,Uttarakhand,Central,Govt,Games & Toys,3,9626.0,,
1005795,P00251542,F,26-35,27,1,Karnataka,Southern,IT Sector,Games & Toys,4,9620.0,,
1004088,P00170342,F,26-35,31,1,Jharkhand,Eastern,Banking,Games & Toys,3,9613.0,,
1002304,P00208742,F,46-50,46,1,Uttar Pradesh,Central,Aviation,Games & Toys,2,9606.0,,
1000454,P00361842,F,26-35,27,0,AndhraÂ Pradesh,Southern,IT Sector,Games & Toys,3,9594.0,,
1004854,P00084642,M,51-55,52,0,Uttar Pradesh,Central,Healthcare,Games & Toys,3,9593.0,,
1004064,P00117142,F,46-50,49,1,Uttar Pradesh,Central,Aviation,Games & Toys,1,9590.0,,
1003613,P00080342,F,26-35,29,0,Uttar Pradesh,Central,Banking,Games & Toys,3,9586.0,,
1002205,P00283342,M,26-35,33,1,Delhi,Central,Banking,Games & Toys,2,9584.0,,
1005233,P00088942,F,26-35,31,0,Karnataka,Southern,Chemical,Games & Toys,3,9584.0,,
1002848,P00059442,F,26-35,30,0,Himachal Pradesh,Northern,Textile,Games & Toys,1,9572.0,,
1000134,P00162442,F,26-35,26,0,Bihar,Eastern,IT Sector,Games & Toys,3,9568.0,,
1005473,P00313842,F,26-35,31,0,Himachal Pradesh,Northern,Aviation,Games & Toys,1,9568.0,,
1002507,P00036342,F,26-35,34,0,Maharashtra,Western,Healthcare,Games & Toys,4,9568.0,,
1002502,P00117842,F,55+,89,1,Gujarat,Western,Media,Games & Toys,1,9565.0,,
1003178,P00120742,M,36-45,40,0,Rajasthan,Northern,Aviation,Games & Toys,3,9563.0,,
1000471,P00348942,F,36-45,45,1,Uttar Pradesh,Central,Food Processing,Games & Toys,2,9562.0,,
1005872,P00255842,F,26-35,30,1,Maharashtra,Western,Banking,Games & Toys,4,9559.0,,
1001128,P00272542,F,26-35,27,1,Uttar Pradesh,Central,Banking,Games & Toys,2,9552.0,,
1003128,P00188442,M,18-25,18,0,Kerala,Southern,Banking,Games & Toys,2,9538.0,,
1002943,P00277442,F,36-45,42,1,Maharashtra,Western,Automobile,Games & Toys,4,9527.0,,
1002408,P00334342,M,46-50,46,1,Delhi,Central,Aviation,Games & Toys,2,9526.0,,
1001300,P00180842,M,0-17,13,0,Haryana,Northern,Construction,Games & Toys,3,9525.0,,
1000157,P00102042,F,36-45,41,1,AndhraÂ Pradesh,Southern,IT Sector,Gift Card,4,9386.0,,
1001015,P00120242,F,36-45,36,0,Delhi,Central,Media,Stationery,3,9049.0,,
1002730,P00054242,M,36-45,41,1,Delhi,Central,Media,Stationery,2,9003.0,,
1005317,P00084242,M,26-35,34,1,Madhya Pradesh,Central,Banking,Stationery,4,8958.0,,
1001100,P00032142,F,26-35,35,0,Kerala,Southern,Automobile,Clothing & Apparel,1,8907.0,,
1002043,P00279442,F,26-35,32,0,Uttar Pradesh,Central,IT Sector,Clothing & Apparel,4,8904.0,,
1000533,P00195342,F,26-35,29,0,Maharashtra,Western,Construction,Clothing & Apparel,4,8903.0,,
1002185,P00112142,F,46-50,46,1,Uttarakhand,Central,Govt,Clothing & Apparel,1,8903.0,,
1004832,P00059442,F,26-35,35,0,Gujarat,Western,Media,Clothing & Apparel,3,8902.0,,
1003762,P00257642,F,51-55,52,1,Jharkhand,Eastern,Automobile,Clothing & Apparel,3,8902.0,,
1000548,P00237542,M,36-45,42,1,Karnataka,Southern,Aviation,Clothing & Apparel,1,8902.0,,
1004048,P00014842,M,36-45,44,0,AndhraÂ Pradesh,Southern,Retail,Clothing & Apparel,4,8900.0,,
1000422,P00132042,F,55+,64,1,AndhraÂ Pradesh,Southern,Aviation,Clothing & Apparel,4,8900.0,,
1001366,P00086842,F,0-17,17,1,Himachal Pradesh,Northern,Media,Clothing & Apparel,3,8900.0,,
1003313,P00270842,F,36-45,36,1,Kerala,Southern,Healthcare,Clothing & Apparel,1,8899.0,,
1001671,P00265342,F,36-45,39,0,Madhya Pradesh,Central,Automobile,Clothing & Apparel,2,8897.0,,
1000036,P00035942,F,26-35,34,0,Uttar Pradesh,Central,Construction,Clothing & Apparel,1,8897.0,,
1004008,P00337842,F,18-25,19,0,Bihar,Eastern,Healthcare,Clothing & Apparel,1,8896.0,,
1001899,P00022942,M,46-50,49,1,Karnataka,Southern,Banking,Clothing & Apparel,2,8896.0,,
1004406,P00002442,F,26-35,32,0,Kerala,Southern,Aviation,Clothing & Apparel,2,8896.0,,
1002909,P00259842,F,26-35,35,0,Maharashtra,Western,Aviation,Clothing & Apparel,3,8896.0,,
1000466,P00010842,F,26-35,29,0,Uttar Pradesh,Central,Healthcare,Clothing & Apparel,2,8896.0,,
1000963,P00112142,M,26-35,29,0,Delhi,Central,Chemical,Stationery,4,8895.0,,
1001362,P00142142,F,36-45,41,0,Gujarat,Western,Aviation,Clothing & Apparel,3,8895.0,,
1003999,P00015842,F,36-45,37,1,Karnataka,Southern,Healthcare,Clothing & Apparel,2,8895.0,,
1001969,P00227742,M,26-35,29,0,Maharashtra,Western,Healthcare,Clothing & Apparel,1,8895.0,,
1005988,P00039742,F,26-35,30,1,Uttar Pradesh,Central,Media,Clothing & Apparel,4,8895.0,,
1004352,P00258942,F,18-25,20,0,Delhi,Central,IT Sector,Clothing & Apparel,3,8894.0,,
1004344,P00069342,F,26-35,35,0,Jharkhand,Eastern,Healthcare,Clothing & Apparel,1,8894.0,,
1003878,P00344742,F,36-45,45,0,Madhya Pradesh,Central,Aviation,Clothing & Apparel,1,8894.0,,
1003850,P00303842,F,18-25,21,1,AndhraÂ Pradesh,Southern,Automobile,Clothing & Apparel,2,8893.0,,
1001797,P00327242,F,36-45,42,1,Delhi,Central,Automobile,Clothing & Apparel,2,8893.0,,
1004774,P00114942,F,46-50,48,0,Maharashtra,Western,Media,Clothing & Apparel,1,8893.0,,
1001640,P00250342,F,36-45,45,1,Uttar Pradesh,Central,Healthcare,Clothing & Apparel,2,8893.0,,
1005872,P00220442,F,26-35,30,1,Uttarakhand,Central,IT Sector,Clothing & Apparel,2,8893.0,,
1000313,P00312742,M,18-25,18,1,Bihar,Eastern,Textile,Clothing & Apparel,4,8892.0,,
1001943,P00115742,F,18-25,20,0,Kerala,Southern,Textile,Clothing & Apparel,3,8892.0,,
1004041,P00078242,F,18-25,22,0,Maharashtra,Western,Automobile,Clothing & Apparel,3,8892.0,,
1001926,P00152442,M,0-17,12,0,AndhraÂ Pradesh,Southern,IT Sector,Clothing & Apparel,3,8891.0,,
1000166,P00022542,F,18-25,24,0,Uttarakhand,Central,Media,Clothing & Apparel,1,8891.0,,
1004512,P00313842,F,26-35,31,0,AndhraÂ Pradesh,Southern,Healthcare,Clothing & Apparel,3,8890.0,,
1001973,P00084842,F,26-35,31,0,Haryana,Northern,Agriculture,Clothing & Apparel,1,8890.0,,
1001836,P00214442,F,26-35,35,1,Maharashtra,Western,Hospitality,Clothing & Apparel,1,8889.0,,
1002145,P00277442,F,18-25,24,0,Bihar,Eastern,Retail,Clothing & Apparel,1,8888.0,,
1005958,P00128942,F,46-50,46,0,Madhya Pradesh,Central,IT Sector,Clothing & Apparel,2,8885.0,,
1003752,P00089342,M,18-25,23,0,Uttar Pradesh,Central,IT Sector,Clothing & Apparel,3,8885.0,,
1000720,P00117542,F,18-25,23,1,Haryana,Northern,Hospitality,Clothing & Apparel,2,8884.0,,
1004014,P00150442,F,26-35,35,0,Haryana,Northern,Healthcare,Clothing & Apparel,1,8884.0,,
1001884,P00183042,F,46-50,49,1,Karnataka,Southern,Banking,Clothing & Apparel,1,8883.0,,
1004472,P00248142,M,46-50,46,0,Uttar Pradesh,Central,Retail,Clothing & Apparel,1,8883.0,,
1000331,P00293242,F,26-35,27,1,Delhi,Central,IT Sector,Clothing & Apparel,1,8882.0,,
1005980,P00313442,F,55+,86,1,Uttarakhand,Central,Textile,Clothing & Apparel,3,8882.0,,
1001340,P00062042,F,26-35,34,1,Kerala,Southern,Aviation,Clothing & Apparel,3,8880.0,,
1004728,P00215842,F,26-35,31,1,Madhya Pradesh,Central,IT Sector,Clothing & Apparel,2,8879.0,,
1001077,P00195242,F,26-35,28,0,Maharashtra,Western,Textile,Clothing & Apparel,3,8879.0,,
1005681,P00279442,M,26-35,27,1,Karnataka,Southern,Agriculture,Clothing & Apparel,2,8878.0,,
1002051,P00163342,F,36-45,36,0,Jharkhand,Eastern,Media,Clothing & Apparel,4,8877.0,,
1001271,P00143342,M,46-50,49,0,Uttarakhand,Central,Automobile,Clothing & Apparel,3,8877.0,,
1001137,P00249542,F,18-25,19,0,Haryana,Northern,Govt,Clothing & Apparel,3,8876.0,,
1000300,P00010742,F,26-35,31,0,Himachal Pradesh,Northern,Govt,Clothing & Apparel,3,8876.0,,
1002012,P0096942,F,26-35,29,1,Maharashtra,Western,IT Sector,Clothing & Apparel,2,8874.0,,
1003325,P00263542,M,36-45,44,0,Maharashtra,Western,Construction,Clothing & Apparel,2,8874.0,,
1000798,P00284042,M,26-35,35,0,Delhi,Central,Banking,Clothing & Apparel,1,8873.0,,
1004215,P00083842,F,26-35,31,0,Gujarat,Western,Construction,Clothing & Apparel,3,8872.0,,
1002930,P00162142,F,51-55,52,0,Jharkhand,Eastern,Construction,Clothing & Apparel,3,8872.0,,
1000031,P00270842,F,55+,65,1,Uttarakhand,Central,Food Processing,Clothing & Apparel,4,8872.0,,
1005132,P00194242,F,36-45,37,0,Himachal Pradesh,Northern,Aviation,Clothing & Apparel,2,8871.0,,
1000281,P00289942,M,36-45,45,1,Karnataka,Southern,Banking,Clothing & Apparel,4,8871.0,,
1002994,P00170342,F,36-45,38,0,Kerala,Southern,Banking,Clothing & Apparel,3,8871.0,,
1003650,P00163142,F,26-35,30,0,Maharashtra,Western,Automobile,Clothing & Apparel,2,8871.0,,
1000911,P00028042,F,51-55,55,0,Maharashtra,Western,Banking,Clothing & Apparel,2,8871.0,,
1003111,P00167942,M,18-25,21,1,Delhi,Central,IT Sector,Stationery,4,8870.0,,
1003841,P00320242,F,46-50,49,0,Delhi,Central,Healthcare,Stationery,4,8870.0,,
1000709,P00179842,F,18-25,22,0,Himachal Pradesh,Northern,Chemical,Clothing & Apparel,4,8870.0,,
1001779,P00070042,F,18-25,21,0,Jharkhand,Eastern,Govt,Clothing & Apparel,2,8870.0,,
1003393,P00277642,F,36-45,37,0,Madhya Pradesh,Central,Healthcare,Clothing & Apparel,4,8870.0,,
1000594,P00319042,M,55+,59,1,Uttar Pradesh,Central,Banking,Clothing & Apparel,3,8870.0,,
1004675,P00024642,M,18-25,19,0,Uttarakhand,Central,Aviation,Clothing & Apparel,2,8870.0,,
1004740,P00196542,M,26-35,29,0,Delhi,Central,IT Sector,Clothing & Apparel,3,8868.0,,
1004448,P00085942,F,26-35,35,0,Uttarakhand,Central,Retail,Clothing & Apparel,2,8868.0,,
1003415,P00162442,F,36-45,38,0,Himachal Pradesh,Northern,Chemical,Clothing & Apparel,1,8867.0,,
1004116,P00248142,F,36-45,39,0,Uttar Pradesh,Central,Healthcare,Clothing & Apparel,3,8866.0,,
1002454,P00127742,M,18-25,21,1,Delhi,Central,Agriculture,Stationery,1,8865.0,,
1002627,P00269942,F,26-35,26,0,Bihar,Eastern,Textile,Clothing & Apparel,3,8864.0,,
1002352,P00223642,F,51-55,54,0,Uttar Pradesh,Central,Banking,Clothing & Apparel,4,8864.0,,
1002676,P00117242,F,55+,62,0,Jharkhand,Eastern,Food Processing,Clothing & Apparel,3,8863.0,,
1005511,P00111242,F,46-50,49,1,Karnataka,Southern,Banking,Clothing & Apparel,4,8863.0,,
1001172,P00229942,M,26-35,34,0,Uttar Pradesh,Central,Healthcare,Clothing & Apparel,4,8863.0,,
1006006,P00058342,M,0-17,16,1,Uttar Pradesh,Central,Automobile,Footwear & Shoes,4,8862.0,,
1001306,P00121042,F,26-35,28,1,Himachal Pradesh,Northern,IT Sector,Clothing & Apparel,4,8861.0,,
1002885,P00343042,M,18-25,22,1,Karnataka,Southern,Banking,Clothing & Apparel,2,8861.0,,
1003620,P00048042,F,26-35,33,1,Karnataka,Southern,Banking,Clothing & Apparel,3,8860.0,,
1003905,P00112542,F,26-35,30,0,Madhya Pradesh,Central,Aviation,Clothing & Apparel,2,8859.0,,
1001203,P00086042,M,26-35,33,0,Delhi,Central,Hospitality,Clothing & Apparel,4,8857.0,,
1000746,P00078142,M,18-25,20,1,Gujarat,Western,Banking,Clothing & Apparel,3,8857.0,,
1000223,P00113342,F,26-35,28,1,Bihar,Eastern,Healthcare,Clothing & Apparel,3,8856.0,,
1005329,P00018242,M,26-35,29,0,Bihar,Eastern,Retail,Clothing & Apparel,2,8856.0,,
1004855,P00146142,F,26-35,29,0,Uttar Pradesh,Central,Aviation,Clothing & Apparel,2,8855.0,,
1001912,P00125042,F,26-35,34,0,Uttar Pradesh,Central,IT Sector,Clothing & Apparel,1,8855.0,,
1001545,P00108842,F,26-35,27,1,Haryana,Northern,Banking,Clothing & Apparel,3,8854.0,,
1002986,P00239242,F,26-35,29,1,Rajasthan,Northern,Hospitality,Clothing & Apparel,1,8854.0,,
1001916,P00204742,F,46-50,46,1,Karnataka,Southern,Textile,Footwear & Shoes,4,8852.0,,
1002258,P00176842,M,18-25,24,1,Uttar Pradesh,Central,Media,Clothing & Apparel,2,8852.0,,
1001122,P00233342,F,55+,76,1,Uttarakhand,Central,Hospitality,Clothing & Apparel,4,8852.0,,
1004302,P00170442,M,51-55,55,0,Delhi,Central,Media,Footwear & Shoes,3,8851.0,,
1004425,P00182142,F,36-45,37,1,Uttar Pradesh,Central,Textile,Clothing & Apparel,3,8851.0,,
1004742,P00024742,F,26-35,31,0,Uttar Pradesh,Central,Hospitality,Clothing & Apparel,2,8850.0,,
1005837,P00050242,F,26-35,27,0,Punjab,Northern,Construction,Clothing & Apparel,1,8848.0,,
1002045,P00146242,F,0-17,12,1,Himachal Pradesh,Northern,IT Sector,Clothing & Apparel,3,8847.0,,
1003285,P00182242,F,26-35,28,0,Kerala,Southern,Healthcare,Clothing & Apparel,2,8847.0,,
1001680,P00184442,M,26-35,26,0,Uttarakhand,Central,Hospitality,Clothing & Apparel,4,8847.0,,
1004033,P00192542,F,26-35,30,1,Karnataka,Southern,Lawyer,Footwear & Shoes,4,8845.0,,
1003081,P00090842,F,26-35,32,1,Madhya Pradesh,Central,Retail,Clothing & Apparel,4,8845.0,,
1000985,P00120042,F,26-35,28,1,Maharashtra,Western,IT Sector,Clothing & Apparel,3,8845.0,,
1002676,P00313542,F,55+,65,0,AndhraÂ Pradesh,Southern,Automobile,Clothing & Apparel,4,8844.0,,
1005528,P00184942,F,51-55,52,0,Madhya Pradesh,Central,Automobile,Clothing & Apparel,3,8844.0,,
1000539,P00010942,F,26-35,32,0,Karnataka,Southern,Construction,Clothing & Apparel,3,8843.0,,
1000604,P00295942,F,46-50,50,0,Haryana,Northern,Govt,Clothing & Apparel,2,8842.0,,
1001273,P00083342,F,36-45,39,1,Himachal Pradesh,Northern,IT Sector,Clothing & Apparel,4,8842.0,,
1004330,P00329642,M,46-50,48,1,Kerala,Southern,IT Sector,Clothing & Apparel,1,8842.0,,
1001172,P00022842,M,26-35,27,1,Uttar Pradesh,Central,Hospitality,Stationery,1,8842.0,,
1004220,P00286742,M,36-45,39,1,Uttar Pradesh,Central,Hospitality,Clothing & Apparel,3,8842.0,,
1004025,P00363542,M,55+,76,0,Karnataka,Southern,Food Processing,Clothing & Apparel,1,8841.0,,
1001203,P00265242,M,26-35,27,1,Uttar Pradesh,Central,Aviation,Clothing & Apparel,4,8840.0,,
1000169,P00313742,F,26-35,29,0,Uttar Pradesh,Central,Food Processing,Footwear & Shoes,2,8840.0,,
1003083,P00112542,M,51-55,51,1,Uttarakhand,Central,Hospitality,Clothing & Apparel,1,8840.0,,
1005182,P00112542,M,36-45,37,1,Uttar Pradesh,Central,Textile,Clothing & Apparel,4,8839.0,,
1005657,P00025642,M,51-55,52,0,AndhraÂ Pradesh,Southern,Chemical,Clothing & Apparel,1,8838.0,,
1003031,P00076742,F,18-25,22,1,Madhya Pradesh,Central,Govt,Clothing & Apparel,4,8838.0,,
1005998,P00358242,F,18-25,24,1,Maharashtra,Western,Automobile,Clothing & Apparel,1,8838.0,,
1005701,P00249542,F,26-35,26,0,Rajasthan,Northern,Food Processing,Clothing & Apparel,4,8838.0,,
1005730,P00161442,F,18-25,25,0,Uttar Pradesh,Central,Chemical,Clothing & Apparel,2,8838.0,,
1002814,P00312942,M,36-45,43,0,Uttar Pradesh,Central,Chemical,Clothing & Apparel,2,8838.0,,
1004352,P00143342,F,18-25,23,0,Uttar Pradesh,Central,IT Sector,Clothing & Apparel,4,8837.0,,
1001141,P00178342,M,26-35,29,0,Haryana,Northern,Healthcare,Clothing & Apparel,2,8836.0,,
1004250,P00265542,M,51-55,52,1,Rajasthan,Northern,IT Sector,Clothing & Apparel,3,8836.0,,
1004250,P00265542,M,51-55,52,1,Uttarakhand,Central,IT Sector,Clothing & Apparel,3,8836.0,,
1001101,P00258542,F,36-45,41,1,Himachal Pradesh,Northern,Banking,Clothing & Apparel,4,8835.0,,
1005367,P00019842,F,18-25,20,0,Uttarakhand,Central,Media,Clothing & Apparel,4,8835.0,,
1005795,P00022842,F,26-35,29,1,Himachal Pradesh,Northern,Hospitality,Clothing & Apparel,3,8834.0,,
1004524,P00033542,F,26-35,27,1,Himachal Pradesh,Northern,Aviation,Clothing & Apparel,4,8833.0,,
1001395,P00218742,F,26-35,29,1,Karnataka,Southern,IT Sector,Footwear & Shoes,3,8833.0,,
1001352,P00252842,F,36-45,37,0,Maharashtra,Western,Lawyer,Clothing & Apparel,3,8833.0,,
1002503,P00194142,F,36-45,41,1,Maharashtra,Western,Food Processing,Clothing & Apparel,3,8833.0,,
1001958,P00009142,M,26-35,29,1,Uttar Pradesh,Central,Media,Clothing & Apparel,3,8833.0,,
1000929,P00105342,F,26-35,35,0,Haryana,Northern,Lawyer,Clothing & Apparel,1,8832.0,,
1001448,P00178342,M,26-35,32,1,Maharashtra,Western,Retail,Clothing & Apparel,4,8832.0,,
1005848,P00015342,F,51-55,54,0,Maharashtra,Western,Govt,Clothing & Apparel,2,8832.0,,
1005433,P00204342,M,36-45,44,1,Uttarakhand,Central,IT Sector,Clothing & Apparel,1,8832.0,,
1003697,P00183642,F,26-35,34,1,Kerala,Southern,Banking,Clothing & Apparel,1,8831.0,,
1005750,P00112342,F,18-25,21,1,Karnataka,Southern,Media,Clothing & Apparel,1,8829.0,,
1005917,P00244042,M,51-55,55,0,AndhraÂ Pradesh,Southern,IT Sector,Clothing & Apparel,3,8828.0,,
1005605,P00236542,M,18-25,18,1,Delhi,Central,IT Sector,Clothing & Apparel,4,8828.0,,
1005643,P00111042,M,36-45,40,0,Haryana,Northern,IT Sector,Clothing & Apparel,3,8828.0,,
1000202,P00273542,F,18-25,24,1,Himachal Pradesh,Northern,Hospitality,Clothing & Apparel,3,8828.0,,
1001557,P00157142,M,18-25,24,0,Madhya Pradesh,Central,Govt,Clothing & Apparel,4,8828.0,,
1002665,P00025442,F,36-45,37,0,Madhya Pradesh,Central,Food Processing,Clothing & Apparel,2,8828.0,,
1004313,P00115142,M,26-35,32,1,Maharashtra,Western,Govt,Clothing & Apparel,1,8827.0,,
1001587,P00226142,M,26-35,35,1,Delhi,Central,Banking,Clothing & Apparel,3,8826.0,,
1000669,P00079142,F,26-35,26,1,Jharkhand,Eastern,Food Processing,Clothing & Apparel,2,8826.0,,
1003067,P00177942,M,26-35,26,0,Karnataka,Southern,IT Sector,Clothing & Apparel,1,8826.0,,
1003874,P00125942,F,26-35,26,0,Himachal Pradesh,Northern,Banking,Clothing & Apparel,2,8825.0,,
1005051,P00276942,M,51-55,54,1,Karnataka,Southern,IT Sector,Clothing & Apparel,1,8825.0,,
1003688,P00331042,F,18-25,20,1,AndhraÂ Pradesh,Southern,Hospitality,Clothing & Apparel,3,8824.0,,
1002761,P00132242,F,36-45,38,1,Bihar,Eastern,IT Sector,Clothing & Apparel,4,8824.0,,
1003441,P00111242,M,26-35,29,0,Haryana,Northern,Construction,Clothing & Apparel,4,8824.0,,
1002794,P00279542,F,26-35,29,0,Karnataka,Southern,Healthcare,Footwear & Shoes,2,8824.0,,
1001980,P00129042,F,36-45,43,0,Karnataka,Southern,IT Sector,Footwear & Shoes,1,8824.0,,
1004115,P00356742,F,26-35,30,0,Karnataka,Southern,Healthcare,Clothing & Apparel,3,8823.0,,
1002941,P00127742,F,36-45,39,1,Delhi,Central,Automobile,Clothing & Apparel,3,8822.0,,
1000974,P00046142,F,36-45,44,1,Kerala,Southern,Lawyer,Clothing & Apparel,1,8822.0,,
1003277,P00182242,F,26-35,31,0,Maharashtra,Western,Hospitality,Clothing & Apparel,2,8822.0,,
1004407,P00163442,F,18-25,18,1,Delhi,Central,Hospitality,Clothing & Apparel,2,8820.0,,
1004732,P00120342,M,26-35,27,0,Delhi,Central,IT Sector,Clothing & Apparel,2,8820.0,,
1002153,P00208042,F,18-25,20,1,Himachal Pradesh,Northern,Banking,Clothing & Apparel,2,8820.0,,
1005795,P00084542,F,26-35,33,0,Uttar Pradesh,Central,IT Sector,Clothing & Apparel,2,8820.0,,
1003224,P00085342,M,26-35,34,1,Uttar Pradesh,Central,Retail,Clothing & Apparel,3,8819.0,,
1005446,P00281042,M,51-55,54,1,Uttar Pradesh,Central,Food Processing,Clothing & Apparel,3,8819.0,,
1002188,P00030142,M,18-25,24,0,AndhraÂ Pradesh,Southern,Healthcare,Clothing & Apparel,4,8818.0,,
1001807,P00002242,F,18-25,23,0,Maharashtra,Western,Aviation,Clothing & Apparel,4,8818.0,,
1004312,P00054242,F,26-35,35,0,Maharashtra,Western,Construction,Clothing & Apparel,3,8818.0,,
1001667,P00014642,F,51-55,51,0,Uttar Pradesh,Central,Healthcare,Clothing & Apparel,1,8815.0,,
1004227,P00195742,F,26-35,26,0,Gujarat,Western,Healthcare,Clothing & Apparel,3,8814.0,,
1005511,P00084542,F,46-50,47,0,Uttar Pradesh,Central,IT Sector,Clothing & Apparel,1,8814.0,,
1001701,P00177142,M,26-35,31,0,Karnataka,Southern,Healthcare,Clothing & Apparel,1,8813.0,,
1002278,P00274142,F,51-55,55,1,Karnataka,Southern,Govt,Clothing & Apparel,4,8813.0,,
1004221,P00148642,F,36-45,45,0,Delhi,Central,IT Sector,Footwear & Shoes,3,8811.0,,
1001404,P00209842,F,51-55,51,0,Haryana,Northern,Automobile,Clothing & Apparel,1,8811.0,,
1002485,P00321042,F,36-45,43,1,Himachal Pradesh,Northern,Banking,Clothing & Apparel,2,8810.0,,
1005418,P00289342,M,26-35,35,0,Uttarakhand,Central,Media,Clothing & Apparel,3,8810.0,,
1000261,P00055142,F,26-35,34,1,Bihar,Eastern,IT Sector,Clothing & Apparel,3,8809.0,,
1003423,P00248942,F,26-35,29,1,Uttar Pradesh,Central,IT Sector,Clothing & Apparel,3,8809.0,,
1003552,P00355642,M,36-45,41,0,Himachal Pradesh,Northern,Healthcare,Clothing & Apparel,2,8808.0,,
1005558,P00042142,F,0-17,15,1,Uttar Pradesh,Central,Healthcare,Clothing & Apparel,3,8808.0,,
1000513,P00302042,F,26-35,31,0,Himachal Pradesh,Northern,Banking,Clothing & Apparel,3,8807.0,,
1005146,P00270242,M,55+,89,1,Jharkhand,Eastern,Automobile,Footwear & Shoes,4,8807.0,,
1004064,P00346342,F,46-50,48,1,Karnataka,Southern,IT Sector,Footwear & Shoes,3,8807.0,,
1004139,P00054242,F,55+,56,0,Maharashtra,Western,IT Sector,Clothing & Apparel,2,8806.0,,
1002794,P00116142,F,26-35,33,1,Uttar Pradesh,Central,Govt,Clothing & Apparel,1,8806.0,,
1003953,P00102642,F,26-35,28,1,Uttar Pradesh,Central,Chemical,Clothing & Apparel,2,8805.0,,
1001845,P00065442,F,26-35,31,0,Delhi,Central,IT Sector,Clothing & Apparel,4,8804.0,,
1003728,P00295842,F,18-25,24,0,Himachal Pradesh,Northern,Healthcare,Clothing & Apparel,2,8804.0,,
1003539,P00161442,M,26-35,35,1,Uttar Pradesh,Central,IT Sector,Clothing & Apparel,3,8804.0,,
1005450,P00161942,F,18-25,22,1,Jharkhand,Eastern,Lawyer,Clothing & Apparel,3,8803.0,,
1003808,P00354942,F,26-35,26,0,Himachal Pradesh,Northern,Aviation,Clothing & Apparel,3,8802.0,,
1001601,P00120042,F,26-35,30,1,Gujarat,Western,Media,Clothing & Apparel,2,8799.0,,
1002777,P0095742,F,18-25,25,0,Jharkhand,Eastern,Banking,Clothing & Apparel,3,8799.0,,
1004213,P00057942,F,36-45,36,1,Bihar,Eastern,Food Processing,Clothing & Apparel,1,8798.0,,
1002934,P00114942,M,36-45,40,1,Karnataka,Southern,Agriculture,Clothing & Apparel,4,8797.0,,
1002788,P00327542,F,55+,87,0,Uttar Pradesh,Central,Aviation,Clothing & Apparel,4,8797.0,,
1003572,P00313342,F,36-45,40,1,Himachal Pradesh,Northern,Lawyer,Clothing & Apparel,4,8796.0,,
1004290,P00126142,F,26-35,28,0,Uttar Pradesh,Central,Healthcare,Clothing & Apparel,3,8796.0,,
1001087,P00182142,M,26-35,31,1,Uttar Pradesh,Central,Hospitality,Clothing & Apparel,1,8796.0,,
1001880,P00281542,F,36-45,40,0,Kerala,Southern,Media,Clothing & Apparel,4,8795.0,,
1002178,P00120442,F,46-50,47,1,Madhya Pradesh,Central,Banking,Clothing & Apparel,3,8795.0,,
1000078,P00192842,M,46-50,49,0,Delhi,Central,Lawyer,Clothing & Apparel,1,8794.0,,
1000392,P00259442,F,18-25,24,1,Uttar Pradesh,Central,IT Sector,Clothing & Apparel,4,8794.0,,
1002907,P00362342,M,36-45,36,0,Maharashtra,Western,Automobile,Clothing & Apparel,3,8793.0,,
1001845,P00303242,F,26-35,26,1,AndhraÂ Pradesh,Southern,Lawyer,Clothing & Apparel,2,8792.0,,
1000664,P00117542,M,36-45,36,0,Karnataka,Southern,Media,Footwear & Shoes,2,8792.0,,
1003327,P00019142,F,18-25,19,0,Himachal Pradesh,Northern,Banking,Clothing & Apparel,2,8790.0,,
1005482,P00249642,F,18-25,20,1,Madhya Pradesh,Central,Banking,Clothing & Apparel,3,8790.0,,
1002221,P00370642,F,55+,86,0,Uttar Pradesh,Central,Construction,Clothing & Apparel,4,8790.0,,
1001120,P00159542,F,18-25,25,0,Karnataka,Southern,Healthcare,Clothing & Apparel,3,8789.0,,
1002124,P00147942,F,26-35,27,0,Maharashtra,Western,Healthcare,Clothing & Apparel,1,8789.0,,
1001164,P00132542,M,26-35,28,0,Rajasthan,Northern,Hospitality,Clothing & Apparel,1,8789.0,,
1002299,P00173042,M,18-25,24,0,Uttar Pradesh,Central,Construction,Clothing & Apparel,4,8789.0,,
1001974,P00248742,F,36-45,39,1,Uttarakhand,Central,Textile,Clothing & Apparel,3,8789.0,,
1004967,P00003942,F,18-25,25,1,Kerala,Southern,Banking,Clothing & Apparel,1,8788.0,,
1004832,P00201342,F,26-35,31,0,Karnataka,Southern,Media,Footwear & Shoes,3,8787.0,,
1000368,P00293342,M,26-35,35,1,Uttar Pradesh,Central,Textile,Clothing & Apparel,1,8787.0,,
1005881,P00303642,F,36-45,37,1,Bihar,Eastern,Banking,Clothing & Apparel,3,8786.0,,
1000092,P00251542,M,18-25,22,1,Delhi,Central,Banking,Clothing & Apparel,3,8785.0,,
1005490,P00044442,F,46-50,46,0,Himachal Pradesh,Northern,Hospitality,Clothing & Apparel,2,8783.0,,
1003620,P00034842,F,26-35,35,0,Kerala,Southern,Aviation,Clothing & Apparel,3,8783.0,,
1004448,P00120842,F,26-35,26,0,Maharashtra,Western,Healthcare,Clothing & Apparel,4,8783.0,,
1005809,P00118142,F,26-35,30,0,Uttar Pradesh,Central,Retail,Clothing & Apparel,2,8782.0,,
1004225,P00199142,M,26-35,26,1,Karnataka,Southern,Banking,Clothing & Apparel,2,8781.0,,
1004862,P00155442,M,26-35,31,1,Uttar Pradesh,Central,Aviation,Clothing & Apparel,2,8781.0,,
1002617,P00307642,M,46-50,46,0,Delhi,Central,Healthcare,Clothing & Apparel,2,8779.0,,
1003958,P00016342,F,46-50,46,0,Kerala,Southern,Construction,Clothing & Apparel,3,8779.0,,
1005100,P00090942,F,51-55,55,0,Maharashtra,Western,IT Sector,Clothing & Apparel,2,8778.0,,
1002777,P00295842,F,18-25,22,1,Telangana,Southern,Lawyer,Clothing & Apparel,4,8778.0,,
1000839,P00111842,M,26-35,34,0,Himachal Pradesh,Northern,IT Sector,Clothing & Apparel,1,8776.0,,
1003578,P00021842,M,51-55,51,1,Maharashtra,Western,Automobile,Clothing & Apparel,1,8775.0,,
1003192,P00241542,F,18-25,25,0,Jharkhand,Eastern,Automobile,Clothing & Apparel,3,8774.0,,
1004682,P0096842,F,26-35,35,1,Karnataka,Southern,IT Sector,Footwear & Shoes,2,8774.0,,
1005098,P00190742,F,51-55,51,0,Uttar Pradesh,Central,IT Sector,Footwear & Shoes,3,8774.0,,
1005124,P00091342,F,36-45,45,1,Uttarakhand,Central,Aviation,Clothing & Apparel,3,8774.0,,
1001143,P00128942,F,51-55,51,0,Bihar,Eastern,IT Sector,Clothing & Apparel,4,8773.0,,
1001231,P00116742,F,26-35,30,0,Himachal Pradesh,Northern,Healthcare,Clothing & Apparel,2,8773.0,,
1001088,P00133742,M,0-17,14,0,Delhi,Central,Hospitality,Clothing & Apparel,2,8771.0,,
1005759,P00255942,M,26-35,26,0,Jharkhand,Eastern,IT Sector,Clothing & Apparel,1,8771.0,,
1005759,P00255942,M,26-35,26,0,Telangana,Southern,IT Sector,Clothing & Apparel,1,8771.0,,
1000524,P00350642,F,18-25,22,0,Haryana,Northern,Healthcare,Clothing & Apparel,4,8770.0,,
1000181,P00304442,F,18-25,22,0,Delhi,Central,Chemical,Clothing & Apparel,4,8769.0,,
1001323,P00302142,M,36-45,36,0,Delhi,Central,Food Processing,Clothing & Apparel,3,8769.0,,
1002180,P00184042,F,26-35,33,1,Jharkhand,Eastern,Automobile,Clothing & Apparel,2,8769.0,,
1001437,P00265242,F,51-55,51,0,Kerala,Southern,Retail,Clothing & Apparel,2,8769.0,,
1000727,P00041542,F,36-45,44,0,Gujarat,Western,IT Sector,Clothing & Apparel,1,8768.0,,
1004371,P00303842,M,18-25,23,0,Maharashtra,Western,Aviation,Clothing & Apparel,1,8768.0,,
1001015,P00289742,F,36-45,45,1,AndhraÂ Pradesh,Southern,Media,Clothing & Apparel,1,8767.0,,
1005718,P00150142,M,36-45,38,0,Karnataka,Southern,Govt,Clothing & Apparel,3,8767.0,,
1003331,P00219942,M,26-35,29,1,Maharashtra,Western,Automobile,Tupperware,1,8767.0,,
1002748,P00266542,F,26-35,28,1,Kerala,Southern,Aviation,Clothing & Apparel,1,8766.0,,
1000033,P00058042,F,46-50,48,0,Himachal Pradesh,Northern,Hospitality,Clothing & Apparel,4,8765.0,,
1005520,P00316642,F,46-50,47,0,Madhya Pradesh,Central,Retail,Footwear & Shoes,1,8765.0,,
1002692,P00286642,M,18-25,19,0,Maharashtra,Western,Hospitality,Clothing & Apparel,1,8764.0,,
1001465,P00174942,F,51-55,54,0,Uttar Pradesh,Central,Hospitality,Clothing & Apparel,3,8764.0,,
1002665,P00183642,F,36-45,45,0,Jharkhand,Eastern,IT Sector,Clothing & Apparel,2,8763.0,,
1000515,P00171742,F,26-35,35,0,Maharashtra,Western,Banking,Clothing & Apparel,3,8763.0,,
1003308,P00044142,M,18-25,22,0,Karnataka,Southern,Food Processing,Clothing & Apparel,4,8761.0,,
1002793,P00002342,F,36-45,45,1,Gujarat,Western,IT Sector,Clothing & Apparel,1,8760.0,,
1002939,P00044442,M,26-35,27,0,Maharashtra,Western,Media,Clothing & Apparel,4,8760.0,,
1005795,P00117942,F,26-35,34,0,Uttar Pradesh,Central,Banking,Clothing & Apparel,4,8759.0,,
1004682,P00045842,F,26-35,28,0,Madhya Pradesh,Central,Banking,Clothing & Apparel,4,8758.0,,
1004433,P0095542,M,26-35,34,1,Uttar Pradesh,Central,Automobile,Clothing & Apparel,4,8758.0,,
1004018,P00119642,M,46-50,47,0,Karnataka,Southern,Healthcare,Clothing & Apparel,3,8757.0,,
1000326,P00091142,F,51-55,54,0,Uttar Pradesh,Central,Aviation,Clothing & Apparel,4,8756.0,,
1000387,P00070942,M,36-45,38,0,AndhraÂ Pradesh,Southern,Healthcare,Clothing & Apparel,2,8755.0,,
1002544,P00252642,F,46-50,50,0,Maharashtra,Western,Healthcare,Clothing & Apparel,4,8755.0,,
1003713,P00015642,M,26-35,32,1,AndhraÂ Pradesh,Southern,Automobile,Clothing & Apparel,2,8754.0,,
1003713,P00015642,M,26-35,32,1,Madhya Pradesh,Central,Automobile,Clothing & Apparel,4,8754.0,,
1003992,P00076042,F,26-35,32,0,Delhi,Central,Media,Clothing & Apparel,3,8753.0,,
1002021,P00146742,F,26-35,29,1,Uttar Pradesh,Central,Aviation,Clothing & Apparel,3,8753.0,,
1005512,P00277442,M,26-35,28,0,Bihar,Eastern,Healthcare,Clothing & Apparel,2,8752.0,,
1003518,P00255842,M,18-25,19,0,Uttar Pradesh,Central,Media,Clothing & Apparel,3,8752.0,,
1003518,P00255842,M,18-25,19,0,Uttar Pradesh,Central,Media,Clothing & Apparel,4,8752.0,,
1002013,P00183142,F,46-50,47,0,Karnataka,Southern,Retail,Clothing & Apparel,2,8747.0,,
1000889,P00173442,F,46-50,48,0,Madhya Pradesh,Central,Healthcare,Clothing & Apparel,2,8747.0,,
1001912,P00052942,F,26-35,29,0,Maharashtra,Western,Retail,Clothing & Apparel,1,8747.0,,
1003320,P00069042,F,26-35,29,1,Delhi,Central,Govt,Clothing & Apparel,4,8746.0,,
1004489,P00360842,F,18-25,24,1,Haryana,Northern,Hospitality,Clothing & Apparel,2,8745.0,,
1000424,P00128142,F,26-35,26,0,Haryana,Northern,Banking,Clothing & Apparel,2,8745.0,,
1003681,P00036842,F,26-35,27,1,Bihar,Eastern,Aviation,Clothing & Apparel,3,8744.0,,
1004064,P00224742,F,46-50,48,0,Uttar Pradesh,Central,IT Sector,Clothing & Apparel,1,8744.0,,
1001495,P00031842,F,18-25,23,1,AndhraÂ Pradesh,Southern,Govt,Clothing & Apparel,3,8743.0,,
1005872,P00142942,F,26-35,27,1,Bihar,Eastern,Healthcare,Clothing & Apparel,3,8743.0,,
1002389,P00282742,F,26-35,34,1,Delhi,Central,IT Sector,Footwear & Shoes,4,8743.0,,
1001425,P00058442,F,0-17,14,0,Karnataka,Southern,Construction,Clothing & Apparel,1,8743.0,,
1004647,P00313442,F,36-45,38,0,Madhya Pradesh,Central,IT Sector,Clothing & Apparel,3,8743.0,,
1000271,P00110942,F,18-25,18,0,Maharashtra,Western,Healthcare,Clothing & Apparel,1,8743.0,,
1002188,P00068942,M,18-25,18,0,AndhraÂ Pradesh,Southern,Govt,Clothing & Apparel,3,8742.0,,
1004814,P00222142,F,18-25,20,0,Bihar,Eastern,Chemical,Clothing & Apparel,2,8742.0,,
1003067,P00302742,M,26-35,35,1,Maharashtra,Western,IT Sector,Clothing & Apparel,3,8741.0,,
1003477,P00194442,M,51-55,55,1,Uttar Pradesh,Central,Automobile,Clothing & Apparel,1,8741.0,,
1005156,P00154442,F,18-25,20,1,Uttar Pradesh,Central,Aviation,Clothing & Apparel,3,8740.0,,
1000183,P00084342,M,46-50,47,1,Bihar,Eastern,IT Sector,Clothing & Apparel,2,8739.0,,
1004977,P00233742,M,26-35,26,1,Delhi,Central,Automobile,Clothing & Apparel,1,8739.0,,
1005888,P00139942,F,26-35,29,1,Delhi,Central,Healthcare,Clothing & Apparel,2,8739.0,,
1005509,P00121542,F,26-35,33,1,Delhi,Central,Healthcare,Footwear & Shoes,3,8739.0,,
1003618,P00214442,M,18-25,19,0,Maharashtra,Western,Healthcare,Clothing & Apparel,1,8738.0,,
1001083,P00127742,F,55+,79,0,Uttar Pradesh,Central,Healthcare,Clothing & Apparel,4,8738.0,,
1001564,P00365242,F,51-55,52,1,Uttarakhand,Central,IT Sector,Clothing & Apparel,1,8738.0,,
1003521,P00274042,F,26-35,34,0,Jharkhand,Eastern,IT Sector,Clothing & Apparel,2,8735.0,,
1002222,P00114042,M,46-50,47,1,Maharashtra,Western,Hospitality,Clothing & Apparel,3,8735.0,,
1000889,P00195442,F,46-50,48,1,Maharashtra,Western,IT Sector,Clothing & Apparel,4,8735.0,,
1003760,P00226242,F,51-55,53,1,Maharashtra,Western,Agriculture,Clothing & Apparel,2,8735.0,,
1001457,P00327342,F,26-35,35,1,Delhi,Central,Govt,Footwear & Shoes,3,8734.0,,
1001173,P00140042,M,26-35,31,0,Rajasthan,Northern,IT Sector,Clothing & Apparel,4,8733.0,,
1003434,P00192542,F,18-25,20,0,Kerala,Southern,Aviation,Clothing & Apparel,1,8732.0,,
1002643,P00250642,F,46-50,48,1,Uttar Pradesh,Central,IT Sector,Clothing & Apparel,2,8732.0,,
1005824,P00277542,F,18-25,22,0,Bihar,Eastern,Aviation,Clothing & Apparel,2,8731.0,,
1004345,P00113542,M,26-35,32,1,Delhi,Central,Chemical,Clothing & Apparel,2,8731.0,,
1004345,P00113542,M,26-35,32,1,Haryana,Northern,Chemical,Clothing & Apparel,2,8731.0,,
1005389,P00003242,F,46-50,46,0,Uttar Pradesh,Central,Lawyer,Clothing & Apparel,2,8731.0,,
1005913,P00054942,M,18-25,18,1,Maharashtra,Western,Automobile,Clothing & Apparel,2,8730.0,,
1004849,P00248542,M,18-25,18,1,Uttar Pradesh,Central,Banking,Clothing & Apparel,4,8730.0,,
1000323,P00086042,F,46-50,50,1,Bihar,Eastern,Govt,Clothing & Apparel,1,8727.0,,
1004360,P00050742,M,26-35,30,1,Karnataka,Southern,Lawyer,Clothing & Apparel,2,8727.0,,
1000424,P00352842,F,26-35,26,0,Kerala,Southern,Healthcare,Clothing & Apparel,2,8727.0,,
1004437,P00142942,M,36-45,42,1,Madhya Pradesh,Central,Textile,Clothing & Apparel,2,8727.0,,
1003401,P00326542,F,36-45,43,0,Uttar Pradesh,Central,Healthcare,Clothing & Apparel,2,8727.0,,
1003041,P00265242,F,26-35,28,1,Uttar Pradesh,Central,Media,Clothing & Apparel,1,8725.0,,
1005982,P00326942,F,36-45,44,0,Uttar Pradesh,Central,Banking,Furniture,1,8725.0,,
1004489,P00278642,F,18-25,21,0,AndhraÂ Pradesh,Southern,Healthcare,Clothing & Apparel,4,8724.0,,
1000927,P00017742,M,26-35,31,0,Delhi,Central,Chemical,Clothing & Apparel,2,8724.0,,
1001441,P00051142,F,36-45,45,0,Bihar,Eastern,Healthcare,Clothing & Apparel,2,8723.0,,
1001912,P00339442,F,26-35,34,1,Delhi,Central,Banking,Clothing & Apparel,3,8723.0,,
1001647,P00278942,F,18-25,20,0,Kerala,Southern,Healthcare,Furniture,2,8722.0,,
1004485,P00344542,F,26-35,33,0,Jharkhand,Eastern,Healthcare,Clothing & Apparel,3,8721.0,,
1003705,P00073642,F,46-50,49,1,Maharashtra,Western,Construction,Clothing & Apparel,2,8721.0,,
1002073,P00313142,M,18-25,20,0,Rajasthan,Northern,Automobile,Clothing & Apparel,2,8721.0,,
1003182,P00181642,M,26-35,32,1,Punjab,Northern,Govt,Clothing & Apparel,1,8720.0,,
1003739,P00051442,F,55+,69,0,Gujarat,Western,Healthcare,Clothing & Apparel,4,8719.0,,
1001019,P00272142,F,36-45,39,0,Jharkhand,Eastern,Retail,Clothing & Apparel,1,8717.0,,
1001172,P00121642,M,26-35,32,0,Kerala,Southern,Media,Clothing & Apparel,1,8717.0,,
1004829,P00259342,F,26-35,32,0,Kerala,Southern,IT Sector,Clothing & Apparel,1,8717.0,,
1001172,P00121642,M,26-35,32,0,Telangana,Southern,Media,Clothing & Apparel,3,8717.0,,
1001841,P00170842,F,18-25,25,1,Gujarat,Western,IT Sector,Clothing & Apparel,2,8716.0,,
1001843,P00365242,F,26-35,33,0,Maharashtra,Western,Retail,Clothing & Apparel,2,8716.0,,
1000355,P00051442,F,18-25,22,0,AndhraÂ Pradesh,Southern,Lawyer,Clothing & Apparel,2,8715.0,,
1003976,P00254142,M,26-35,33,0,Himachal Pradesh,Northern,Govt,Clothing & Apparel,4,8715.0,,
1003380,P00024042,F,51-55,55,1,Jharkhand,Eastern,Media,Clothing & Apparel,3,8714.0,,
1000865,P00232742,F,36-45,40,1,Uttar Pradesh,Central,Govt,Footwear & Shoes,2,8712.0,,
1001737,P00222042,F,36-45,42,0,Jharkhand,Eastern,Healthcare,Clothing & Apparel,4,8711.0,,
1002576,P00037042,F,18-25,24,1,Maharashtra,Western,Media,Clothing & Apparel,1,8711.0,,
1000953,P00111042,F,51-55,53,1,Maharashtra,Western,Chemical,Clothing & Apparel,3,8711.0,,
1003690,P00338442,F,18-25,19,0,Uttar Pradesh,Central,Banking,Clothing & Apparel,4,8711.0,,
1002901,P00043842,F,26-35,35,0,Uttar Pradesh,Central,Retail,Clothing & Apparel,4,8711.0,,
1001980,P00280542,F,36-45,44,1,AndhraÂ Pradesh,Southern,Govt,Clothing & Apparel,4,8710.0,,
1004867,P00255842,F,26-35,32,0,Bihar,Eastern,IT Sector,Clothing & Apparel,3,8710.0,,
1000675,P00255542,F,26-35,29,1,Madhya Pradesh,Central,Agriculture,Footwear & Shoes,3,8709.0,,
1003445,P00289742,M,36-45,43,0,Gujarat,Western,Healthcare,Clothing & Apparel,4,8708.0,,
1002918,P00322542,F,26-35,32,1,Himachal Pradesh,Northern,Govt,Clothing & Apparel,4,8708.0,,
1003724,P00089242,F,36-45,44,1,Uttar Pradesh,Central,Healthcare,Clothing & Apparel,2,8708.0,,
1002892,P00102642,F,26-35,30,1,Maharashtra,Western,Healthcare,Clothing & Apparel,3,8707.0,,
1002175,P00110742,F,26-35,33,1,Maharashtra,Western,Aviation,Clothing & Apparel,2,8707.0,,
1002942,P00101342,M,51-55,54,0,Uttar Pradesh,Central,Aviation,Clothing & Apparel,2,8707.0,,
1004579,P00087742,M,18-25,20,0,Karnataka,Southern,Govt,Clothing & Apparel,3,8706.0,,
1001181,P00111942,F,36-45,37,0,Gujarat,Western,IT Sector,Clothing & Apparel,2,8705.0,,
1001680,P00164042,M,26-35,26,0,Maharashtra,Western,Automobile,Clothing & Apparel,1,8705.0,,
1001639,P00014242,F,26-35,26,1,Telangana,Southern,Automobile,Clothing & Apparel,3,8705.0,,
1004089,P00238442,F,26-35,26,1,Delhi,Central,Aviation,Clothing & Apparel,3,8704.0,,
1003841,P00288742,F,46-50,50,1,Uttar Pradesh,Central,Agriculture,Clothing & Apparel,2,8703.0,,
1000934,P00303042,M,36-45,45,0,Jharkhand,Eastern,Aviation,Clothing & Apparel,4,8702.0,,
1005621,P00227142,M,26-35,26,1,Madhya Pradesh,Central,Lawyer,Clothing & Apparel,1,8702.0,,
1000508,P00016742,F,26-35,31,0,Maharashtra,Western,Automobile,Clothing & Apparel,4,8702.0,,
1001985,P00323942,F,46-50,46,0,Uttar Pradesh,Central,Govt,Footwear & Shoes,1,8702.0,,
1003490,P00184942,F,26-35,32,1,Uttar Pradesh,Central,Banking,Clothing & Apparel,4,8701.0,,
1003940,P00108442,F,36-45,42,0,Kerala,Southern,Chemical,Clothing & Apparel,1,8700.0,,
1001299,P00059642,F,26-35,26,1,Karnataka,Southern,Hospitality,Footwear & Shoes,4,8699.0,,
1001359,P0096142,F,36-45,39,0,Madhya Pradesh,Central,Govt,Clothing & Apparel,3,8699.0,,
1001062,P00247042,F,51-55,52,1,Maharashtra,Western,Healthcare,Clothing & Apparel,4,8699.0,,
1003889,P0097742,M,46-50,50,1,AndhraÂ Pradesh,Southern,Healthcare,Clothing & Apparel,1,8697.0,,
1003553,P00142942,F,36-45,44,1,Uttar Pradesh,Central,Food Processing,Clothing & Apparel,2,8697.0,,
1002909,P00048942,F,26-35,27,0,Haryana,Northern,Healthcare,Clothing & Apparel,1,8696.0,,
1005256,P00028842,F,26-35,33,1,Kerala,Southern,Govt,Clothing & Apparel,3,8696.0,,
1003618,P00357642,M,18-25,19,1,Uttar Pradesh,Central,Banking,Clothing & Apparel,3,8695.0,,
1001681,P00285742,F,18-25,23,1,Uttar Pradesh,Central,Aviation,Clothing & Apparel,1,8695.0,,
1005812,P00315542,M,26-35,27,1,Kerala,Southern,Lawyer,Clothing & Apparel,3,8693.0,,
1002583,P0096842,F,36-45,43,1,Himachal Pradesh,Northern,Aviation,Clothing & Apparel,3,8692.0,,
1004579,P00049542,M,18-25,18,0,Uttar Pradesh,Central,Hospitality,Clothing & Apparel,1,8692.0,,
1002102,P00061142,F,26-35,26,1,Uttar Pradesh,Central,Banking,Clothing & Apparel,4,8692.0,,
1004855,P00139942,F,26-35,30,1,Uttar Pradesh,Central,Food Processing,Clothing & Apparel,2,8692.0,,
1005771,P00273942,F,26-35,28,1,Karnataka,Southern,Banking,Footwear & Shoes,2,8691.0,,
1003261,P00036442,F,46-50,50,0,Uttar Pradesh,Central,Construction,Clothing & Apparel,1,8691.0,,
1000541,P00249542,M,18-25,22,0,Maharashtra,Western,Banking,Clothing & Apparel,2,8690.0,,
1002063,P00170742,F,26-35,27,0,Uttar Pradesh,Central,IT Sector,Clothing & Apparel,3,8690.0,,
1001500,P00134342,F,26-35,35,0,Uttarakhand,Central,Healthcare,Clothing & Apparel,4,8690.0,,
1002826,P00126442,F,36-45,38,1,Haryana,Northern,Chemical,Clothing & Apparel,2,8689.0,,
1001936,P00051142,F,36-45,43,0,Maharashtra,Western,Banking,Clothing & Apparel,3,8687.0,,
1003808,P00248542,F,26-35,28,1,Uttar Pradesh,Central,Lawyer,Clothing & Apparel,1,8687.0,,
1002860,P00192842,F,36-45,42,1,Maharashtra,Western,Healthcare,Clothing & Apparel,2,8686.0,,
1001084,P00044142,M,0-17,16,0,Karnataka,Southern,Banking,Clothing & Apparel,1,8685.0,,
1000053,P00346142,F,26-35,27,1,Kerala,Southern,Banking,Clothing & Apparel,1,8684.0,,
1000018,P00036842,M,18-25,18,1,Maharashtra,Western,Media,Clothing & Apparel,3,8684.0,,
1003746,P00213342,M,26-35,34,0,Bihar,Eastern,Retail,Clothing & Apparel,1,8683.0,,
1001685,P00115542,F,36-45,39,0,Madhya Pradesh,Central,Lawyer,Footwear & Shoes,1,8683.0,,
1002854,P00199442,M,18-25,25,0,Maharashtra,Western,Banking,Clothing & Apparel,1,8683.0,,
1005874,P00129542,F,26-35,33,1,Uttar Pradesh,Central,Retail,Clothing & Apparel,4,8683.0,,
1005269,P00361242,F,18-25,20,1,Maharashtra,Western,Aviation,Clothing & Apparel,4,8682.0,,
1001754,P00242742,F,18-25,22,0,Gujarat,Western,Chemical,Clothing & Apparel,3,8681.0,,
1003246,P00184442,M,36-45,43,1,Madhya Pradesh,Central,IT Sector,Clothing & Apparel,4,8681.0,,
1001404,P00010542,M,51-55,51,1,Madhya Pradesh,Central,IT Sector,Clothing & Apparel,3,8681.0,,
1003312,P00146742,M,18-25,24,1,Punjab,Northern,Media,Clothing & Apparel,2,8681.0,,
1004258,P00231142,M,26-35,27,1,Madhya Pradesh,Central,Banking,Clothing & Apparel,1,8680.0,,
1001274,P00339042,F,46-50,47,0,Himachal Pradesh,Northern,Banking,Clothing & Apparel,2,8679.0,,
1001019,P00310842,F,36-45,41,1,Telangana,Southern,Banking,Clothing & Apparel,1,8679.0,,
1004007,P00039242,F,36-45,39,0,Uttar Pradesh,Central,Healthcare,Clothing & Apparel,4,8679.0,,
1003253,P00173742,M,36-45,39,0,Uttarakhand,Central,Aviation,Clothing & Apparel,1,8679.0,,
1004310,P00329642,F,26-35,33,1,Delhi,Central,Healthcare,Clothing & Apparel,3,8677.0,,
1001973,P00361842,F,26-35,31,1,Uttar Pradesh,Central,Media,Footwear & Shoes,2,8677.0,,
1004323,P00223542,F,18-25,20,1,AndhraÂ Pradesh,Southern,Automobile,Clothing & Apparel,2,8676.0,,
1005178,P00250242,F,51-55,55,1,Delhi,Central,Aviation,Stationery,4,8676.0,,
1005805,P00124742,M,26-35,32,0,Maharashtra,Western,IT Sector,Clothing & Apparel,2,8676.0,,
1005068,P00302842,F,36-45,41,0,Jharkhand,Eastern,Healthcare,Clothing & Apparel,2,8675.0,,
1002752,P00205942,F,26-35,33,1,Himachal Pradesh,Northern,Retail,Clothing & Apparel,2,8674.0,,
1003311,P00040242,F,26-35,27,0,Uttar Pradesh,Central,IT Sector,Clothing & Apparel,2,8674.0,,
1005046,P00218242,F,26-35,29,0,Jharkhand,Eastern,Retail,Clothing & Apparel,3,8673.0,,
1001470,P00100642,F,18-25,23,1,Kerala,Southern,Govt,Clothing & Apparel,3,8673.0,,
1005961,P00332442,M,46-50,49,0,Kerala,Southern,Hospitality,Clothing & Apparel,2,8671.0,,
1003924,P00216342,M,51-55,52,1,Uttar Pradesh,Central,Chemical,Clothing & Apparel,2,8671.0,,
1002793,P00116842,F,36-45,39,0,Delhi,Central,Construction,Clothing & Apparel,4,8670.0,,
1002411,P00188442,M,36-45,45,0,Delhi,Central,Hospitality,Clothing & Apparel,4,8670.0,,
1005925,P00003442,M,26-35,35,0,Gujarat,Western,Aviation,Clothing & Apparel,1,8670.0,,
1002116,P00139742,F,18-25,25,0,Himachal Pradesh,Northern,Automobile,Clothing & Apparel,3,8670.0,,
1004490,P00247142,F,36-45,36,0,Maharashtra,Western,Aviation,Footwear & Shoes,3,8669.0,,
1001264,P00155442,F,26-35,29,1,Maharashtra,Western,IT Sector,Clothing & Apparel,3,8668.0,,
1003724,P00111842,F,36-45,40,1,Uttar Pradesh,Central,Textile,Clothing & Apparel,2,8668.0,,
1004948,P00093242,F,46-50,49,0,Delhi,Central,Govt,Footwear & Shoes,3,8667.0,,
1005761,P00003442,F,26-35,35,0,Haryana,Northern,Healthcare,Clothing & Apparel,1,8664.0,,
1002102,P00106742,F,26-35,26,1,Uttar Pradesh,Central,Hospitality,Clothing & Apparel,1,8664.0,,
1005035,P00255942,M,26-35,31,0,Himachal Pradesh,Northern,Automobile,Clothing & Apparel,4,8663.0,,
1001224,P0099042,F,51-55,51,0,AndhraÂ Pradesh,Southern,Food Processing,Clothing & Apparel,4,8662.0,,
1004258,P00121642,F,26-35,34,1,Delhi,Central,Aviation,Stationery,1,8662.0,,
1003594,P00233542,M,0-17,12,1,Kerala,Southern,Aviation,Clothing & Apparel,4,8662.0,,
1005806,P00299842,M,51-55,52,1,Madhya Pradesh,Central,Hospitality,Clothing & Apparel,4,8662.0,,
1000861,P00129642,F,26-35,35,0,Maharashtra,Western,Healthcare,Clothing & Apparel,1,8662.0,,
1001726,P00163242,M,26-35,32,1,Maharashtra,Western,Aviation,Furniture,1,8661.0,,
1004725,P00033742,F,36-45,41,0,Uttar Pradesh,Central,Healthcare,Clothing & Apparel,1,8661.0,,
1000949,P00217542,F,51-55,51,1,Uttar Pradesh,Central,Agriculture,Clothing & Apparel,2,8661.0,,
1000235,P00298242,F,26-35,35,1,Uttarakhand,Central,Media,Clothing & Apparel,2,8660.0,,
1002011,P0097842,M,36-45,41,0,Uttarakhand,Central,Aviation,Stationery,3,8660.0,,
1001284,P00062842,F,46-50,47,1,Delhi,Central,Automobile,Footwear & Shoes,4,8659.0,,
1001969,P00191542,M,26-35,32,0,AndhraÂ Pradesh,Southern,IT Sector,Clothing & Apparel,4,8658.0,,
1002873,P00087242,M,18-25,22,1,Karnataka,Southern,Aviation,Clothing & Apparel,2,8658.0,,
1000851,P00355142,F,18-25,21,0,Karnataka,Southern,Healthcare,Clothing & Apparel,4,8655.0,,
1001717,P00324442,M,51-55,52,0,Madhya Pradesh,Central,Textile,Clothing & Apparel,4,8655.0,,
1005526,P00241142,M,36-45,45,0,Uttarakhand,Central,Healthcare,Clothing & Apparel,4,8654.0,,
1004482,P00057942,M,36-45,38,1,Kerala,Southern,Healthcare,Clothing & Apparel,1,8652.0,,
1000644,P00368642,F,26-35,34,0,Delhi,Central,Chemical,Footwear & Shoes,2,8651.0,,
1003333,P00023242,F,18-25,24,0,Gujarat,Western,Construction,Clothing & Apparel,3,8651.0,,
1003305,P00073842,F,55+,64,1,Uttar Pradesh,Central,Hospitality,Clothing & Apparel,3,8649.0,,
1005794,P00322042,F,36-45,37,0,AndhraÂ Pradesh,Southern,Aviation,Clothing & Apparel,3,8648.0,,
1004418,P00116142,M,51-55,53,1,Uttar Pradesh,Central,IT Sector,Clothing & Apparel,3,8648.0,,
1005420,P00332842,F,0-17,12,1,Maharashtra,Western,Automobile,Clothing & Apparel,1,8647.0,,
1004906,P00255942,F,51-55,51,0,Uttarakhand,Central,Govt,Clothing & Apparel,1,8647.0,,
1003799,P00277442,F,18-25,25,0,Bihar,Eastern,IT Sector,Clothing & Apparel,2,8646.0,,
1001941,P00142942,M,36-45,26,1,Gujarat,Western,Govt,Clothing & Apparel,4,8646.0,,
1003046,P00074642,F,0-17,15,1,Punjab,Northern,Media,Clothing & Apparel,2,8646.0,,
1004386,P00075742,F,26-35,34,0,Punjab,Northern,Healthcare,Clothing & Apparel,3,8646.0,,
1005885,P00135342,F,26-35,26,0,Punjab,Northern,IT Sector,Clothing & Apparel,4,8644.0,,
1000818,P00015642,F,18-25,21,0,Uttar Pradesh,Central,Healthcare,Clothing & Apparel,2,8644.0,,
1003208,P00258842,F,26-35,31,0,Uttar Pradesh,Central,Media,Clothing & Apparel,1,8644.0,,
1000352,P00279442,F,18-25,23,0,Himachal Pradesh,Northern,IT Sector,Clothing & Apparel,1,8643.0,,
1001281,P00370642,F,26-35,26,1,Madhya Pradesh,Central,Chemical,Footwear & Shoes,1,8643.0,,
1005957,P00184242,F,18-25,18,1,Uttar Pradesh,Central,IT Sector,Clothing & Apparel,3,8643.0,,
1000008,P00010742,F,26-35,27,1,Punjab,Northern,Automobile,Clothing & Apparel,4,8642.0,,
1004088,P00073842,F,26-35,31,1,Uttar Pradesh,Central,Banking,Clothing & Apparel,4,8642.0,,
1004116,P00126142,F,36-45,44,0,Haryana,Northern,Healthcare,Clothing & Apparel,2,8641.0,,
1002909,P00192742,F,26-35,27,0,Himachal Pradesh,Northern,Media,Clothing & Apparel,2,8641.0,,
1001727,P00303142,F,36-45,43,1,Jharkhand,Eastern,Hospitality,Clothing & Apparel,2,8641.0,,
1003018,P00327642,F,36-45,43,1,Karnataka,Southern,Hospitality,Clothing & Apparel,2,8641.0,,
1002334,P00353142,M,55+,64,0,Uttar Pradesh,Central,IT Sector,Clothing & Apparel,4,8641.0,,
1001150,P00315542,M,26-35,32,0,Maharashtra,Western,Banking,Clothing & Apparel,1,8640.0,,
1002062,P00101842,F,18-25,22,1,Haryana,Northern,Agriculture,Clothing & Apparel,3,8638.0,,
1004386,P00359042,F,26-35,26,0,Uttar Pradesh,Central,Lawyer,Clothing & Apparel,4,8638.0,,
1005878,P00238542,M,26-35,30,1,Delhi,Central,Chemical,Clothing & Apparel,1,8637.0,,
1004979,P00018342,F,36-45,36,0,Delhi,Central,Lawyer,Clothing & Apparel,3,8637.0,,
1005878,P00238542,M,26-35,30,1,Gujarat,Western,Chemical,Clothing & Apparel,4,8637.0,,
1004916,P00183342,M,18-25,19,0,Himachal Pradesh,Northern,Food Processing,Clothing & Apparel,1,8637.0,,
1003067,P0093942,M,26-35,30,1,Karnataka,Southern,Aviation,Clothing & Apparel,3,8637.0,,
1002716,P00303442,M,51-55,51,1,Karnataka,Southern,Media,Clothing & Apparel,2,8637.0,,
1005024,P00265742,M,46-50,50,0,Madhya Pradesh,Central,Retail,Clothing & Apparel,2,8636.0,,
1000560,P00127642,F,46-50,50,0,Uttar Pradesh,Central,Automobile,Clothing & Apparel,4,8636.0,,
1004453,P00112642,F,36-45,40,1,Delhi,Central,Banking,Footwear & Shoes,3,8635.0,,
1003716,P00046842,F,18-25,23,1,Karnataka,Southern,Automobile,Clothing & Apparel,2,8634.0,,
1001865,P00279442,M,18-25,19,0,Bihar,Eastern,Healthcare,Clothing & Apparel,3,8633.0,,
1003059,P00117942,F,36-45,39,1,Kerala,Southern,IT Sector,Clothing & Apparel,1,8633.0,,
1000148,P00312142,F,51-55,54,0,Kerala,Southern,Agriculture,Clothing & Apparel,1,8633.0,,
1000611,P00233942,F,36-45,37,0,Rajasthan,Northern,IT Sector,Clothing & Apparel,1,8633.0,,
1004940,P00244342,M,51-55,53,0,Uttar Pradesh,Central,Healthcare,Clothing & Apparel,2,8633.0,,
1003661,P00122442,F,36-45,38,1,Delhi,Central,Banking,Footwear & Shoes,3,8632.0,,
1004447,P00281942,F,46-50,47,0,Uttarakhand,Central,Aviation,Clothing & Apparel,1,8631.0,,
1005998,P00318742,F,18-25,21,0,Himachal Pradesh,Northern,IT Sector,Clothing & Apparel,1,8630.0,,
1002428,P00118542,F,46-50,50,0,Jharkhand,Eastern,Govt,Clothing & Apparel,4,8630.0,,
1005096,P00209742,F,26-35,31,0,Uttar Pradesh,Central,Media,Clothing & Apparel,2,8630.0,,
1002887,P00294542,F,26-35,32,0,Delhi,Central,Hospitality,Footwear & Shoes,2,8628.0,,
1003280,P00179542,F,26-35,33,1,Gujarat,Western,Govt,Clothing & Apparel,2,8628.0,,
1002679,P00113542,M,18-25,22,0,Madhya Pradesh,Central,IT Sector,Clothing & Apparel,1,8628.0,,
1002847,P00059442,F,18-25,21,1,Maharashtra,Western,Construction,Clothing & Apparel,4,8627.0,,
1003399,P00031042,F,26-35,30,0,AndhraÂ Pradesh,Southern,Hospitality,Clothing & Apparel,1,8624.0,,
1005613,P00100742,M,36-45,44,0,AndhraÂ Pradesh,Southern,Healthcare,Clothing & Apparel,2,8623.0,,
1005613,P00100742,M,36-45,44,0,Jharkhand,Eastern,Healthcare,Clothing & Apparel,2,8623.0,,
1002271,P00120042,F,51-55,55,1,Kerala,Southern,Hospitality,Clothing & Apparel,4,8623.0,,
1000563,P00191142,F,26-35,29,0,Uttar Pradesh,Central,Automobile,Clothing & Apparel,4,8623.0,,
1001968,P00280642,F,26-35,35,0,Jharkhand,Eastern,Healthcare,Clothing & Apparel,1,8622.0,,
1000752,P00149142,M,26-35,31,0,Gujarat,Western,Banking,Clothing & Apparel,3,8621.0,,
1005805,P00248942,M,26-35,32,0,Haryana,Northern,Construction,Clothing & Apparel,2,8621.0,,
1002041,P00305042,M,26-35,35,1,Madhya Pradesh,Central,Healthcare,Clothing & Apparel,2,8620.0,,
1000588,P00142042,M,26-35,26,0,Uttar Pradesh,Central,Chemical,Clothing & Apparel,2,8620.0,,
1006021,P00130742,F,26-35,34,0,Maharashtra,Western,Construction,Clothing & Apparel,3,8619.0,,
1005271,P00252042,M,26-35,30,1,Delhi,Central,IT Sector,Clothing & Apparel,1,8618.0,,
1004477,P00284942,F,26-35,31,1,Maharashtra,Western,Healthcare,Clothing & Apparel,4,8617.0,,
1002504,P00015642,F,26-35,29,1,Bihar,Eastern,Media,Clothing & Apparel,4,8616.0,,
1002258,P00148442,M,18-25,21,1,Karnataka,Southern,Media,Clothing & Apparel,1,8616.0,,
1005852,P00033142,M,26-35,31,0,Kerala,Southern,Textile,Clothing & Apparel,2,8616.0,,
1005852,P00033142,M,26-35,31,0,Madhya Pradesh,Central,Textile,Clothing & Apparel,1,8616.0,,
1002771,P00159442,F,18-25,19,0,Kerala,Southern,Banking,Clothing & Apparel,1,8615.0,,
1001296,P00270242,F,0-17,15,0,Uttar Pradesh,Central,Govt,Clothing & Apparel,4,8615.0,,
1001856,P00226342,F,55+,57,1,Himachal Pradesh,Northern,Retail,Clothing & Apparel,4,8613.0,,
1003469,P00288042,F,46-50,50,1,Uttar Pradesh,Central,Media,Clothing & Apparel,4,8613.0,,
1000163,P00019042,M,18-25,25,0,Delhi,Central,Banking,Footwear & Shoes,3,8612.0,,
1003654,P00080642,F,26-35,32,0,Delhi,Central,Media,Clothing & Apparel,1,8612.0,,
1000953,P00084842,F,51-55,51,1,Haryana,Northern,Hospitality,Clothing & Apparel,3,8611.0,,
1002271,P00278242,F,51-55,55,0,Uttar Pradesh,Central,Aviation,Clothing & Apparel,2,8611.0,,
1004739,P00154642,F,26-35,29,0,Delhi,Central,IT Sector,Footwear & Shoes,3,8609.0,,
1004083,P00271442,F,55+,71,0,Uttar Pradesh,Central,Govt,Clothing & Apparel,1,8609.0,,
1003811,P00343542,F,26-35,30,1,Kerala,Southern,Retail,Clothing & Apparel,3,8608.0,,
1005951,P00313342,F,18-25,20,1,AndhraÂ Pradesh,Southern,Lawyer,Clothing & Apparel,3,8606.0,,
1001671,P00120242,F,36-45,39,1,Maharashtra,Western,Food Processing,Clothing & Apparel,1,8606.0,,
1002181,P00209742,F,26-35,30,1,Rajasthan,Northern,Food Processing,Clothing & Apparel,2,8606.0,,
1000549,P00032042,F,26-35,32,0,Jharkhand,Eastern,Healthcare,Clothing & Apparel,1,8605.0,,
1001078,P00290142,M,46-50,50,1,Karnataka,Southern,Banking,Clothing & Apparel,4,8605.0,,
1002990,P00112442,F,36-45,37,0,Rajasthan,Northern,Construction,Clothing & Apparel,2,8605.0,,
1001873,P00289242,F,36-45,37,1,Kerala,Southern,Banking,Clothing & Apparel,1,8604.0,,
1001635,P00085342,M,26-35,30,1,Madhya Pradesh,Central,Healthcare,Clothing & Apparel,2,8604.0,,
1000877,P00112942,F,26-35,26,1,Uttar Pradesh,Central,Banking,Clothing & Apparel,2,8601.0,,
1004488,P00052042,F,36-45,44,1,Madhya Pradesh,Central,Hospitality,Footwear & Shoes,2,8600.0,,
1001679,P00270042,F,26-35,32,0,Uttarakhand,Central,Hospitality,Clothing & Apparel,4,8600.0,,
1004958,P00114142,F,18-25,24,0,Uttar Pradesh,Central,Retail,Clothing & Apparel,3,8599.0,,
1000556,P00237542,M,26-35,31,1,Bihar,Eastern,Healthcare,Clothing & Apparel,3,8598.0,,
1003445,P00131742,M,36-45,41,0,Karnataka,Southern,Healthcare,Clothing & Apparel,2,8598.0,,
1003057,P00001742,M,26-35,27,0,AndhraÂ Pradesh,Southern,Govt,Clothing & Apparel,1,8597.0,,
1004250,P00016442,M,51-55,52,0,Karnataka,Southern,Aviation,Clothing & Apparel,2,8597.0,,
1005926,P00130742,M,51-55,53,1,Karnataka,Southern,Agriculture,Clothing & Apparel,3,8596.0,,
1001881,P00223242,F,36-45,41,1,Uttar Pradesh,Central,Healthcare,Clothing & Apparel,1,8596.0,,
1002909,P00247142,F,26-35,26,0,Bihar,Eastern,Healthcare,Furniture,2,8594.0,,
1005627,P00241242,F,26-35,32,1,Kerala,Southern,Hospitality,Clothing & Apparel,4,8594.0,,
1001265,P00159442,M,18-25,21,0,Uttar Pradesh,Central,IT Sector,Furniture,4,8594.0,,
1002106,P00044042,M,18-25,21,1,Uttar Pradesh,Central,Banking,Footwear & Shoes,3,8593.0,,
1004375,P00284942,M,26-35,28,1,Bihar,Eastern,IT Sector,Clothing & Apparel,1,8592.0,,
1003657,P00350342,F,18-25,22,0,Jharkhand,Eastern,IT Sector,Clothing & Apparel,2,8592.0,,
1006008,P00010742,F,18-25,25,0,AndhraÂ Pradesh,Southern,Healthcare,Clothing & Apparel,2,8591.0,,
1005954,P00101142,F,46-50,48,0,Himachal Pradesh,Northern,Aviation,Clothing & Apparel,1,8589.0,,
1000133,P00354942,M,26-35,35,1,Maharashtra,Western,Retail,Clothing & Apparel,1,8589.0,,
1003519,P00036242,M,26-35,29,0,Punjab,Northern,Aviation,Clothing & Apparel,4,8589.0,,
1003519,P00036242,M,26-35,29,0,Rajasthan,Northern,Aviation,Clothing & Apparel,1,8589.0,,
1000103,P00154042,F,46-50,46,1,Haryana,Northern,Govt,Clothing & Apparel,4,8588.0,,
1005826,P00274042,F,18-25,21,1,Karnataka,Southern,Chemical,Clothing & Apparel,2,8588.0,,
1001941,P00117942,M,36-45,26,1,Karnataka,Southern,Lawyer,Clothing & Apparel,1,8588.0,,
1002634,P00121642,F,55+,79,0,Maharashtra,Western,Automobile,Clothing & Apparel,4,8588.0,,
1001733,P00266542,F,18-25,25,1,Kerala,Southern,Healthcare,Clothing & Apparel,1,8586.0,,
1001820,P0097342,F,26-35,34,1,Haryana,Northern,Agriculture,Clothing & Apparel,3,8585.0,,
1002704,P00085942,F,55+,66,1,Maharashtra,Western,Healthcare,Clothing & Apparel,4,8585.0,,
1000531,P00275142,M,18-25,19,0,Madhya Pradesh,Central,IT Sector,Clothing & Apparel,3,8584.0,,
1004560,P00182742,F,26-35,26,1,Uttar Pradesh,Central,Banking,Clothing & Apparel,1,8584.0,,
1005473,P00110942,F,26-35,29,0,Karnataka,Southern,Textile,Clothing & Apparel,1,8581.0,,
1004021,P00264542,F,51-55,54,0,Bihar,Eastern,Construction,Clothing & Apparel,1,8580.0,,
1003529,P00124742,M,46-50,46,0,AndhraÂ Pradesh,Southern,Retail,Clothing & Apparel,1,8579.0,,
1001362,P00053842,F,36-45,37,1,Delhi,Central,Media,Stationery,4,8579.0,,
1001112,P00302642,F,18-25,23,0,Kerala,Southern,Healthcare,Clothing & Apparel,2,8579.0,,
1004685,P00303742,F,36-45,39,1,Kerala,Southern,Banking,Clothing & Apparel,3,8579.0,,
1004088,P00231242,F,26-35,26,0,Jharkhand,Eastern,Chemical,Clothing & Apparel,2,8577.0,,
1004373,P00085242,F,51-55,51,1,Maharashtra,Western,IT Sector,Clothing & Apparel,4,8577.0,,
1005153,P00313242,F,26-35,30,1,Madhya Pradesh,Central,Chemical,Clothing & Apparel,3,8576.0,,
1005832,P00114442,M,26-35,29,0,Maharashtra,Western,Healthcare,Clothing & Apparel,1,8576.0,,
1004188,P00190542,F,51-55,55,1,Uttar Pradesh,Central,Media,Clothing & Apparel,3,8576.0,,
1003067,P00025542,M,26-35,35,0,Punjab,Northern,Banking,Clothing & Apparel,3,8575.0,,
1001340,P00088742,F,26-35,29,0,Uttar Pradesh,Central,Healthcare,Clothing & Apparel,3,8575.0,,
1001422,P00183942,F,36-45,44,0,Uttar Pradesh,Central,IT Sector,Clothing & Apparel,4,8575.0,,
1005917,P00274242,M,51-55,51,0,Uttar Pradesh,Central,Banking,Clothing & Apparel,2,8575.0,,
1005996,P00289942,M,26-35,28,0,Delhi,Central,Banking,Clothing & Apparel,1,8574.0,,
1002990,P00130742,F,36-45,39,0,Rajasthan,Northern,Hospitality,Clothing & Apparel,1,8574.0,,
1000359,P00193642,F,26-35,26,1,Karnataka,Southern,Govt,Clothing & Apparel,2,8573.0,,
1000845,P00214142,M,18-25,23,1,Uttar Pradesh,Central,Aviation,Clothing & Apparel,2,8573.0,,
1003665,P00172842,F,26-35,31,1,Uttar Pradesh,Central,Healthcare,Clothing & Apparel,2,8573.0,,
1003064,P00114142,F,36-45,37,0,Uttar Pradesh,Central,Construction,Clothing & Apparel,1,8573.0,,
1004884,P00007542,F,36-45,38,0,AndhraÂ Pradesh,Southern,Banking,Clothing & Apparel,1,8572.0,,
1001687,P00145842,F,26-35,35,0,Himachal Pradesh,Northern,IT Sector,Clothing & Apparel,3,8572.0,,
1002091,P00336042,M,36-45,41,1,Himachal Pradesh,Northern,Aviation,Clothing & Apparel,3,8572.0,,
1001685,P00104942,F,36-45,43,0,Karnataka,Southern,Lawyer,Footwear & Shoes,2,8572.0,,
1000231,P00270942,F,26-35,33,1,Madhya Pradesh,Central,Aviation,Clothing & Apparel,3,8572.0,,
1001563,P00355142,M,0-17,13,0,Maharashtra,Western,Govt,Clothing & Apparel,1,8572.0,,
1003824,P00267142,F,26-35,30,0,AndhraÂ Pradesh,Southern,Chemical,Clothing & Apparel,4,8571.0,,
1004194,P00117042,F,18-25,20,0,Karnataka,Southern,Lawyer,Clothing & Apparel,4,8570.0,,
1004238,P00326642,M,36-45,38,0,Uttarakhand,Central,IT Sector,Clothing & Apparel,4,8570.0,,
1003116,P00363442,F,26-35,32,0,Uttar Pradesh,Central,Construction,Clothing & Apparel,2,8569.0,,
1004098,P00112542,F,36-45,38,0,Uttarakhand,Central,Retail,Clothing & Apparel,1,8569.0,,
1000442,P00071142,F,26-35,34,0,Kerala,Southern,IT Sector,Clothing & Apparel,2,8567.0,,
1000780,P00090342,F,26-35,30,0,Bihar,Eastern,Aviation,Clothing & Apparel,2,8566.0,,
1005077,P00093242,F,26-35,26,1,Himachal Pradesh,Northern,Govt,Clothing & Apparel,2,8566.0,,
1003684,P00002142,F,26-35,33,0,Himachal Pradesh,Northern,Automobile,Clothing & Apparel,2,8566.0,,
1004447,P00351542,F,46-50,46,0,Karnataka,Southern,Healthcare,Footwear & Shoes,3,8566.0,,
1001967,P00030642,M,51-55,51,0,Uttar Pradesh,Central,IT Sector,Footwear & Shoes,2,8557.0,,
1004810,P00155142,F,18-25,23,0,Kerala,Southern,Aviation,Tupperware,2,8551.0,,
1002389,P00197542,F,26-35,26,0,Karnataka,Southern,IT Sector,Footwear & Shoes,3,8549.0,,
1003320,P00293342,F,26-35,34,0,Delhi,Central,Textile,Footwear & Shoes,2,8544.0,,
1001223,P00350142,F,26-35,34,1,Karnataka,Southern,Hospitality,Footwear & Shoes,4,8539.0,,
1005636,P00287242,F,26-35,32,1,Karnataka,Southern,Healthcare,Footwear & Shoes,3,8535.0,,
1004186,P00116342,M,26-35,30,0,AndhraÂ Pradesh,Southern,Healthcare,Footwear & Shoes,2,8532.0,,
1004222,P00232642,M,46-50,48,0,Maharashtra,Western,Banking,Footwear & Shoes,2,8532.0,,
1005061,P00074642,M,18-25,24,1,Rajasthan,Northern,Hospitality,Furniture,4,8531.0,,
1003675,P00050142,M,36-45,45,0,Delhi,Central,Textile,Footwear & Shoes,3,8528.0,,
1003476,P00346142,F,51-55,55,1,Karnataka,Southern,Healthcare,Footwear & Shoes,1,8524.0,,
1004216,P00211142,F,26-35,33,0,Delhi,Central,Aviation,Footwear & Shoes,3,8521.0,,
1001179,P00048442,M,51-55,53,0,AndhraÂ Pradesh,Southern,Hospitality,Footwear & Shoes,4,8520.0,,
1003526,P00034442,F,36-45,40,0,Uttar Pradesh,Central,Construction,Tupperware,2,8520.0,,
1001880,P00211142,F,36-45,37,1,Bihar,Eastern,Media,Furniture,2,8518.0,,
1005788,P00185842,F,26-35,33,0,Delhi,Central,IT Sector,Footwear & Shoes,3,8516.0,,
1001242,P00151742,M,36-45,37,1,AndhraÂ Pradesh,Southern,Automobile,Furniture,4,8514.0,,
1004318,P00221442,F,26-35,29,1,Madhya Pradesh,Central,Banking,Footwear & Shoes,3,8510.0,,
1003975,P00263542,M,26-35,33,0,Haryana,Northern,Hospitality,Stationery,1,8488.0,,
1001021,P00269042,F,36-45,44,0,Delhi,Central,Banking,Footwear & Shoes,3,8484.0,,
1002131,P00080642,F,26-35,35,0,Gujarat,Western,Aviation,Tupperware,1,8478.0,,
1002986,P00044442,F,26-35,27,1,Delhi,Central,Media,Stationery,1,8477.0,,
1005287,P00201342,F,26-35,27,1,Uttarakhand,Central,Healthcare,Furniture,1,8477.0,,
1003454,P00338542,F,18-25,20,1,Gujarat,Western,Lawyer,Tupperware,3,8476.0,,
1004596,P00201442,M,18-25,25,0,Uttar Pradesh,Central,IT Sector,Footwear & Shoes,3,8468.0,,
1002943,P00193742,F,36-45,36,0,Delhi,Central,Banking,Stationery,2,8467.0,,
1003410,P00200142,F,36-45,43,1,Karnataka,Southern,Banking,Footwear & Shoes,1,8463.0,,
1004725,P00221842,F,36-45,41,1,Delhi,Central,IT Sector,Footwear & Shoes,2,8460.0,,
1005126,P00032842,F,26-35,35,0,Delhi,Central,Agriculture,Footwear & Shoes,2,8457.0,,
1001390,P00351342,F,36-45,37,0,Delhi,Central,Construction,Stationery,4,8446.0,,
1002092,P00111842,M,55+,87,0,Uttar Pradesh,Central,IT Sector,Footwear & Shoes,3,8445.0,,
1002143,P00109542,F,18-25,19,0,Himachal Pradesh,Northern,Banking,Sports Products,4,8439.0,,
1005900,P00153742,F,26-35,29,0,Maharashtra,Western,Construction,Furniture,1,8439.0,,
1005657,P00057442,F,51-55,53,0,AndhraÂ Pradesh,Southern,Aviation,Sports Products,4,8437.0,,
1004656,P00155442,F,26-35,29,0,Maharashtra,Western,Healthcare,Sports Products,4,8431.0,,
1001889,P0098342,F,18-25,25,0,Uttar Pradesh,Central,Aviation,Sports Products,2,8431.0,,
1001680,P00254942,M,26-35,26,1,Uttar Pradesh,Central,Healthcare,Sports Products,4,8431.0,,
1000551,P00357242,M,36-45,38,0,Madhya Pradesh,Central,Healthcare,Footwear & Shoes,3,8423.0,,
1001561,P00159442,M,18-25,25,0,AndhraÂ Pradesh,Southern,Govt,Furniture,4,8420.0,,
1001685,P00120542,F,36-45,43,0,Madhya Pradesh,Central,Lawyer,Footwear & Shoes,4,8420.0,,
1001335,P00177842,F,36-45,36,1,Gujarat,Western,Govt,Sports Products,3,8417.0,,
1003568,P00071442,F,26-35,30,0,Maharashtra,Western,Aviation,Sports Products,1,8417.0,,
1000563,P0096942,F,26-35,26,0,Delhi,Central,Hospitality,Footwear & Shoes,4,8416.0,,
1004844,P00059442,F,46-50,47,1,Maharashtra,Western,Chemical,Footwear & Shoes,3,8415.0,,
1001514,P00310342,F,18-25,22,1,Madhya Pradesh,Central,Banking,Sports Products,4,8411.0,,
1000710,P00194642,F,26-35,27,0,Maharashtra,Western,Banking,Sports Products,3,8411.0,,
1004084,P00330242,F,55+,68,0,Gujarat,Western,IT Sector,Sports Products,2,8410.0,,
1004887,P00165942,F,18-25,25,0,Uttar Pradesh,Central,Healthcare,Footwear & Shoes,4,8410.0,,
1003837,P00256042,F,26-35,26,0,Delhi,Central,Healthcare,Footwear & Shoes,4,8404.0,,
1001324,P00349442,F,36-45,43,1,Maharashtra,Western,Automobile,Sports Products,1,8404.0,,
1003154,P00025442,M,26-35,26,0,Rajasthan,Northern,Chemical,Footwear & Shoes,4,8397.0,,
1005627,P00150342,F,26-35,28,0,Karnataka,Southern,Govt,Sports Products,1,8396.0,,
1005395,P00194442,F,51-55,53,1,Uttar Pradesh,Central,Healthcare,Footwear & Shoes,2,8396.0,,
1001937,P00303242,F,26-35,34,1,Madhya Pradesh,Central,Aviation,Sports Products,2,8395.0,,
1001288,P00345842,M,36-45,38,1,Maharashtra,Western,Chemical,Furniture,4,8392.0,,
1005621,P00120742,F,26-35,30,0,Maharashtra,Western,Healthcare,Sports Products,3,8385.0,,
1000190,P00238442,F,26-35,28,0,Bihar,Eastern,IT Sector,Sports Products,2,8384.0,,
1002857,P00269242,F,26-35,34,0,Karnataka,Southern,Healthcare,Sports Products,3,8384.0,,
1005312,P00280642,F,26-35,31,1,Delhi,Central,Chemical,Stationery,2,8383.0,,
1004120,P00178242,F,26-35,31,0,Maharashtra,Western,Retail,Sports Products,2,8379.0,,
1004021,P00269542,F,51-55,52,1,Gujarat,Western,Lawyer,Furniture,3,8378.0,,
1005196,P00033642,M,55+,76,1,Madhya Pradesh,Central,Aviation,Footwear & Shoes,2,8378.0,,
1003917,P00242742,M,36-45,39,0,Madhya Pradesh,Central,Healthcare,Sports Products,4,8376.0,,
1003690,P00041042,F,18-25,25,0,Karnataka,Southern,Banking,Footwear & Shoes,3,8374.0,,
1000509,P00044242,F,26-35,28,0,Delhi,Central,Healthcare,Footwear & Shoes,4,8366.0,,
1002996,P00147742,F,18-25,20,1,Karnataka,Southern,Hospitality,Sports Products,1,8363.0,,
1005593,P00025442,F,51-55,53,1,Uttar Pradesh,Central,Healthcare,Tupperware,2,8362.0,,
1005369,P00102442,F,26-35,33,0,Madhya Pradesh,Central,Banking,Footwear & Shoes,3,8360.0,,
1003860,P00118142,F,46-50,49,0,Delhi,Central,Healthcare,Footwear & Shoes,1,8351.0,,
1003067,P0098242,M,26-35,33,0,Madhya Pradesh,Central,Healthcare,Furniture,3,8346.0,,
1001968,P00356042,F,26-35,30,0,Uttar Pradesh,Central,Healthcare,Sports Products,4,8346.0,,
1000216,P00313042,M,46-50,46,1,Uttarakhand,Central,Media,Furniture,3,8346.0,,
1004448,P00121142,F,26-35,29,1,Delhi,Central,Automobile,Footwear & Shoes,4,8345.0,,
1003314,P00354942,F,26-35,35,1,Karnataka,Southern,Hospitality,Sports Products,1,8345.0,,
1002565,P00321742,F,36-45,42,1,Karnataka,Southern,IT Sector,Sports Products,4,8344.0,,
1003824,P00051842,M,26-35,28,0,Gujarat,Western,Govt,Footwear & Shoes,1,8343.0,,
1003824,P00051842,M,26-35,28,0,Telangana,Southern,Govt,Footwear & Shoes,4,8343.0,,
1003681,P00334242,F,26-35,26,1,AndhraÂ Pradesh,Southern,Healthcare,Sports Products,1,8339.0,,
1001862,P00139542,F,51-55,53,0,Himachal Pradesh,Northern,Retail,Sports Products,4,8338.0,,
1004328,P00188742,F,51-55,54,1,Bihar,Eastern,Chemical,Food,4,8330.0,,
1005794,P00156742,F,36-45,39,1,Maharashtra,Western,Food Processing,Footwear & Shoes,1,8330.0,,
1003464,P00001642,M,26-35,31,0,Himachal Pradesh,Northern,Aviation,Food,1,8329.0,,
1003389,P00084442,F,18-25,19,0,Madhya Pradesh,Central,Construction,Food,1,8327.0,,
1000258,P00127442,F,26-35,28,0,Madhya Pradesh,Central,Healthcare,Food,3,8327.0,,
1002131,P00305042,F,26-35,29,0,AndhraÂ Pradesh,Southern,Govt,Food,2,8321.0,,
1003853,P00250642,F,26-35,26,0,Delhi,Central,Healthcare,Food,2,8321.0,,
1003612,P00162942,F,26-35,29,0,Maharashtra,Western,Healthcare,Sports Products,3,8319.0,,
1003311,P00358242,F,26-35,32,1,Uttar Pradesh,Central,Lawyer,Food,2,8318.0,,
1002402,P00329642,F,46-50,49,0,Kerala,Southern,Construction,Food,1,8315.0,,
1005785,P00109242,M,26-35,29,0,Himachal Pradesh,Northern,Aviation,Food,2,8314.0,,
1001624,P00182642,M,26-35,32,0,Karnataka,Southern,Banking,Footwear & Shoes,4,8314.0,,
1000391,P00233342,F,46-50,48,0,Maharashtra,Western,IT Sector,Food,1,8310.0,,
1002288,P00153742,F,0-17,13,1,Gujarat,Western,IT Sector,Food,4,8308.0,,
1002192,P00220442,M,26-35,28,0,Gujarat,Western,Healthcare,Sports Products,4,8307.0,,
1002192,P00220442,M,26-35,28,0,Haryana,Northern,Healthcare,Sports Products,3,8307.0,,
1002699,P00362642,M,55+,79,0,Haryana,Northern,Govt,Sports Products,3,8305.0,,
1002818,P00021742,F,26-35,27,1,Maharashtra,Western,Food Processing,Food,4,8305.0,,
1001395,P00054242,F,26-35,31,1,Haryana,Northern,IT Sector,Food,2,8302.0,,
1004031,P00226842,F,26-35,31,0,Delhi,Central,Aviation,Footwear & Shoes,2,8300.0,,
1004425,P00156742,F,36-45,36,1,Maharashtra,Western,Hospitality,Tupperware,3,8299.0,,
1004513,P00124642,F,55+,85,0,Maharashtra,Western,Govt,Food,1,8299.0,,
1000692,P00025442,M,26-35,27,0,Bihar,Eastern,Media,Food,2,8298.0,,
1001085,P00110942,F,26-35,29,0,Maharashtra,Western,Aviation,Food,1,8296.0,,
1002172,P00073842,F,18-25,25,0,Maharashtra,Western,IT Sector,Sports Products,1,8292.0,,
1004425,P00352142,F,36-45,44,1,Delhi,Central,Healthcare,Footwear & Shoes,1,8289.0,,
1005335,P00339342,F,26-35,29,0,Bihar,Eastern,Construction,Sports Products,1,8288.0,,
1005342,P0098342,M,36-45,42,0,Uttar Pradesh,Central,Healthcare,Sports Products,1,8286.0,,
1002245,P00364842,M,0-17,16,1,Maharashtra,Western,Aviation,Food,1,8285.0,,
1003000,P00112542,M,26-35,30,0,Gujarat,Western,IT Sector,Footwear & Shoes,3,8283.0,,
1004417,P0097242,F,26-35,35,1,Uttar Pradesh,Central,Automobile,Food,2,8281.0,,
1004334,P00209742,F,26-35,33,0,Maharashtra,Western,Retail,Food,1,8280.0,,
1000302,P00147742,F,18-25,25,1,Karnataka,Southern,IT Sector,Footwear & Shoes,4,8278.0,,
1004066,P00111142,F,26-35,29,0,Maharashtra,Western,Aviation,Food,1,8276.0,,
1003521,P00192042,F,26-35,34,0,Maharashtra,Western,Healthcare,Sports Products,2,8276.0,,
1000664,P00364842,F,36-45,37,0,Uttar Pradesh,Central,Agriculture,Food,1,8276.0,,
1001753,P00029842,F,36-45,45,1,Delhi,Central,Healthcare,Footwear & Shoes,1,8271.0,,
1003402,P00058242,F,36-45,45,0,Madhya Pradesh,Central,Textile,Sports Products,3,8271.0,,
1005077,P00116842,F,26-35,28,0,Uttar Pradesh,Central,Aviation,Sports Products,4,8271.0,,
1005020,P00125942,M,55+,61,0,Gujarat,Western,Retail,Food,1,8270.0,,
1002786,P00013942,F,26-35,26,0,Karnataka,Southern,Retail,Footwear & Shoes,2,8269.0,,
1004643,P00347642,F,26-35,33,1,Karnataka,Southern,Govt,Food,4,8268.0,,
1001040,P00344742,F,26-35,27,0,Uttar Pradesh,Central,Healthcare,Sports Products,3,8267.0,,
1005091,P00034442,F,26-35,30,0,Karnataka,Southern,Aviation,Food,1,8266.0,,
1002523,P00113142,F,26-35,30,1,Uttar Pradesh,Central,Chemical,Food,4,8263.0,,
1001109,P00125042,F,18-25,25,1,Maharashtra,Western,Media,Food,2,8261.0,,
1004973,P00282642,M,55+,86,0,Karnataka,Southern,Hospitality,Food,4,8260.0,,
1001457,P00138542,F,26-35,26,1,Uttar Pradesh,Central,Govt,Food,2,8259.0,,
1001181,P00191042,F,36-45,40,1,Haryana,Northern,Aviation,Food,1,8258.0,,
1004053,P00116142,F,26-35,28,1,Uttar Pradesh,Central,Lawyer,Sports Products,1,8258.0,,
1001939,P0095542,M,36-45,40,1,Uttar Pradesh,Central,Construction,Footwear & Shoes,3,8257.0,,
1004029,P00323542,M,55+,63,0,Kerala,Southern,Banking,Food,3,8254.0,,
1004979,P00104942,F,36-45,45,0,Karnataka,Southern,Aviation,Food,1,8253.0,,
1005698,P00100442,M,36-45,36,0,Delhi,Central,Healthcare,Sports Products,2,8248.0,,
1005792,P00134342,F,26-35,26,0,Karnataka,Southern,IT Sector,Footwear & Shoes,1,8241.0,,
1003619,P00265242,F,51-55,54,0,Maharashtra,Western,Hospitality,Sports Products,4,8241.0,,
1000544,P00201442,F,36-45,43,0,Uttar Pradesh,Central,Healthcare,Sports Products,1,8240.0,,
1004448,P00029242,F,26-35,35,1,Karnataka,Southern,Automobile,Food,3,8239.0,,
1000326,P00253242,M,51-55,51,1,Karnataka,Southern,Media,Footwear & Shoes,4,8237.0,,
1003779,P00003942,M,46-50,50,0,Himachal Pradesh,Northern,Govt,Tupperware,4,8236.0,,
1005677,P00295342,F,26-35,31,1,Karnataka,Southern,Food Processing,Sports Products,3,8235.0,,
1003618,P00263642,M,18-25,19,0,Rajasthan,Northern,Hospitality,Footwear & Shoes,1,8235.0,,
1003615,P00065442,F,26-35,32,1,Uttar Pradesh,Central,IT Sector,Food,1,8235.0,,
1000869,P00263442,F,18-25,21,0,Delhi,Central,Retail,Food,3,8234.0,,
1001490,P00274042,M,51-55,55,1,Gujarat,Western,Lawyer,Footwear & Shoes,3,8234.0,,
1002043,P00355142,F,26-35,32,0,Uttar Pradesh,Central,Banking,Sports Products,2,8234.0,,
1001916,P00323042,F,46-50,48,0,Uttar Pradesh,Central,Lawyer,Footwear & Shoes,3,8233.0,,
1001426,P00006942,F,18-25,18,0,Maharashtra,Western,IT Sector,Food,4,8230.0,,
1005283,P00127342,F,18-25,20,0,Uttar Pradesh,Central,Media,Sports Products,2,8226.0,,
1001137,P00150342,F,18-25,23,0,Uttar Pradesh,Central,Aviation,Food,3,8226.0,,
1003558,P00058442,F,18-25,18,0,Karnataka,Southern,Retail,Food,2,8225.0,,
1005553,P00344242,M,36-45,38,1,Karnataka,Southern,Govt,Footwear & Shoes,4,8225.0,,
1004049,P00127242,F,46-50,49,0,Karnataka,Southern,IT Sector,Footwear & Shoes,2,8223.0,,
1000961,P00278642,F,18-25,22,0,Maharashtra,Western,Media,Food,4,8219.0,,
1005622,P00199342,F,36-45,42,0,Madhya Pradesh,Central,Lawyer,Footwear & Shoes,1,8216.0,,
1001476,P00058142,M,18-25,19,0,Uttar Pradesh,Central,Aviation,Food,2,8216.0,,
1000009,P00184942,F,26-35,28,0,Delhi,Central,Food Processing,Footwear & Shoes,2,8214.0,,
1003813,P00086042,F,36-45,42,0,Madhya Pradesh,Central,IT Sector,Footwear & Shoes,4,8214.0,,
1005530,P00129542,M,18-25,22,1,Karnataka,Southern,Aviation,Food,3,8212.0,,
1003327,P00233542,F,18-25,21,0,Madhya Pradesh,Central,Retail,Food,1,8211.0,,
1004481,P00157142,F,26-35,28,0,Maharashtra,Western,Healthcare,Sports Products,3,8209.0,,
1005749,P00274942,F,26-35,29,0,Karnataka,Southern,Hospitality,Food,1,8208.0,,
1005605,P00329542,M,18-25,21,0,Uttar Pradesh,Central,Hospitality,Footwear & Shoes,1,8208.0,,
1003145,P00192842,F,18-25,21,1,Maharashtra,Western,Govt,Food,3,8207.0,,
1003074,P00182842,F,26-35,32,1,Maharashtra,Western,Aviation,Food,1,8207.0,,
1000278,P00122742,F,46-50,47,1,Maharashtra,Western,Hospitality,Furniture,4,8207.0,,
1003771,P00196942,F,26-35,30,0,Delhi,Central,Banking,Footwear & Shoes,1,8206.0,,
1000136,P00336942,F,18-25,21,1,Haryana,Northern,Retail,Sports Products,4,8206.0,,
1004381,P00146442,F,26-35,34,0,Karnataka,Southern,Healthcare,Sports Products,1,8203.0,,
1002566,P00221442,F,36-45,44,0,Delhi,Central,Hospitality,Food,2,8202.0,,
1001607,P00200642,F,46-50,49,0,Delhi,Central,Healthcare,Footwear & Shoes,3,8202.0,,
1001383,P00177942,M,26-35,32,0,Uttar Pradesh,Central,Banking,Furniture,1,8201.0,,
1003054,P00268442,F,18-25,20,0,Maharashtra,Western,Lawyer,Food,3,8199.0,,
1005531,P00147742,F,51-55,54,0,Telangana,Southern,Automobile,Food,3,8197.0,,
1000456,P00057642,F,36-45,45,0,Maharashtra,Western,Banking,Footwear & Shoes,1,8190.0,,
1001843,P00338542,F,26-35,32,0,Uttar Pradesh,Central,IT Sector,Food,3,8190.0,,
1004815,P00260042,M,51-55,53,1,Karnataka,Southern,Hospitality,Food,3,8189.0,,
1004334,P00124942,F,26-35,34,1,Madhya Pradesh,Central,Aviation,Food,4,8189.0,,
1000840,P00125142,M,26-35,30,0,Gujarat,Western,Hospitality,Food,1,8188.0,,
1001772,P00186142,F,55+,58,1,Karnataka,Southern,Healthcare,Sports Products,4,8187.0,,
1003118,P00173542,F,26-35,28,1,Delhi,Central,Chemical,Food,1,8185.0,,
1001958,P00295942,M,26-35,34,1,Uttarakhand,Central,Govt,Sports Products,2,8181.0,,
1001891,P00250242,F,46-50,47,0,Jharkhand,Eastern,Healthcare,Food,1,8179.0,,
1000205,P00118542,F,36-45,45,0,Karnataka,Southern,Aviation,Food,1,8178.0,,
1002764,P00304642,F,26-35,26,1,Madhya Pradesh,Central,Aviation,Food,1,8178.0,,
1001172,P00265242,M,26-35,27,0,Uttar Pradesh,Central,Healthcare,Food,1,8178.0,,
1000016,P00238542,M,36-45,45,0,Gujarat,Western,Retail,Sports Products,2,8177.0,,
1005941,P00153842,M,26-35,32,0,AndhraÂ Pradesh,Southern,Healthcare,Footwear & Shoes,4,8175.0,,
1000523,P00246142,F,51-55,55,0,Kerala,Southern,Healthcare,Furniture,4,8174.0,,
1000443,P00028542,F,26-35,30,1,Uttar Pradesh,Central,Agriculture,Food,2,8174.0,,
1005112,P00345842,F,36-45,42,1,AndhraÂ Pradesh,Southern,Banking,Food,2,8173.0,,
1001422,P00128242,F,36-45,38,0,Delhi,Central,Aviation,Footwear & Shoes,3,8173.0,,
1000780,P00044442,F,26-35,30,1,Madhya Pradesh,Central,Lawyer,Footwear & Shoes,3,8173.0,,
1003141,P00161442,F,26-35,34,1,Maharashtra,Western,Automobile,Food,3,8173.0,,
1001626,P00028842,F,18-25,24,0,Karnataka,Southern,Healthcare,Sports Products,4,8172.0,,
1003259,P00210042,M,18-25,23,1,Uttar Pradesh,Central,Banking,Furniture,2,8172.0,,
1000869,P00017242,F,18-25,22,0,Maharashtra,Western,Aviation,Sports Products,4,8170.0,,
1001120,P00150342,F,18-25,22,0,Maharashtra,Western,Healthcare,Food,3,8170.0,,
1000678,P00253142,F,26-35,30,0,Maharashtra,Western,Retail,Food,3,8170.0,,
1003264,P00362442,M,26-35,32,0,Delhi,Central,Chemical,Sports Products,1,8162.0,,
1000078,P00158742,M,46-50,46,0,Delhi,Central,Govt,Food,2,8162.0,,
1001415,P00121142,F,46-50,48,1,Karnataka,Southern,Automobile,Sports Products,2,8161.0,,
1002320,P00359742,M,51-55,52,0,Uttar Pradesh,Central,Aviation,Furniture,3,8159.0,,
1002676,P00163842,F,55+,81,0,Bihar,Eastern,Retail,Food,3,8157.0,,
1000304,P00067842,F,26-35,32,1,Maharashtra,Western,Automobile,Sports Products,3,8154.0,,
1005981,P00191642,F,36-45,41,1,Bihar,Eastern,IT Sector,Food,2,8152.0,,
1004139,P00280842,F,55+,73,1,Uttar Pradesh,Central,IT Sector,Sports Products,2,8152.0,,
1004277,P00350342,F,36-45,37,0,Delhi,Central,Aviation,Footwear & Shoes,2,8151.0,,
1004882,P00188542,F,46-50,48,0,Delhi,Central,Healthcare,Footwear & Shoes,2,8150.0,,
1004819,P00352442,F,36-45,41,1,Karnataka,Southern,Agriculture,Food,3,8150.0,,
1003953,P00191242,F,26-35,31,0,Maharashtra,Western,Automobile,Food,3,8146.0,,
1004673,P00050242,M,36-45,38,0,Uttar Pradesh,Central,Hospitality,Food,2,8146.0,,
1002736,P00232742,F,46-50,47,0,Uttar Pradesh,Central,Hospitality,Food,1,8146.0,,
1000201,P00216742,M,36-45,43,0,Uttar Pradesh,Central,Retail,Books,1,8145.0,,
1000951,P00350942,F,46-50,47,0,AndhraÂ Pradesh,Southern,Textile,Food,1,8144.0,,
1003031,P00131542,F,18-25,25,1,Jharkhand,Eastern,IT Sector,Food,2,8143.0,,
1004968,P00117942,M,51-55,52,0,Karnataka,Southern,Textile,Electronics & Gadgets,4,8143.0,,
1000355,P00233542,F,18-25,18,1,Punjab,Northern,Media,Electronics & Gadgets,1,8143.0,,
1004120,P00319042,F,26-35,30,1,Uttar Pradesh,Central,Media,Electronics & Gadgets,2,8143.0,,
1005755,P00041542,M,36-45,38,0,AndhraÂ Pradesh,Southern,Govt,Electronics & Gadgets,1,8142.0,,
1001635,P00298942,F,26-35,32,1,Delhi,Central,Hospitality,Footwear & Shoes,1,8142.0,,
1005825,P00018342,M,26-35,33,1,Gujarat,Western,Banking,Electronics & Gadgets,2,8142.0,,
1000591,P00155642,F,26-35,31,0,Haryana,Northern,Agriculture,Sports Products,4,8142.0,,
1002047,P00129342,F,0-17,15,0,AndhraÂ Pradesh,Southern,Banking,Electronics & Gadgets,3,8141.0,,
1003498,P00003442,M,26-35,28,0,Karnataka,Southern,Construction,Footwear & Shoes,3,8141.0,,
1005026,P00088342,F,26-35,27,1,Rajasthan,Northern,Aviation,Electronics & Gadgets,3,8141.0,,
1003958,P00295742,F,46-50,47,1,Uttar Pradesh,Central,Media,Food,1,8141.0,,
1003217,P00332442,M,36-45,41,0,Delhi,Central,IT Sector,Electronics & Gadgets,2,8138.0,,
1002289,P00084042,M,51-55,52,0,Delhi,Central,Banking,Electronics & Gadgets,2,8138.0,,
1003217,P00332442,M,36-45,41,0,Punjab,Northern,IT Sector,Electronics & Gadgets,4,8138.0,,
1004356,P00110742,F,36-45,40,0,Karnataka,Southern,Automobile,Food,4,8137.0,,
1001173,P00163442,M,26-35,29,0,Maharashtra,Western,IT Sector,Food,4,8137.0,,
1002742,P00030942,F,26-35,26,0,AndhraÂ Pradesh,Southern,Healthcare,Electronics & Gadgets,1,8136.0,,
1000678,P00207942,F,26-35,32,0,Madhya Pradesh,Central,Aviation,Food,1,8136.0,,
1000284,P00218642,F,26-35,28,0,Uttar Pradesh,Central,Healthcare,Sports Products,3,8136.0,,
1001099,P0098242,F,26-35,35,1,AndhraÂ Pradesh,Southern,Food Processing,Electronics & Gadgets,4,8135.0,,
1005086,P00058042,F,26-35,27,1,Madhya Pradesh,Central,Govt,Electronics & Gadgets,3,8135.0,,
1004560,P00355942,F,26-35,26,1,Rajasthan,Northern,Lawyer,Electronics & Gadgets,4,8135.0,,
1004725,P00196242,F,36-45,38,1,Uttar Pradesh,Central,Construction,Food,3,8135.0,,
1003129,P00327042,F,26-35,31,0,AndhraÂ Pradesh,Southern,Aviation,Electronics & Gadgets,3,8134.0,,
1004007,P00054942,F,36-45,44,0,Delhi,Central,Govt,Footwear & Shoes,4,8134.0,,
1005319,P00122542,F,18-25,23,1,Himachal Pradesh,Northern,Govt,Electronics & Gadgets,4,8134.0,,
1004535,P00274642,F,18-25,25,0,Jharkhand,Eastern,Banking,Electronics & Gadgets,1,8134.0,,
1001027,P00328342,F,18-25,21,0,Maharashtra,Western,Lawyer,Sports Products,2,8134.0,,
1005524,P00202542,F,0-17,17,1,Punjab,Northern,IT Sector,Electronics & Gadgets,2,8134.0,,
1000101,P00241642,M,18-25,21,1,AndhraÂ Pradesh,Southern,Media,Electronics & Gadgets,1,8133.0,,
1005862,P00251242,M,26-35,26,0,AndhraÂ Pradesh,Southern,Food Processing,Food,3,8133.0,,
1003082,P00248542,M,36-45,42,0,AndhraÂ Pradesh,Southern,Lawyer,Electronics & Gadgets,4,8133.0,,
1001902,P00075442,F,26-35,31,0,Delhi,Central,Agriculture,Electronics & Gadgets,4,8133.0,,
1003082,P00248542,M,36-45,42,0,Delhi,Central,Lawyer,Electronics & Gadgets,4,8133.0,,
1004387,P00142142,M,18-25,24,1,Karnataka,Southern,Textile,Electronics & Gadgets,2,8133.0,,
1001937,P00114442,F,26-35,33,1,Karnataka,Southern,Automobile,Footwear & Shoes,3,8133.0,,
1000570,P00143342,F,26-35,34,1,Rajasthan,Northern,IT Sector,Electronics & Gadgets,2,8133.0,,
1004682,P00210342,F,26-35,33,0,Uttar Pradesh,Central,Healthcare,Food,3,8132.0,,
1002245,P00334242,M,0-17,16,0,AndhraÂ Pradesh,Southern,IT Sector,Electronics & Gadgets,3,8131.0,,
1001184,P00183342,M,26-35,30,1,Haryana,Northern,Media,Electronics & Gadgets,2,8131.0,,
1003018,P00020442,F,36-45,38,0,Uttar Pradesh,Central,Agriculture,Electronics & Gadgets,2,8131.0,,
1000746,P00162842,M,18-25,21,1,Uttar Pradesh,Central,IT Sector,Electronics & Gadgets,2,8130.0,,
1004121,P00129342,F,46-50,50,0,AndhraÂ Pradesh,Southern,IT Sector,Electronics & Gadgets,3,8129.0,,
1005357,P00057642,M,18-25,22,0,Gujarat,Western,Textile,Electronics & Gadgets,4,8129.0,,
1001665,P00323942,F,46-50,48,1,Gujarat,Western,Banking,Electronics & Gadgets,4,8129.0,,
1003263,P00334742,F,51-55,51,1,Himachal Pradesh,Northern,Automobile,Electronics & Gadgets,1,8129.0,,
1000975,P00209742,F,36-45,43,0,Madhya Pradesh,Central,Govt,Food,4,8129.0,,
1004112,P00100842,F,46-50,47,0,Uttar Pradesh,Central,Banking,Sports Products,3,8129.0,,
1004153,P00070042,F,51-55,51,0,Uttar Pradesh,Central,Hospitality,Electronics & Gadgets,2,8129.0,,
1003611,P00145442,F,26-35,29,0,AndhraÂ Pradesh,Southern,Construction,Electronics & Gadgets,1,8128.0,,
1002726,P00101742,F,46-50,47,1,Bihar,Eastern,Media,Electronics & Gadgets,3,8128.0,,
1004764,P00321742,M,0-17,17,1,Himachal Pradesh,Northern,IT Sector,Electronics & Gadgets,4,8128.0,,
1000543,P00118742,F,26-35,35,0,Karnataka,Southern,Healthcare,Sports Products,4,8128.0,,
1003573,P00112542,M,0-17,13,0,Maharashtra,Western,Healthcare,Electronics & Gadgets,4,8128.0,,
1003745,P00236342,M,26-35,31,0,Maharashtra,Western,Govt,Electronics & Gadgets,2,8128.0,,
1000481,P00227942,F,46-50,46,1,Rajasthan,Northern,Food Processing,Electronics & Gadgets,4,8128.0,,
1003993,P00136542,F,26-35,35,0,Uttar Pradesh,Central,Media,Food,1,8128.0,,
1004101,P00329342,F,18-25,23,1,Himachal Pradesh,Northern,Chemical,Electronics & Gadgets,2,8127.0,,
1000349,P00074442,M,0-17,13,0,Rajasthan,Northern,Healthcare,Food,1,8127.0,,
1004101,P00329342,F,18-25,23,1,Uttar Pradesh,Central,Chemical,Electronics & Gadgets,2,8127.0,,
1005824,P00206442,F,18-25,19,1,Maharashtra,Western,Banking,Electronics & Gadgets,1,8126.0,,
1004183,P00183342,M,26-35,32,0,Maharashtra,Western,Aviation,Electronics & Gadgets,4,8126.0,,
1006036,P00277542,M,26-35,27,0,Rajasthan,Northern,Textile,Electronics & Gadgets,2,8126.0,,
1000664,P00370242,F,36-45,42,0,Rajasthan,Northern,Media,Electronics & Gadgets,1,8126.0,,
1005720,P00127942,F,26-35,30,0,Himachal Pradesh,Northern,Aviation,Electronics & Gadgets,4,8125.0,,
1005720,P00247042,F,26-35,34,1,Jharkhand,Eastern,Healthcare,Electronics & Gadgets,3,8125.0,,
1004238,P00194142,F,36-45,45,1,Maharashtra,Western,Food Processing,Food,2,8125.0,,
1004489,P00187442,F,18-25,21,0,Uttar Pradesh,Central,Agriculture,Furniture,3,8125.0,,
1001976,P00194542,F,36-45,39,0,Uttar Pradesh,Central,Govt,Sports Products,1,8125.0,,
1001524,P00361442,F,18-25,22,0,Uttarakhand,Central,Healthcare,Electronics & Gadgets,4,8125.0,,
1005087,P00113642,M,26-35,28,0,Himachal Pradesh,Northern,IT Sector,Electronics & Gadgets,4,8124.0,,
1000855,P00003142,M,18-25,23,0,Himachal Pradesh,Northern,Banking,Electronics & Gadgets,4,8123.0,,
1002878,P00357442,M,51-55,55,1,Madhya Pradesh,Central,Govt,Furniture,3,8123.0,,
1000329,P00221342,F,36-45,36,0,Uttar Pradesh,Central,Healthcare,Food,2,8123.0,,
1004734,P00344042,F,51-55,55,0,Uttar Pradesh,Central,Media,Food,1,8123.0,,
1000736,P00037142,F,18-25,23,1,Jharkhand,Eastern,Chemical,Electronics & Gadgets,3,8122.0,,
1005142,P00222242,F,26-35,29,1,Uttar Pradesh,Central,Aviation,Electronics & Gadgets,3,8121.0,,
1005107,P00003942,M,46-50,49,1,Uttar Pradesh,Central,Aviation,Sports Products,3,8120.0,,
1004328,P00119342,F,51-55,53,1,Himachal Pradesh,Northern,Banking,Electronics & Gadgets,1,8119.0,,
1001926,P00116142,M,0-17,12,0,Madhya Pradesh,Central,Aviation,Food,1,8119.0,,
1001088,P00023242,M,0-17,15,0,Maharashtra,Western,Construction,Electronics & Gadgets,3,8119.0,,
1004260,P00343542,F,26-35,26,0,Maharashtra,Western,Healthcare,Food,3,8119.0,,
1002102,P00343042,M,26-35,35,1,Maharashtra,Western,Hospitality,Electronics & Gadgets,3,8119.0,,
1002817,P00080342,M,36-45,39,0,Jharkhand,Eastern,Media,Electronics & Gadgets,2,8118.0,,
1002817,P00080342,M,36-45,39,0,Jharkhand,Eastern,Media,Electronics & Gadgets,4,8118.0,,
1005636,P00014542,F,26-35,34,1,Karnataka,Southern,Retail,Footwear & Shoes,3,8118.0,,
1000877,P00352842,F,26-35,33,1,Uttar Pradesh,Central,IT Sector,Electronics & Gadgets,4,8118.0,,
1000940,P00184942,F,0-17,14,1,Uttarakhand,Central,Aviation,Electronics & Gadgets,3,8118.0,,
1003513,P00005042,F,26-35,28,0,Bihar,Eastern,Food Processing,Electronics & Gadgets,2,8117.0,,
1004786,P00221442,F,46-50,47,0,Punjab,Northern,Construction,Electronics & Gadgets,2,8117.0,,
1000134,P00320742,F,26-35,26,0,Uttar Pradesh,Central,Aviation,Electronics & Gadgets,3,8117.0,,
1001696,P00121342,F,36-45,39,1,Uttar Pradesh,Central,Chemical,Electronics & Gadgets,4,8117.0,,
1002603,P00237542,F,26-35,30,0,Uttarakhand,Central,Media,Electronics & Gadgets,2,8117.0,,
1000746,P00147942,M,18-25,19,1,AndhraÂ Pradesh,Southern,Aviation,Food,3,8116.0,,
1001468,P00016042,M,0-17,16,0,Punjab,Northern,Healthcare,Electronics & Gadgets,2,8116.0,,
1001468,P00016042,M,0-17,16,0,Telangana,Southern,Healthcare,Electronics & Gadgets,4,8116.0,,
1003526,P00126642,F,36-45,38,1,Himachal Pradesh,Northern,Govt,Electronics & Gadgets,4,8115.0,,
1004004,P00169742,F,51-55,54,0,Madhya Pradesh,Central,Hospitality,Electronics & Gadgets,2,8114.0,,
1004387,P00117442,M,18-25,24,0,Maharashtra,Western,Automobile,Sports Products,2,8114.0,,
1004004,P00169742,F,51-55,54,0,Rajasthan,Northern,Hospitality,Electronics & Gadgets,1,8114.0,,
1004811,P00084442,F,36-45,36,0,Delhi,Central,Hospitality,Footwear & Shoes,4,8113.0,,
1002638,P00246342,F,26-35,30,1,Gujarat,Western,Construction,Sports Products,3,8113.0,,
1005263,P00346242,F,36-45,37,0,Haryana,Northern,Chemical,Electronics & Gadgets,1,8113.0,,
1000438,P00294242,F,18-25,22,1,Gujarat,Western,Construction,Sports Products,4,8112.0,,
1001884,P00200442,F,46-50,50,1,AndhraÂ Pradesh,Southern,Media,Electronics & Gadgets,4,8111.0,,
1005630,P00278942,F,36-45,37,0,Kerala,Southern,Lawyer,Electronics & Gadgets,2,8111.0,,
1000445,P00233242,F,46-50,49,0,Madhya Pradesh,Central,Aviation,Electronics & Gadgets,4,8111.0,,
1004331,P00284942,F,36-45,45,0,Bihar,Eastern,Healthcare,Electronics & Gadgets,4,8110.0,,
1000744,P00169742,F,26-35,27,1,Gujarat,Western,Aviation,Food,1,8110.0,,
1000266,P00110542,F,36-45,40,1,Karnataka,Southern,Govt,Food,1,8110.0,,
1003410,P00305042,F,36-45,39,0,Madhya Pradesh,Central,Food Processing,Electronics & Gadgets,3,8110.0,,
1001132,P00195742,F,18-25,23,1,AndhraÂ Pradesh,Southern,Healthcare,Electronics & Gadgets,3,8109.0,,
1004446,P00046042,F,18-25,21,1,Bihar,Eastern,Chemical,Electronics & Gadgets,1,8109.0,,
1001362,P00260842,F,36-45,39,1,Delhi,Central,Chemical,Electronics & Gadgets,3,8109.0,,
1000212,P00062842,M,26-35,31,1,Himachal Pradesh,Northern,Banking,Books,3,8109.0,,
1003475,P00115942,M,26-35,32,1,Karnataka,Southern,IT Sector,Footwear & Shoes,3,8109.0,,
1001941,P00061142,M,36-45,26,1,Maharashtra,Western,Media,Electronics & Gadgets,3,8109.0,,
1001273,P00241742,F,36-45,42,0,Maharashtra,Western,Healthcare,Food,2,8109.0,,
1003340,P00110742,F,46-50,46,1,AndhraÂ Pradesh,Southern,Banking,Electronics & Gadgets,3,8108.0,,
1003340,P00110742,F,46-50,46,1,Bihar,Eastern,Banking,Electronics & Gadgets,4,8108.0,,
1001968,P00035842,F,26-35,33,0,Uttar Pradesh,Central,Retail,Sports Products,4,8108.0,,
1002744,P00191642,F,18-25,18,0,Haryana,Northern,IT Sector,Food,1,8107.0,,
1003557,P00329542,F,18-25,19,0,Jharkhand,Eastern,Healthcare,Electronics & Gadgets,2,8107.0,,
1002380,P00180042,F,26-35,28,0,Maharashtra,Western,Aviation,Electronics & Gadgets,2,8107.0,,
1003557,P00329542,F,18-25,19,0,Telangana,Southern,Healthcare,Electronics & Gadgets,3,8107.0,,
1002887,P00280842,M,26-35,33,1,Uttar Pradesh,Central,Aviation,Books,3,8107.0,,
1002203,P00313442,F,46-50,48,1,Uttar Pradesh,Central,Hospitality,Electronics & Gadgets,4,8107.0,,
1005433,P00181542,M,36-45,42,0,Delhi,Central,Chemical,Electronics & Gadgets,4,8106.0,,
1002457,P00181242,F,26-35,32,1,Haryana,Northern,Aviation,Electronics & Gadgets,4,8106.0,,
1004879,P00073842,F,26-35,31,0,Jharkhand,Eastern,Banking,Electronics & Gadgets,4,8106.0,,
1002640,P00186142,F,36-45,36,1,Madhya Pradesh,Central,IT Sector,Footwear & Shoes,2,8106.0,,
1001613,P00050042,M,18-25,24,1,AndhraÂ Pradesh,Southern,Aviation,Electronics & Gadgets,1,8105.0,,
1001613,P00050042,M,18-25,24,1,Delhi,Central,Aviation,Electronics & Gadgets,1,8105.0,,
1004224,P00255542,M,46-50,47,0,Delhi,Central,IT Sector,Electronics & Gadgets,3,8105.0,,
1005502,P00346642,F,26-35,26,0,Himachal Pradesh,Northern,Lawyer,Electronics & Gadgets,2,8105.0,,
1005041,P00336942,M,46-50,46,0,Karnataka,Southern,Banking,Electronics & Gadgets,3,8104.0,,
1003757,P00110942,F,26-35,34,1,Maharashtra,Western,Automobile,Electronics & Gadgets,1,8104.0,,
1004007,P00035542,F,36-45,44,0,AndhraÂ Pradesh,Southern,Construction,Electronics & Gadgets,2,8103.0,,
1001413,P00003242,F,18-25,25,0,Himachal Pradesh,Northern,Banking,Electronics & Gadgets,3,8103.0,,
1001929,P00237642,M,0-17,15,0,Madhya Pradesh,Central,Aviation,Electronics & Gadgets,2,8103.0,,
1002857,P00076342,F,26-35,31,0,Uttar Pradesh,Central,Aviation,Electronics & Gadgets,1,8103.0,,
1003717,P00195942,F,36-45,41,0,Uttar Pradesh,Central,Lawyer,Electronics & Gadgets,1,8103.0,,
1002146,P00120042,F,18-25,21,1,AndhraÂ Pradesh,Southern,Food Processing,Electronics & Gadgets,2,8102.0,,
1000125,P00288942,F,46-50,48,1,Madhya Pradesh,Central,Hospitality,Footwear & Shoes,1,8102.0,,
1000482,P00313742,F,26-35,28,0,Maharashtra,Western,Hospitality,Food,3,8102.0,,
1005954,P00195642,F,46-50,50,0,Punjab,Northern,Govt,Electronics & Gadgets,2,8102.0,,
1001891,P00183042,F,46-50,50,0,Uttar Pradesh,Central,Agriculture,Decor,2,8102.0,,
1001891,P00183042,F,46-50,50,0,Uttar Pradesh,Central,Agriculture,Electronics & Gadgets,4,8102.0,,
1003878,P00120342,F,36-45,39,0,Karnataka,Southern,Hospitality,Footwear & Shoes,1,8101.0,,
1000188,P00249842,F,55+,87,0,AndhraÂ Pradesh,Southern,Media,Electronics & Gadgets,1,8100.0,,
1001294,P0099342,M,51-55,51,0,Gujarat,Western,Govt,Food,1,8100.0,,
1004489,P00243942,F,18-25,20,1,Karnataka,Southern,Hospitality,Sports Products,2,8100.0,,
1000530,P00346342,M,26-35,33,0,Maharashtra,Western,Aviation,Footwear & Shoes,3,8100.0,,
1000530,P00346342,M,26-35,33,0,Maharashtra,Western,Aviation,Footwear & Shoes,4,8100.0,,
1005412,P00002542,F,26-35,35,0,Maharashtra,Western,Automobile,Electronics & Gadgets,1,8100.0,,
1005376,P00220942,F,26-35,30,0,Maharashtra,Western,Healthcare,Decor,2,8099.0,,
1000230,P00300942,F,46-50,50,0,Himachal Pradesh,Northern,Automobile,Electronics & Gadgets,4,8098.0,,
1003301,P00180342,M,26-35,29,0,Uttar Pradesh,Central,Govt,Electronics & Gadgets,4,8098.0,,
1004508,P00160542,F,26-35,28,1,AndhraÂ Pradesh,Southern,IT Sector,Electronics & Gadgets,1,8097.0,,
1003311,P00251342,F,26-35,28,1,AndhraÂ Pradesh,Southern,Agriculture,Sports Products,2,8097.0,,
1005516,P00282442,M,51-55,54,1,Bihar,Eastern,Food Processing,Electronics & Gadgets,2,8096.0,,
1005738,P00000642,F,26-35,35,1,Gujarat,Western,Food Processing,Electronics & Gadgets,3,8096.0,,
1005222,P00354242,F,26-35,32,1,Maharashtra,Western,Banking,Decor,1,8096.0,,
1004373,P00003442,F,51-55,53,0,Uttar Pradesh,Central,Aviation,Sports Products,4,8096.0,,
1005350,P00185342,F,18-25,23,1,Bihar,Eastern,Hospitality,Electronics & Gadgets,2,8095.0,,
1001647,P00210042,F,18-25,25,0,Himachal Pradesh,Northern,Banking,Electronics & Gadgets,3,8095.0,,
1003685,P00343042,F,26-35,32,0,Jharkhand,Eastern,Banking,Electronics & Gadgets,1,8095.0,,
1002015,P00077942,F,18-25,22,0,Rajasthan,Northern,Lawyer,Electronics & Gadgets,4,8095.0,,
1003538,P00213742,M,36-45,44,0,Delhi,Central,Healthcare,Electronics & Gadgets,3,8094.0,,
1003538,P00213742,M,36-45,44,0,Madhya Pradesh,Central,Healthcare,Electronics & Gadgets,1,8094.0,,
1002874,P00339042,M,36-45,43,0,Rajasthan,Northern,IT Sector,Electronics & Gadgets,3,8094.0,,
1004089,P00218242,F,26-35,34,1,AndhraÂ Pradesh,Southern,Banking,Electronics & Gadgets,2,8093.0,,
1005336,P0097242,F,55+,69,1,Himachal Pradesh,Northern,Hospitality,Electronics & Gadgets,4,8093.0,,
1004815,P00345842,M,51-55,54,0,Madhya Pradesh,Central,IT Sector,Electronics & Gadgets,1,8093.0,,
1003013,P00100642,F,46-50,50,0,Delhi,Central,Healthcare,Food,4,8092.0,,
1004489,P00138542,F,18-25,19,1,Gujarat,Western,Banking,Electronics & Gadgets,1,8092.0,,
1004732,P00079742,F,26-35,35,0,Uttar Pradesh,Central,IT Sector,Food,1,8092.0,,
1002854,P00343542,M,18-25,25,0,Karnataka,Southern,Banking,Food,2,8091.0,,
1000010,P00343042,M,36-45,43,1,Maharashtra,Western,Aviation,Furniture,3,8091.0,,
1002541,P00326542,M,36-45,43,0,Madhya Pradesh,Central,Banking,Electronics & Gadgets,2,8090.0,,
1002541,P00326542,M,36-45,43,0,Telangana,Southern,Banking,Electronics & Gadgets,2,8090.0,,
1003108,P00034042,F,51-55,51,1,AndhraÂ Pradesh,Southern,IT Sector,Electronics & Gadgets,1,8089.0,,
1003108,P00034042,F,51-55,51,1,Delhi,Central,IT Sector,Electronics & Gadgets,2,8089.0,,
1000195,P00182542,F,26-35,29,0,Rajasthan,Northern,Govt,Electronics & Gadgets,1,8089.0,,
1005934,P00025442,F,26-35,34,0,AndhraÂ Pradesh,Southern,Healthcare,Sports Products,4,8088.0,,
1003208,P00171642,F,26-35,31,0,Bihar,Eastern,Agriculture,Electronics & Gadgets,4,8088.0,,
1003208,P00171642,F,26-35,31,0,Bihar,Eastern,Agriculture,Electronics & Gadgets,4,8088.0,,
1005550,P00224142,F,36-45,42,0,Punjab,Northern,IT Sector,Electronics & Gadgets,2,8088.0,,
1002800,P00321942,M,18-25,23,1,Uttar Pradesh,Central,Govt,Electronics & Gadgets,1,8088.0,,
1002701,P00036742,F,46-50,48,1,Uttarakhand,Central,IT Sector,Furniture,2,8088.0,,
1003539,P00022742,M,26-35,27,1,Maharashtra,Western,IT Sector,Electronics & Gadgets,3,8087.0,,
1001487,P00027542,F,36-45,43,1,Rajasthan,Northern,Hospitality,Electronics & Gadgets,4,8087.0,,
1004048,P00036842,M,36-45,39,0,Uttarakhand,Central,Chemical,Food,4,8087.0,,
1001836,P00069042,F,26-35,35,1,Delhi,Central,Banking,Footwear & Shoes,2,8086.0,,
1004345,P00344242,M,26-35,26,1,Karnataka,Southern,IT Sector,Footwear & Shoes,3,8086.0,,
1001650,P00059442,F,26-35,35,0,Uttar Pradesh,Central,Healthcare,Decor,1,8086.0,,
1003945,P00195442,M,46-50,48,0,Delhi,Central,Healthcare,Electronics & Gadgets,3,8085.0,,
1003945,P00195442,M,46-50,48,0,Rajasthan,Northern,Healthcare,Electronics & Gadgets,1,8085.0,,
1002489,P00109242,M,36-45,44,1,Gujarat,Western,Media,Electronics & Gadgets,2,8084.0,,
1002907,P00315842,M,36-45,44,0,Maharashtra,Western,Automobile,Food,1,8084.0,,
1000255,P00225942,F,36-45,36,1,Delhi,Central,Govt,Electronics & Gadgets,4,8083.0,,
1005520,P00184442,F,46-50,50,0,Himachal Pradesh,Northern,Hospitality,Electronics & Gadgets,4,8083.0,,
1001545,P00246142,F,26-35,29,1,Kerala,Southern,Govt,Electronics & Gadgets,3,8083.0,,
1005520,P00184442,F,46-50,50,0,Telangana,Southern,Hospitality,Electronics & Gadgets,1,8083.0,,
1005627,P00103342,M,26-35,33,1,Karnataka,Southern,Aviation,Electronics & Gadgets,4,8082.0,,
1004510,P00240442,F,46-50,49,1,Punjab,Northern,Hospitality,Electronics & Gadgets,2,8082.0,,
1000970,P00213942,F,26-35,33,0,Rajasthan,Northern,Food Processing,Electronics & Gadgets,4,8082.0,,
1000654,P00120242,F,51-55,51,0,Uttarakhand,Central,Retail,Electronics & Gadgets,1,8082.0,,
1004732,P00255742,F,26-35,34,0,Kerala,Southern,Retail,Electronics & Gadgets,3,8081.0,,
1004732,P00255742,F,26-35,34,0,Maharashtra,Western,Retail,Decor,3,8081.0,,
1000277,P00110842,M,36-45,42,1,Maharashtra,Western,Banking,Electronics & Gadgets,4,8081.0,,
1001963,P00155742,M,51-55,52,1,AndhraÂ Pradesh,Southern,IT Sector,Electronics & Gadgets,3,8080.0,,
1000111,P00150342,M,36-45,42,1,Delhi,Central,Lawyer,Electronics & Gadgets,2,8080.0,,
1003328,P00129942,F,55+,78,1,Bihar,Eastern,Banking,Electronics & Gadgets,1,8079.0,,
1005915,P00129842,F,18-25,23,0,Himachal Pradesh,Northern,Construction,Electronics & Gadgets,4,8079.0,,
1005470,P00084842,F,55+,74,0,Maharashtra,Western,Healthcare,Electronics & Gadgets,1,8079.0,,
1005156,P00118642,F,18-25,18,0,Uttar Pradesh,Central,Retail,Electronics & Gadgets,3,8079.0,,
1001109,P00251342,F,18-25,20,0,Bihar,Eastern,Banking,Electronics & Gadgets,3,8078.0,,
1001109,P00251342,F,18-25,20,0,Madhya Pradesh,Central,Banking,Electronics & Gadgets,4,8078.0,,
1001155,P00241542,F,26-35,34,1,Madhya Pradesh,Central,Food Processing,Electronics & Gadgets,1,8078.0,,
1003821,P00024742,F,26-35,30,0,Punjab,Northern,Healthcare,Electronics & Gadgets,4,8078.0,,
1001244,P00274142,F,26-35,34,1,Kerala,Southern,Aviation,Electronics & Gadgets,4,8077.0,,
1003087,P00252542,M,0-17,16,1,Delhi,Central,Hospitality,Food,1,8076.0,,
1004085,P00173942,M,26-35,27,0,Delhi,Central,Govt,Electronics & Gadgets,2,8076.0,,
1000216,P00283542,F,46-50,48,1,Telangana,Southern,IT Sector,Food,1,8076.0,,
1001626,P00180342,F,18-25,21,1,Kerala,Southern,Chemical,Electronics & Gadgets,1,8074.0,,
1000161,P00247642,F,46-50,47,1,Punjab,Northern,Construction,Electronics & Gadgets,1,8074.0,,
1001880,P00078142,F,36-45,44,0,AndhraÂ Pradesh,Southern,Banking,Electronics & Gadgets,1,8073.0,,
1001057,P00065342,F,46-50,50,0,Delhi,Central,IT Sector,Footwear & Shoes,3,8073.0,,
1004007,P00338442,F,36-45,45,0,Gujarat,Western,Govt,Sports Products,1,8073.0,,
1000262,P00335442,M,26-35,33,1,Maharashtra,Western,Agriculture,Electronics & Gadgets,3,8073.0,,
1000102,P00117942,F,36-45,38,0,Maharashtra,Western,Media,Electronics & Gadgets,4,8073.0,,
1006036,P00115242,M,26-35,30,0,Haryana,Northern,Banking,Electronics & Gadgets,4,8072.0,,
1003457,P00268442,F,26-35,33,1,Uttar Pradesh,Central,Aviation,Electronics & Gadgets,4,8072.0,,
1001507,P00035542,F,36-45,43,0,AndhraÂ Pradesh,Southern,Aviation,Electronics & Gadgets,4,8071.0,,
1000624,P00008142,F,26-35,35,0,Maharashtra,Western,Chemical,Furniture,2,8071.0,,
1002724,P00134142,M,46-50,47,0,Uttar Pradesh,Central,Hospitality,Electronics & Gadgets,3,8071.0,,
1003380,P00156742,F,51-55,54,0,Uttar Pradesh,Central,IT Sector,Electronics & Gadgets,3,8071.0,,
1003301,P00049642,M,26-35,28,0,Delhi,Central,Banking,Electronics & Gadgets,2,8070.0,,
1000952,P00033642,F,55+,87,1,Maharashtra,Western,Food Processing,Electronics & Gadgets,3,8069.0,,
1005682,P00159842,F,18-25,19,1,Haryana,Northern,Food Processing,Food,3,8068.0,,
1005135,P00085242,F,36-45,45,0,Karnataka,Southern,IT Sector,Footwear & Shoes,3,8068.0,,
1005150,P00140042,F,26-35,33,0,Punjab,Northern,Automobile,Electronics & Gadgets,3,8068.0,,
1002651,P00318742,F,55+,87,1,Uttar Pradesh,Central,Aviation,Electronics & Gadgets,4,8068.0,,
1005728,P00287242,M,36-45,45,1,AndhraÂ Pradesh,Southern,Chemical,Footwear & Shoes,3,8067.0,,
1000859,P00146142,F,26-35,26,0,Jharkhand,Eastern,Aviation,Electronics & Gadgets,3,8067.0,,
1005580,P00114442,F,46-50,46,1,Uttar Pradesh,Central,IT Sector,Electronics & Gadgets,4,8067.0,,
1002457,P00089142,F,26-35,27,0,AndhraÂ Pradesh,Southern,Automobile,Electronics & Gadgets,1,8066.0,,
1002106,P00128242,M,18-25,25,0,Delhi,Central,IT Sector,Electronics & Gadgets,1,8066.0,,
1000556,P00087042,M,26-35,33,0,Maharashtra,Western,Retail,Furniture,4,8066.0,,
1002484,P00182242,F,46-50,46,1,Maharashtra,Western,Automobile,Electronics & Gadgets,1,8066.0,,
1001010,P00327842,F,26-35,30,1,Himachal Pradesh,Northern,Banking,Electronics & Gadgets,2,8065.0,,
1002913,P00201442,M,36-45,38,1,Uttar Pradesh,Central,Healthcare,Decor,4,8065.0,,
1002419,P00343042,F,26-35,27,0,Bihar,Eastern,Retail,Electronics & Gadgets,1,8064.0,,
1001266,P00162642,F,26-35,33,0,Haryana,Northern,IT Sector,Electronics & Gadgets,1,8064.0,,
1000646,P00112142,M,36-45,44,0,Bihar,Eastern,Banking,Electronics & Gadgets,1,8063.0,,
1003771,P00179742,F,26-35,26,1,Jharkhand,Eastern,Banking,Electronics & Gadgets,2,8063.0,,
1004082,P00251242,F,26-35,30,0,Karnataka,Southern,Aviation,Food,4,8063.0,,
1000646,P00112142,M,36-45,44,0,Telangana,Southern,Banking,Electronics & Gadgets,1,8063.0,,
1002825,P00012442,M,26-35,29,0,Uttar Pradesh,Central,Healthcare,Food,4,8063.0,,
1003746,P00046742,F,26-35,32,0,Gujarat,Western,Hospitality,Electronics & Gadgets,3,8062.0,,
1003851,P00317842,F,26-35,27,0,Jharkhand,Eastern,Aviation,Electronics & Gadgets,2,8061.0,,
1005163,P00336342,F,46-50,47,1,Jharkhand,Eastern,Chemical,Electronics & Gadgets,2,8061.0,,
1006036,P00218542,M,26-35,32,0,Maharashtra,Western,IT Sector,Electronics & Gadgets,3,8061.0,,
1000349,P00148642,F,0-17,12,1,Uttar Pradesh,Central,Banking,Electronics & Gadgets,3,8060.0,,
1001482,P00214442,F,26-35,31,1,Uttarakhand,Central,IT Sector,Electronics & Gadgets,3,8060.0,,
1004253,P00202142,F,46-50,47,1,AndhraÂ Pradesh,Southern,Construction,Electronics & Gadgets,3,8059.0,,
1004505,P00117542,F,51-55,51,0,Rajasthan,Northern,IT Sector,Electronics & Gadgets,3,8059.0,,
1000123,P00085342,F,36-45,43,1,Uttar Pradesh,Central,Banking,Food,1,8059.0,,
1000376,P00010742,F,36-45,43,0,Jharkhand,Eastern,Aviation,Food,4,8058.0,,
1000602,P00159542,M,55+,89,0,Delhi,Central,Retail,Sports Products,3,8057.0,,
1004591,P00289342,F,26-35,31,0,Maharashtra,Western,Construction,Food,2,8055.0,,
1003010,P00037042,F,26-35,35,0,Maharashtra,Western,Aviation,Food,4,8055.0,,
1005447,P00188742,F,46-50,48,1,Maharashtra,Western,Banking,Electronics & Gadgets,3,8055.0,,
1004482,P00093242,M,36-45,39,1,Uttar Pradesh,Central,Chemical,Decor,1,8055.0,,
1002830,P00326742,F,36-45,44,1,AndhraÂ Pradesh,Southern,Chemical,Electronics & Gadgets,4,8054.0,,
1003265,P00180042,F,26-35,31,0,Karnataka,Southern,Healthcare,Food,3,8053.0,,
1001125,P00143642,M,18-25,22,1,Gujarat,Western,Banking,Electronics & Gadgets,3,8052.0,,
1005852,P00089442,M,26-35,35,0,Haryana,Northern,Hospitality,Sports Products,2,8052.0,,
1004643,P00005942,F,26-35,28,1,Maharashtra,Western,Hospitality,Electronics & Gadgets,2,8052.0,,
1002073,P00029242,M,18-25,24,0,Uttar Pradesh,Central,Healthcare,Electronics & Gadgets,1,8052.0,,
1005840,P00245642,M,0-17,13,1,Madhya Pradesh,Central,IT Sector,Electronics & Gadgets,4,8051.0,,
1002057,P00112542,F,36-45,37,0,Maharashtra,Western,Textile,Electronics & Gadgets,4,8051.0,,
1000571,P00154042,F,51-55,51,0,Karnataka,Southern,Construction,Electronics & Gadgets,1,8050.0,,
1005618,P00070042,M,18-25,18,0,Rajasthan,Northern,Retail,Electronics & Gadgets,1,8050.0,,
1005250,P00251242,F,51-55,51,1,AndhraÂ Pradesh,Southern,Aviation,Electronics & Gadgets,4,8049.0,,
1003951,P00112642,M,18-25,19,0,Madhya Pradesh,Central,Banking,Electronics & Gadgets,2,8049.0,,
1004031,P00334042,F,26-35,30,1,Uttar Pradesh,Central,IT Sector,Decor,4,8049.0,,
1001298,P00322942,F,36-45,40,1,Uttar Pradesh,Central,Automobile,Electronics & Gadgets,3,8049.0,,
1001974,P00196342,M,36-45,45,0,Delhi,Central,IT Sector,Electronics & Gadgets,2,8048.0,,
1001974,P00196342,M,36-45,45,0,Madhya Pradesh,Central,IT Sector,Electronics & Gadgets,4,8048.0,,
1000531,P00307442,M,18-25,22,1,Uttar Pradesh,Central,IT Sector,Electronics & Gadgets,3,8048.0,,
1002700,P00003442,F,26-35,31,1,Maharashtra,Western,Hospitality,Food,4,8047.0,,
1003539,P00011842,M,26-35,33,1,AndhraÂ Pradesh,Southern,Chemical,Electronics & Gadgets,3,8046.0,,
1001794,P00127842,M,26-35,34,0,AndhraÂ Pradesh,Southern,IT Sector,Electronics & Gadgets,1,8046.0,,
1003132,P00332242,F,36-45,43,0,Gujarat,Western,Retail,Electronics & Gadgets,2,8046.0,,
1001420,P00157342,F,18-25,24,1,Uttar Pradesh,Central,Hospitality,Decor,1,8046.0,,
1000878,P00330342,F,18-25,18,0,Uttar Pradesh,Central,Banking,Sports Products,1,8045.0,,
1004578,P00031142,F,26-35,26,0,Uttar Pradesh,Central,Automobile,Electronics & Gadgets,3,8045.0,,
1002895,P00041642,F,26-35,30,0,Haryana,Northern,Aviation,Electronics & Gadgets,4,8044.0,,
1002895,P00041642,F,26-35,30,0,Madhya Pradesh,Central,Aviation,Electronics & Gadgets,3,8044.0,,
1001285,P00004742,M,36-45,36,0,Rajasthan,Northern,Govt,Electronics & Gadgets,2,8044.0,,
1003585,P00045542,F,36-45,40,1,Haryana,Northern,IT Sector,Electronics & Gadgets,1,8043.0,,
1002352,P00226342,F,51-55,53,1,Himachal Pradesh,Northern,Lawyer,Electronics & Gadgets,2,8043.0,,
1002180,P00277642,F,26-35,32,1,Maharashtra,Western,Aviation,Electronics & Gadgets,4,8043.0,,
1001220,P00040742,F,0-17,16,1,Punjab,Northern,Healthcare,Electronics & Gadgets,2,8043.0,,
1004904,P00030642,F,51-55,51,0,Punjab,Northern,Aviation,Electronics & Gadgets,2,8043.0,,
1004933,P00117142,F,26-35,35,0,Haryana,Northern,Banking,Electronics & Gadgets,3,8042.0,,
1001284,P00192742,F,46-50,50,1,Jharkhand,Eastern,IT Sector,Electronics & Gadgets,1,8042.0,,
1002226,P00240142,M,26-35,34,1,Madhya Pradesh,Central,Govt,Electronics & Gadgets,4,8042.0,,
1002167,P00206742,M,26-35,33,1,Uttar Pradesh,Central,IT Sector,Decor,3,8042.0,,
1001577,P00262242,M,55+,64,0,AndhraÂ Pradesh,Southern,Media,Electronics & Gadgets,3,8041.0,,
1004034,P00128942,F,26-35,28,1,AndhraÂ Pradesh,Southern,Aviation,Electronics & Gadgets,3,8040.0,,
1003572,P00100642,F,36-45,36,1,AndhraÂ Pradesh,Southern,Aviation,Electronics & Gadgets,2,8040.0,,
1004094,P00082742,F,26-35,33,0,Karnataka,Southern,Construction,Food,1,8040.0,,
1002097,P00187342,F,18-25,25,0,Maharashtra,Western,Hospitality,Electronics & Gadgets,1,8040.0,,
1003572,P00100642,F,36-45,36,1,Telangana,Southern,Aviation,Electronics & Gadgets,2,8040.0,,
1003942,P00085942,F,18-25,25,1,AndhraÂ Pradesh,Southern,Govt,Electronics & Gadgets,3,8039.0,,
1001794,P00069242,F,26-35,34,0,AndhraÂ Pradesh,Southern,Construction,Electronics & Gadgets,2,8039.0,,
1005734,P00350142,M,26-35,29,0,Haryana,Northern,IT Sector,Electronics & Gadgets,4,8039.0,,
1001675,P00246042,M,26-35,26,1,Karnataka,Southern,Media,Electronics & Gadgets,2,8039.0,,
1002259,P00111742,M,55+,83,1,Maharashtra,Western,IT Sector,Electronics & Gadgets,1,8039.0,,
1002205,P00042842,M,26-35,33,0,Uttar Pradesh,Central,Healthcare,Food,3,8039.0,,
1003025,P00313342,M,36-45,42,0,Uttarakhand,Central,IT Sector,Electronics & Gadgets,1,8039.0,,
1003425,P00313342,M,18-25,19,0,AndhraÂ Pradesh,Southern,IT Sector,Electronics & Gadgets,2,8038.0,,
1002537,P00083942,F,36-45,41,1,AndhraÂ Pradesh,Southern,Aviation,Electronics & Gadgets,1,8038.0,,
1002787,P00248142,F,26-35,31,0,Jharkhand,Eastern,Aviation,Electronics & Gadgets,4,8038.0,,
1004241,P00181842,F,36-45,40,0,Uttar Pradesh,Central,Chemical,Electronics & Gadgets,1,8038.0,,
1004647,P00103042,F,36-45,45,0,Uttar Pradesh,Central,IT Sector,Sports Products,1,8038.0,,
1002778,P00210942,F,55+,60,0,Uttar Pradesh,Central,Construction,Electronics & Gadgets,4,8038.0,,
1001733,P00258742,F,18-25,23,0,AndhraÂ Pradesh,Southern,Banking,Electronics & Gadgets,1,8037.0,,
1000089,P00349942,M,55+,71,1,Delhi,Central,Aviation,Electronics & Gadgets,1,8037.0,,
1003013,P00362342,F,46-50,50,0,Maharashtra,Western,IT Sector,Sports Products,3,8037.0,,
1000192,P00117442,F,18-25,21,0,AndhraÂ Pradesh,Southern,Retail,Electronics & Gadgets,4,8036.0,,
1002304,P00211142,F,46-50,46,1,Kerala,Southern,IT Sector,Electronics & Gadgets,4,8036.0,,
1005916,P00282542,F,51-55,54,0,Uttar Pradesh,Central,Govt,Electronics & Gadgets,4,8036.0,,
1001246,P00048442,F,18-25,25,1,Uttar Pradesh,Central,Automobile,Electronics & Gadgets,4,8035.0,,
1001010,P00075542,F,26-35,34,1,Uttar Pradesh,Central,Lawyer,Electronics & Gadgets,3,8035.0,,
1004725,P00217342,F,36-45,37,0,Gujarat,Western,IT Sector,Electronics & Gadgets,2,8034.0,,
1004725,P00154042,F,36-45,36,1,Jharkhand,Eastern,Healthcare,Sports Products,1,8033.0,,
1005329,P00250342,M,26-35,29,1,Maharashtra,Western,Banking,Electronics & Gadgets,3,8033.0,,
1004958,P00185442,F,18-25,22,0,Haryana,Northern,Healthcare,Electronics & Gadgets,3,8032.0,,
1000030,P00174342,M,36-45,41,0,Karnataka,Southern,Healthcare,Food,1,8032.0,,
1003065,P00248942,M,18-25,24,0,Uttar Pradesh,Central,Food Processing,Electronics & Gadgets,3,8032.0,,
1002905,P00190342,M,36-45,45,0,Himachal Pradesh,Northern,Govt,Electronics & Gadgets,4,8031.0,,
1003808,P00165742,F,26-35,33,0,Himachal Pradesh,Northern,Healthcare,Electronics & Gadgets,2,8030.0,,
1003763,P00157642,F,26-35,27,1,Karnataka,Southern,Media,Food,2,8030.0,,
1002309,P00321742,M,46-50,47,1,Maharashtra,Western,IT Sector,Electronics & Gadgets,4,8030.0,,
1001155,P00315642,F,26-35,30,1,AndhraÂ Pradesh,Southern,IT Sector,Electronics & Gadgets,2,8029.0,,
1004248,P00182142,F,26-35,34,1,Karnataka,Southern,IT Sector,Food,2,8029.0,,
1002485,P00120842,F,36-45,39,1,Kerala,Southern,Textile,Electronics & Gadgets,2,8029.0,,
1000193,P00275642,M,46-50,50,0,Kerala,Southern,Automobile,Electronics & Gadgets,4,8029.0,,
1001294,P00303242,M,51-55,54,0,Telangana,Southern,Banking,Electronics & Gadgets,3,8029.0,,
1000314,P00087342,M,55+,88,0,Uttar Pradesh,Central,Govt,Electronics & Gadgets,4,8029.0,,
1003836,P00117442,M,51-55,52,1,Maharashtra,Western,Govt,Electronics & Gadgets,2,8028.0,,
1005837,P00271142,F,26-35,27,0,AndhraÂ Pradesh,Southern,Food Processing,Electronics & Gadgets,4,8027.0,,
1002820,P00142942,M,36-45,45,0,Kerala,Southern,Retail,Food,2,8027.0,,
1001853,P00194442,F,51-55,55,0,Gujarat,Western,Retail,Sports Products,1,8026.0,,
1000094,P00182442,F,26-35,31,0,Haryana,Northern,Agriculture,Electronics & Gadgets,4,8026.0,,
1000094,P00182442,F,26-35,31,0,Himachal Pradesh,Northern,Agriculture,Electronics & Gadgets,2,8026.0,,
1002206,P00214842,F,46-50,49,0,Jharkhand,Eastern,Retail,Electronics & Gadgets,4,8026.0,,
1000757,P00319042,F,26-35,26,0,Madhya Pradesh,Central,Aviation,Electronics & Gadgets,3,8026.0,,
1000655,P00212742,M,26-35,34,0,Rajasthan,Northern,Banking,Electronics & Gadgets,3,8026.0,,
1003836,P00142942,M,51-55,51,1,AndhraÂ Pradesh,Southern,Agriculture,Electronics & Gadgets,2,8025.0,,
1000096,P00161942,M,26-35,31,0,Jharkhand,Eastern,IT Sector,Electronics & Gadgets,2,8025.0,,
1000264,P00192542,F,36-45,37,1,Maharashtra,Western,Chemical,Food,3,8025.0,,
1000026,P00274642,F,26-35,31,0,Punjab,Northern,Banking,Electronics & Gadgets,4,8025.0,,
1005234,P00151342,M,26-35,34,0,Uttar Pradesh,Central,Aviation,Food,2,8025.0,,
1000333,P00245642,F,36-45,43,0,Jharkhand,Eastern,Govt,Electronics & Gadgets,3,8024.0,,
1002085,P00000142,F,18-25,24,0,Karnataka,Southern,Chemical,Food,2,8024.0,,
1001387,P00002842,M,51-55,53,1,Bihar,Eastern,Food Processing,Electronics & Gadgets,1,8023.0,,
1004438,P00089142,F,51-55,53,0,Punjab,Northern,IT Sector,Electronics & Gadgets,1,8023.0,,
1005375,P00000142,F,26-35,28,0,Uttar Pradesh,Central,Banking,Food,2,8023.0,,
1005047,P00319342,F,46-50,47,1,Haryana,Northern,Hospitality,Electronics & Gadgets,2,8019.0,,
1001658,P00344442,M,36-45,43,0,Himachal Pradesh,Northern,Aviation,Electronics & Gadgets,4,8019.0,,
1005047,P00319342,F,46-50,47,1,Kerala,Southern,Hospitality,Electronics & Gadgets,1,8019.0,,
1005917,P00130742,M,51-55,53,1,Himachal Pradesh,Northern,Chemical,Sports Products,2,8018.0,,
1000523,P00265242,F,51-55,53,1,AndhraÂ Pradesh,Southern,Healthcare,Electronics & Gadgets,4,8017.0,,
1001586,P00175242,M,46-50,49,1,Karnataka,Southern,Retail,Food,2,8017.0,,
1000583,P00245642,M,26-35,28,0,AndhraÂ Pradesh,Southern,Healthcare,Electronics & Gadgets,1,8016.0,,
1004408,P00178342,M,46-50,46,1,AndhraÂ Pradesh,Southern,Aviation,Electronics & Gadgets,2,8016.0,,
1000583,P00245642,M,26-35,28,0,Himachal Pradesh,Northern,Healthcare,Electronics & Gadgets,2,8016.0,,
1000309,P0097242,F,26-35,26,0,Maharashtra,Western,Media,Food,4,8016.0,,
1005029,P00158842,F,26-35,28,0,Maharashtra,Western,Construction,Electronics & Gadgets,1,8016.0,,
1003410,P00304842,F,36-45,41,0,Telangana,Southern,Healthcare,Electronics & Gadgets,3,8016.0,,
1001396,P00254142,M,26-35,27,1,Uttar Pradesh,Central,Healthcare,Electronics & Gadgets,2,8016.0,,
1003410,P00304842,F,36-45,41,0,Uttarakhand,Central,Healthcare,Electronics & Gadgets,1,8016.0,,
1005367,P00304142,F,18-25,19,0,Gujarat,Western,Food Processing,Electronics & Gadgets,4,8015.0,,
1002459,P00003642,F,51-55,52,0,Haryana,Northern,Healthcare,Electronics & Gadgets,3,8015.0,,
1003365,P00141942,F,51-55,53,1,Himachal Pradesh,Northern,Chemical,Electronics & Gadgets,1,8015.0,,
1001260,P00344042,M,26-35,28,0,Maharashtra,Western,IT Sector,Electronics & Gadgets,4,8015.0,,
1001260,P00344042,M,26-35,28,0,Maharashtra,Western,IT Sector,Electronics & Gadgets,4,8015.0,,
1003365,P00141942,F,51-55,53,1,Telangana,Southern,Chemical,Electronics & Gadgets,3,8015.0,,
1000192,P00258742,F,18-25,22,0,Uttar Pradesh,Central,Banking,Electronics & Gadgets,4,8015.0,,
1005504,P00154042,F,46-50,46,0,Uttar Pradesh,Central,IT Sector,Sports Products,1,8015.0,,
1001420,P00294542,F,18-25,24,1,AndhraÂ Pradesh,Southern,Chemical,Electronics & Gadgets,3,8014.0,,
1003507,P00114942,F,26-35,30,0,Bihar,Eastern,Healthcare,Electronics & Gadgets,1,8014.0,,
1003279,P00362642,F,46-50,50,0,Kerala,Southern,Banking,Electronics & Gadgets,1,8014.0,,
1002890,P00178942,F,36-45,42,0,Maharashtra,Western,Govt,Electronics & Gadgets,4,8014.0,,
1000424,P00109042,F,26-35,26,0,AndhraÂ Pradesh,Southern,Healthcare,Electronics & Gadgets,2,8013.0,,
1000329,P00216342,F,36-45,37,0,Kerala,Southern,Govt,Electronics & Gadgets,4,8013.0,,
1000329,P00216342,F,36-45,37,0,Maharashtra,Western,Govt,Decor,2,8013.0,,
1002050,P00323942,M,36-45,40,0,Maharashtra,Western,Media,Food,1,8013.0,,
1002525,P00313542,M,36-45,37,0,Karnataka,Southern,Govt,Electronics & Gadgets,1,8011.0,,
1000687,P00027542,M,26-35,29,1,Karnataka,Southern,Lawyer,Books,1,8010.0,,
1003808,P00102542,F,26-35,28,0,Maharashtra,Western,Govt,Electronics & Gadgets,1,8010.0,,
1004948,P00085442,F,46-50,49,1,AndhraÂ Pradesh,Southern,Banking,Electronics & Gadgets,2,8009.0,,
1002177,P00275842,M,36-45,36,0,Bihar,Eastern,Aviation,Electronics & Gadgets,3,8009.0,,
1005092,P00157542,F,55+,66,1,Bihar,Eastern,Food Processing,Electronics & Gadgets,4,8009.0,,
1004030,P00100842,F,36-45,37,0,Haryana,Northern,Chemical,Electronics & Gadgets,2,8009.0,,
1004030,P00100842,F,36-45,37,0,Madhya Pradesh,Central,Chemical,Electronics & Gadgets,2,8009.0,,
1002178,P00303042,F,46-50,50,1,Maharashtra,Western,Banking,Electronics & Gadgets,2,8009.0,,
1005092,P00157542,F,55+,66,1,Rajasthan,Northern,Food Processing,Electronics & Gadgets,1,8009.0,,
1003626,P00014842,F,26-35,26,0,Uttar Pradesh,Central,Food Processing,Sports Products,3,8009.0,,
1002985,P00275142,F,18-25,19,1,Kerala,Southern,Food Processing,Electronics & Gadgets,4,8008.0,,
1002167,P00187342,M,26-35,28,1,Uttarakhand,Central,Automobile,Electronics & Gadgets,3,8008.0,,
1000549,P00022442,F,26-35,28,0,Himachal Pradesh,Northern,Healthcare,Electronics & Gadgets,3,8007.0,,
1001694,P00210042,M,26-35,32,1,Himachal Pradesh,Northern,Media,Electronics & Gadgets,1,8006.0,,
1001694,P00210042,M,26-35,32,1,Telangana,Southern,Media,Electronics & Gadgets,4,8006.0,,
1000984,P00112542,F,51-55,53,0,Uttar Pradesh,Central,Lawyer,Electronics & Gadgets,1,8006.0,,
1003471,P00325742,F,18-25,19,1,AndhraÂ Pradesh,Southern,IT Sector,Electronics & Gadgets,1,8005.0,,
1001099,P00015642,F,26-35,30,1,Bihar,Eastern,Aviation,Food,1,8005.0,,
1003471,P00325742,F,18-25,19,1,Delhi,Central,IT Sector,Electronics & Gadgets,4,8005.0,,
1004105,P00045842,F,51-55,55,0,Himachal Pradesh,Northern,Textile,Electronics & Gadgets,2,8005.0,,
1001125,P00187442,M,18-25,25,0,Karnataka,Southern,Healthcare,Food,2,8005.0,,
1002031,P00229942,F,36-45,39,0,Jharkhand,Eastern,Aviation,Electronics & Gadgets,2,8004.0,,
1003836,P0097842,M,51-55,53,1,Karnataka,Southern,Agriculture,Electronics & Gadgets,2,8004.0,,
1004425,P00072842,F,36-45,39,1,Maharashtra,Western,Retail,Electronics & Gadgets,2,8004.0,,
1003378,P00075642,F,18-25,21,0,Punjab,Northern,Aviation,Electronics & Gadgets,4,8003.0,,
1001941,P00294442,M,36-45,26,1,Jharkhand,Eastern,IT Sector,Electronics & Gadgets,3,8002.0,,
1000770,P00173342,F,18-25,22,0,Madhya Pradesh,Central,Hospitality,Electronics & Gadgets,1,8002.0,,
1004621,P00119642,F,26-35,34,0,Maharashtra,Western,IT Sector,Food,1,8002.0,,
1000770,P00173342,F,18-25,22,0,Rajasthan,Northern,Hospitality,Electronics & Gadgets,3,8002.0,,
1000957,P00348342,F,36-45,45,1,Uttar Pradesh,Central,Banking,Electronics & Gadgets,3,8002.0,,
1003454,P00129842,F,18-25,22,0,Bihar,Eastern,Aviation,Furniture,2,8001.0,,
1004656,P00165842,F,26-35,30,1,Delhi,Central,Chemical,Electronics & Gadgets,4,8001.0,,
1000509,P00127342,F,26-35,30,1,Karnataka,Southern,IT Sector,Sports Products,2,8001.0,,
1004656,P00165842,F,26-35,30,1,Rajasthan,Northern,Chemical,Electronics & Gadgets,1,8001.0,,
1003961,P00117942,F,26-35,34,0,Rajasthan,Northern,Chemical,Electronics & Gadgets,4,8001.0,,
1000464,P00158742,M,18-25,19,1,Uttar Pradesh,Central,Healthcare,Electronics & Gadgets,1,8001.0,,
1001880,P00363242,F,36-45,43,1,Uttar Pradesh,Central,IT Sector,Decor,2,8001.0,,
1004535,P00108042,F,18-25,18,1,AndhraÂ Pradesh,Southern,Construction,Electronics & Gadgets,3,7999.0,,
1000570,P00074642,F,26-35,28,0,AndhraÂ Pradesh,Southern,Banking,Electronics & Gadgets,2,7999.0,,
1004511,P00112142,F,36-45,42,0,Himachal Pradesh,Northern,IT Sector,Electronics & Gadgets,1,7999.0,,
1001613,P00027042,F,18-25,23,0,Uttar Pradesh,Central,Healthcare,Decor,1,7999.0,,
1000033,P00271142,F,46-50,46,1,Uttar Pradesh,Central,Lawyer,Food,1,7999.0,,
1003707,P00347642,M,18-25,18,0,Bihar,Eastern,IT Sector,Food,4,7998.0,,
1001904,P00241642,F,18-25,25,0,Maharashtra,Western,Hospitality,Food,2,7998.0,,
1001671,P00051642,F,36-45,45,0,Punjab,Northern,Lawyer,Electronics & Gadgets,3,7998.0,,
1002994,P00160042,F,36-45,38,1,Rajasthan,Northern,Govt,Electronics & Gadgets,1,7998.0,,
1000735,P00113342,F,26-35,34,0,AndhraÂ Pradesh,Southern,Banking,Electronics & Gadgets,2,7997.0,,
1005220,P00183542,F,26-35,34,0,Kerala,Southern,Banking,Electronics & Gadgets,3,7997.0,,
1005636,P00189042,F,26-35,28,1,Madhya Pradesh,Central,Banking,Electronics & Gadgets,2,7997.0,,
1001015,P00050842,F,36-45,42,1,Himachal Pradesh,Northern,Food Processing,Electronics & Gadgets,1,7996.0,,
1000677,P00139942,F,51-55,52,0,Madhya Pradesh,Central,Govt,Electronics & Gadgets,3,7996.0,,
1002986,P00001142,F,26-35,35,1,Punjab,Northern,Hospitality,Electronics & Gadgets,2,7996.0,,
1000677,P00139942,F,51-55,52,0,Uttarakhand,Central,Govt,Electronics & Gadgets,2,7996.0,,
1000822,P00047942,M,26-35,27,0,AndhraÂ Pradesh,Southern,Hospitality,Electronics & Gadgets,4,7995.0,,
1001234,P00184942,F,18-25,19,0,Delhi,Central,Healthcare,Food,3,7995.0,,
1004607,P00233442,F,26-35,28,1,Kerala,Southern,Banking,Electronics & Gadgets,2,7995.0,,
1000237,P00119742,F,26-35,30,0,Uttar Pradesh,Central,Healthcare,Electronics & Gadgets,1,7995.0,,
1003305,P00034042,F,55+,70,0,Karnataka,Southern,Media,Food,4,7994.0,,
1003146,P00296442,F,26-35,35,1,Haryana,Northern,Healthcare,Electronics & Gadgets,4,7993.0,,
1003041,P00237542,F,26-35,30,0,Uttar Pradesh,Central,Hospitality,Electronics & Gadgets,3,7993.0,,
1004298,P00111142,M,18-25,23,0,Karnataka,Southern,Food Processing,Food,1,7992.0,,
1001184,P0094542,M,26-35,31,1,AndhraÂ Pradesh,Southern,Healthcare,Electronics & Gadgets,2,7991.0,,
1001244,P00184942,F,26-35,27,1,Kerala,Southern,Aviation,Electronics & Gadgets,1,7991.0,,
1000436,P00109742,F,18-25,19,0,Madhya Pradesh,Central,Automobile,Electronics & Gadgets,4,7991.0,,
1005618,P00274942,M,18-25,19,0,Gujarat,Western,Automobile,Electronics & Gadgets,2,7990.0,,
1003958,P00224042,M,46-50,49,0,Haryana,Northern,Construction,Electronics & Gadgets,4,7990.0,,
1002391,P00265242,F,51-55,52,0,Rajasthan,Northern,Aviation,Electronics & Gadgets,2,7990.0,,
1002484,P00152742,F,46-50,48,1,Gujarat,Western,Automobile,Electronics & Gadgets,2,7989.0,,
1001120,P0094942,F,18-25,19,0,Rajasthan,Northern,Textile,Electronics & Gadgets,2,7989.0,,
1000524,P00061842,F,18-25,21,0,Gujarat,Western,Banking,Electronics & Gadgets,3,7988.0,,
1000524,P00061842,F,18-25,21,0,Haryana,Northern,Banking,Electronics & Gadgets,2,7988.0,,
1002938,P00188442,M,26-35,32,0,Punjab,Northern,Aviation,Electronics & Gadgets,2,7988.0,,
1004728,P00048842,F,26-35,28,0,Uttar Pradesh,Central,Govt,Food,1,7988.0,,
1000940,P00295842,F,0-17,16,1,AndhraÂ Pradesh,Southern,Aviation,Electronics & Gadgets,1,7987.0,,
1004124,P00282042,F,26-35,33,0,Gujarat,Western,Banking,Food,3,7987.0,,
1000872,P00117542,F,51-55,53,0,Gujarat,Western,Govt,Electronics & Gadgets,1,7987.0,,
1004250,P0096342,M,51-55,55,0,Haryana,Northern,Aviation,Electronics & Gadgets,1,7987.0,,
1004879,P00190042,F,26-35,34,0,Punjab,Northern,Banking,Electronics & Gadgets,1,7987.0,,
1003695,P00000642,F,26-35,28,0,Uttar Pradesh,Central,Automobile,Electronics & Gadgets,1,7987.0,,
1003695,P00000642,F,26-35,28,0,Uttar Pradesh,Central,Automobile,Decor,2,7987.0,,
1000173,P00215942,F,26-35,26,1,Punjab,Northern,Food Processing,Electronics & Gadgets,2,7986.0,,
1000023,P00150942,F,36-45,43,0,Rajasthan,Northern,Healthcare,Electronics & Gadgets,1,7986.0,,
1003091,P00116142,M,26-35,30,0,AndhraÂ Pradesh,Southern,Media,Electronics & Gadgets,2,7985.0,,
1003995,P00117942,F,36-45,38,1,Bihar,Eastern,IT Sector,Electronics & Gadgets,2,7985.0,,
1003091,P00116142,M,26-35,30,0,Rajasthan,Northern,Media,Electronics & Gadgets,1,7985.0,,
1005254,P00249542,F,18-25,18,1,Haryana,Northern,Healthcare,Sports Products,3,7984.0,,
1004425,P00049542,F,36-45,37,0,Maharashtra,Western,Healthcare,Electronics & Gadgets,4,7984.0,,
1001733,P00213842,F,18-25,23,1,Uttar Pradesh,Central,Healthcare,Decor,3,7984.0,,
1004814,P00211042,F,18-25,25,0,Himachal Pradesh,Northern,Textile,Electronics & Gadgets,3,7983.0,,
1003096,P00273442,M,46-50,49,0,Uttar Pradesh,Central,Healthcare,Electronics & Gadgets,3,7983.0,,
1005049,P00003442,F,26-35,30,0,Gujarat,Western,Aviation,Electronics & Gadgets,4,7981.0,,
1001120,P00242142,M,18-25,25,0,Himachal Pradesh,Northern,Healthcare,Books,1,7981.0,,
1003475,P00310542,F,26-35,30,1,Jharkhand,Eastern,Construction,Electronics & Gadgets,3,7981.0,,
1003272,P00360042,F,36-45,42,1,Kerala,Southern,Banking,Electronics & Gadgets,3,7981.0,,
1003265,P00303342,F,26-35,31,1,Rajasthan,Northern,Agriculture,Electronics & Gadgets,1,7981.0,,
1001299,P00116742,F,26-35,27,1,Uttar Pradesh,Central,IT Sector,Electronics & Gadgets,3,7981.0,,
1003472,P00227642,F,26-35,29,1,Uttar Pradesh,Central,Media,Electronics & Gadgets,2,7981.0,,
1005771,P00147742,M,26-35,27,1,Kerala,Southern,Lawyer,Electronics & Gadgets,2,7980.0,,
1005223,P00073842,F,55+,88,1,Kerala,Southern,Aviation,Electronics & Gadgets,2,7980.0,,
1005771,P00147742,M,26-35,27,1,Telangana,Southern,Lawyer,Electronics & Gadgets,4,7980.0,,
1000018,P00342742,M,18-25,24,1,Karnataka,Southern,Healthcare,Furniture,4,7979.0,,
1004718,P0095842,F,36-45,42,0,Madhya Pradesh,Central,Healthcare,Food,2,7979.0,,
1001574,P00193442,F,26-35,26,0,Uttar Pradesh,Central,Aviation,Food,1,7979.0,,
1002860,P00331842,F,36-45,37,0,AndhraÂ Pradesh,Southern,Retail,Electronics & Gadgets,4,7978.0,,
1003087,P00192942,M,0-17,16,0,Karnataka,Southern,Textile,Electronics & Gadgets,4,7978.0,,
1001608,P00029142,F,26-35,27,0,AndhraÂ Pradesh,Southern,Chemical,Electronics & Gadgets,1,7977.0,,
1004950,P00110142,F,26-35,33,1,Karnataka,Southern,Lawyer,Sports Products,3,7977.0,,
1005746,P0097242,F,18-25,22,0,Uttar Pradesh,Central,Banking,Decor,3,7977.0,,
1005746,P0097242,F,18-25,22,0,Uttar Pradesh,Central,Banking,Electronics & Gadgets,4,7977.0,,
1006011,P00149342,F,36-45,37,1,Uttar Pradesh,Central,Textile,Electronics & Gadgets,4,7977.0,,
1004963,P00148642,F,46-50,48,0,Uttar Pradesh,Central,Construction,Food,3,7977.0,,
1001526,P00085942,F,55+,62,1,Delhi,Central,Govt,Food,1,7976.0,,
1005788,P00218642,F,26-35,32,1,Haryana,Northern,IT Sector,Food,4,7976.0,,
1005800,P00183442,M,36-45,42,0,Maharashtra,Western,Healthcare,Food,2,7976.0,,
1002902,P00137242,F,26-35,29,1,Punjab,Northern,Chemical,Electronics & Gadgets,2,7976.0,,
1002902,P00137242,F,26-35,29,1,Telangana,Southern,Chemical,Electronics & Gadgets,2,7976.0,,
1002778,P00258742,F,55+,85,1,Maharashtra,Western,Banking,Food,2,7975.0,,
1003430,P00129642,M,46-50,47,1,Bihar,Eastern,Aviation,Electronics & Gadgets,2,7974.0,,
1000911,P00172842,F,51-55,52,1,AndhraÂ Pradesh,Southern,IT Sector,Electronics & Gadgets,2,7973.0,,
1001232,P00085642,M,18-25,19,1,Karnataka,Southern,Hospitality,Electronics & Gadgets,2,7973.0,,
1003569,P0096742,M,18-25,21,0,Maharashtra,Western,Automobile,Electronics & Gadgets,3,7973.0,,
1002649,P00164342,M,26-35,35,1,Maharashtra,Western,Textile,Electronics & Gadgets,4,7973.0,,
1002914,P00278642,M,26-35,30,1,Gujarat,Western,Banking,Electronics & Gadgets,4,7972.0,,
1002914,P00278642,M,26-35,30,1,Haryana,Northern,Banking,Electronics & Gadgets,1,7972.0,,
1000119,P0095842,M,0-17,12,0,Karnataka,Southern,Healthcare,Electronics & Gadgets,1,7972.0,,
1000753,P00197242,F,0-17,16,0,Maharashtra,Western,Aviation,Sports Products,2,7971.0,,
1001146,P00145042,M,18-25,24,1,Bihar,Eastern,Healthcare,Food,3,7970.0,,
1001119,P00226242,F,36-45,39,0,Maharashtra,Western,Media,Food,2,7970.0,,
1001354,P00130142,M,26-35,26,0,AndhraÂ Pradesh,Southern,Healthcare,Electronics & Gadgets,4,7969.0,,
1000551,P00293742,F,36-45,36,0,Himachal Pradesh,Northern,Food Processing,Electronics & Gadgets,1,7969.0,,
1002241,P00190042,F,46-50,46,1,Karnataka,Southern,Healthcare,Food,3,7969.0,,
1006002,P00057642,F,51-55,54,1,Karnataka,Southern,Banking,Electronics & Gadgets,2,7969.0,,
1001212,P00344242,M,51-55,55,1,Madhya Pradesh,Central,Healthcare,Sports Products,3,7968.0,,
1005575,P00077842,F,36-45,42,1,Uttar Pradesh,Central,Aviation,Electronics & Gadgets,4,7968.0,,
1000520,P00103042,M,36-45,43,0,Uttar Pradesh,Central,IT Sector,Electronics & Gadgets,1,7967.0,,
1004506,P00119942,F,51-55,51,1,Himachal Pradesh,Northern,Aviation,Furniture,4,7966.0,,
1001425,P00203842,F,0-17,13,0,Maharashtra,Western,Media,Food,3,7966.0,,
1003410,P0097142,F,36-45,42,0,Madhya Pradesh,Central,Healthcare,Electronics & Gadgets,1,7965.0,,
1000327,P00272642,F,36-45,38,0,Jharkhand,Eastern,IT Sector,Electronics & Gadgets,4,7963.0,,
1005441,P00198042,F,51-55,55,1,Madhya Pradesh,Central,IT Sector,Electronics & Gadgets,1,7963.0,,
1004448,P00189542,F,26-35,30,0,Uttar Pradesh,Central,Hospitality,Books,3,7963.0,,
1005090,P00305942,M,36-45,38,0,Maharashtra,Western,Chemical,Books,2,7962.0,,
1005747,P00051442,F,26-35,29,0,Maharashtra,Western,Media,Food,4,7961.0,,
1003945,P00130142,M,46-50,46,1,Maharashtra,Western,Automobile,Electronics & Gadgets,3,7961.0,,
1001636,P00214542,M,26-35,32,0,Uttar Pradesh,Central,Aviation,Electronics & Gadgets,2,7961.0,,
1003320,P00262242,F,26-35,34,0,AndhraÂ Pradesh,Southern,Healthcare,Electronics & Gadgets,2,7959.0,,
1001266,P00207842,F,26-35,27,0,Bihar,Eastern,Textile,Food,4,7959.0,,
1000651,P00065342,F,36-45,42,0,Haryana,Northern,IT Sector,Food,1,7959.0,,
1000752,P00329542,M,26-35,34,1,Karnataka,Southern,Aviation,Food,3,7957.0,,
1004274,P00005042,M,46-50,48,0,Punjab,Northern,Aviation,Food,3,7957.0,,
1002015,P00120742,F,18-25,21,1,Haryana,Northern,Media,Electronics & Gadgets,1,7956.0,,
1004490,P00288642,M,36-45,45,1,Kerala,Southern,Govt,Electronics & Gadgets,3,7956.0,,
1005074,P00300042,F,0-17,16,0,Maharashtra,Western,Banking,Food,4,7956.0,,
1003154,P00057442,M,26-35,32,0,Maharashtra,Western,Chemical,Food,3,7956.0,,
1004490,P00288642,M,36-45,45,1,Telangana,Southern,Banking,Electronics & Gadgets,2,7956.0,,
1001300,P00116742,F,0-17,17,0,Uttar Pradesh,Central,IT Sector,Electronics & Gadgets,1,7956.0,,
1001300,P00116742,F,0-17,17,0,Uttar Pradesh,Central,IT Sector,Decor,2,7956.0,,
1000057,P00351342,F,18-25,18,1,Uttar Pradesh,Central,Retail,Food,2,7956.0,,
1003644,P00004742,M,26-35,29,1,Uttar Pradesh,Central,IT Sector,Electronics & Gadgets,3,7956.0,,
1005344,P00007942,M,51-55,54,0,Uttar Pradesh,Central,Healthcare,Decor,1,7956.0,,
1004579,P00195942,M,18-25,21,1,Delhi,Central,IT Sector,Electronics & Gadgets,3,7955.0,,
1002237,P00093242,M,36-45,37,0,Himachal Pradesh,Northern,IT Sector,Food,4,7955.0,,
1005098,P00282242,F,51-55,51,0,Uttarakhand,Central,Hospitality,Electronics & Gadgets,1,7955.0,,
1004830,P00259342,F,0-17,17,0,AndhraÂ Pradesh,Southern,Govt,Electronics & Gadgets,3,7954.0,,
1000147,P00002542,F,18-25,20,0,Himachal Pradesh,Northern,Healthcare,Electronics & Gadgets,2,7954.0,,
1002930,P00198042,F,51-55,55,0,Jharkhand,Eastern,Banking,Electronics & Gadgets,1,7954.0,,
1000889,P00248942,F,46-50,47,0,Punjab,Northern,IT Sector,Electronics & Gadgets,4,7954.0,,
1000793,P00288042,M,36-45,42,1,Bihar,Eastern,Banking,Electronics & Gadgets,2,7953.0,,
1002793,P00288742,F,36-45,39,1,Madhya Pradesh,Central,Banking,Electronics & Gadgets,4,7953.0,,
1002890,P00037142,F,36-45,41,0,Rajasthan,Northern,Hospitality,Electronics & Gadgets,3,7953.0,,
1000850,P00105442,F,36-45,42,1,Uttar Pradesh,Central,Aviation,Electronics & Gadgets,4,7953.0,,
1005107,P00240142,M,46-50,47,1,Uttar Pradesh,Central,Media,Food,2,7953.0,,
1000877,P00048742,F,26-35,29,0,Gujarat,Western,Banking,Electronics & Gadgets,2,7952.0,,
1000877,P00048742,F,26-35,29,0,Haryana,Northern,Banking,Electronics & Gadgets,1,7952.0,,
1005026,P00058242,F,26-35,30,1,AndhraÂ Pradesh,Southern,Govt,Electronics & Gadgets,3,7951.0,,
1005689,P00148342,M,26-35,26,0,Bihar,Eastern,IT Sector,Electronics & Gadgets,1,7951.0,,
1000669,P00001042,F,26-35,27,1,Karnataka,Southern,IT Sector,Sports Products,2,7951.0,,
1003640,P00073842,F,36-45,42,0,Rajasthan,Northern,IT Sector,Food,3,7951.0,,
1002156,P00057942,F,18-25,23,1,AndhraÂ Pradesh,Southern,Banking,Electronics & Gadgets,4,7950.0,,
1002742,P00000142,F,26-35,30,0,Maharashtra,Western,Media,Food,1,7950.0,,
1003320,P00269642,F,26-35,33,0,Maharashtra,Western,Construction,Electronics & Gadgets,1,7950.0,,
1005886,P00268442,F,26-35,31,0,Haryana,Northern,Textile,Electronics & Gadgets,3,7949.0,,
1005302,P00144042,M,0-17,16,1,Madhya Pradesh,Central,Automobile,Electronics & Gadgets,1,7949.0,,
1004414,P00053042,F,26-35,34,0,Gujarat,Western,Lawyer,Electronics & Gadgets,1,7948.0,,
1003356,P00101942,F,36-45,41,0,Haryana,Northern,Aviation,Electronics & Gadgets,1,7948.0,,
1004498,P00178042,F,51-55,55,0,Haryana,Northern,Govt,Food,2,7948.0,,
1003869,P00039742,F,18-25,23,1,Himachal Pradesh,Northern,Govt,Sports Products,1,7948.0,,
1003224,P00311742,M,26-35,34,0,Himachal Pradesh,Northern,Aviation,Electronics & Gadgets,3,7948.0,,
1000249,P00237242,M,18-25,23,0,Kerala,Southern,Healthcare,Sports Products,2,7947.0,,
1004344,P00328942,F,26-35,31,0,Himachal Pradesh,Northern,Chemical,Electronics & Gadgets,4,7946.0,,
1004946,P00102342,M,36-45,43,0,Himachal Pradesh,Northern,Retail,Sports Products,4,7946.0,,
1004520,P00081142,F,26-35,27,1,Rajasthan,Northern,IT Sector,Electronics & Gadgets,2,7946.0,,
1003841,P00213642,F,46-50,46,0,Uttarakhand,Central,Media,Electronics & Gadgets,3,7946.0,,
1001254,P00110942,M,18-25,20,0,Maharashtra,Western,Textile,Electronics & Gadgets,3,7945.0,,
1001465,P00331242,M,51-55,53,1,Uttar Pradesh,Central,IT Sector,Electronics & Gadgets,2,7945.0,,
1005729,P00173842,F,18-25,18,0,Gujarat,Western,Lawyer,Electronics & Gadgets,4,7944.0,,
1004655,P00274442,M,26-35,32,0,Haryana,Northern,Healthcare,Electronics & Gadgets,4,7944.0,,
1001941,P00207342,M,36-45,26,1,Uttar Pradesh,Central,Construction,Decor,4,7944.0,,
1004560,P00079642,F,26-35,32,1,Telangana,Southern,Govt,Food,1,7943.0,,
1005811,P00286642,F,18-25,21,0,Bihar,Eastern,Healthcare,Food,4,7941.0,,
1001875,P00244142,F,36-45,45,0,Himachal Pradesh,Northern,Media,Sports Products,4,7941.0,,
1005765,P00073842,F,26-35,26,1,Jharkhand,Eastern,Aviation,Electronics & Gadgets,2,7941.0,,
1001193,P00223642,F,26-35,33,0,Karnataka,Southern,Construction,Food,2,7941.0,,
1005039,P00322942,M,36-45,41,0,Madhya Pradesh,Central,Retail,Sports Products,1,7941.0,,
1005765,P00073842,F,26-35,26,1,Telangana,Southern,Aviation,Electronics & Gadgets,2,7941.0,,
1002103,P00234742,F,36-45,37,0,Uttar Pradesh,Central,Hospitality,Electronics & Gadgets,4,7940.0,,
1002745,P00128042,M,36-45,37,0,Bihar,Eastern,Aviation,Electronics & Gadgets,2,7939.0,,
1001632,P00192942,F,26-35,31,0,Kerala,Southern,Aviation,Electronics & Gadgets,3,7939.0,,
1002298,P00265542,F,36-45,38,0,Maharashtra,Western,Banking,Electronics & Gadgets,3,7939.0,,
1000319,P00007842,M,51-55,53,1,Maharashtra,Western,Banking,Electronics & Gadgets,2,7939.0,,
1001122,P00025442,F,55+,84,0,Uttar Pradesh,Central,Food Processing,Electronics & Gadgets,2,7939.0,,
1001027,P00324942,F,18-25,18,0,Maharashtra,Western,Aviation,Electronics & Gadgets,3,7938.0,,
1003450,P00112442,F,26-35,28,0,Uttar Pradesh,Central,IT Sector,Electronics & Gadgets,3,7938.0,,
1001271,P00276342,M,46-50,47,1,Uttar Pradesh,Central,Lawyer,Electronics & Gadgets,2,7938.0,,
1000482,P00217942,F,26-35,29,0,AndhraÂ Pradesh,Southern,Govt,Electronics & Gadgets,1,7937.0,,
1000517,P00238742,M,26-35,34,1,Bihar,Eastern,Hospitality,Electronics & Gadgets,2,7937.0,,
1002786,P00345742,M,26-35,28,1,Haryana,Northern,Hospitality,Electronics & Gadgets,1,7937.0,,
1002786,P00345742,M,26-35,28,1,Himachal Pradesh,Northern,Hospitality,Electronics & Gadgets,2,7937.0,,
1000517,P00238742,M,26-35,34,1,Himachal Pradesh,Northern,Hospitality,Electronics & Gadgets,4,7937.0,,
1005096,P00156742,F,26-35,33,0,Jharkhand,Eastern,Media,Electronics & Gadgets,3,7937.0,,
1001591,P00177642,F,51-55,55,0,Jharkhand,Eastern,Healthcare,Electronics & Gadgets,3,7937.0,,
1000059,P00298242,M,51-55,52,0,Maharashtra,Western,Govt,Electronics & Gadgets,4,7936.0,,
1005888,P00074242,F,26-35,27,1,Punjab,Northern,IT Sector,Electronics & Gadgets,3,7936.0,,
1002453,P00079642,F,26-35,26,1,Punjab,Northern,Hospitality,Electronics & Gadgets,2,7935.0,,
1001241,P00062842,F,0-17,14,0,Uttar Pradesh,Central,Govt,Food,3,7935.0,,
1005838,P00188742,M,46-50,47,0,Delhi,Central,Aviation,Electronics & Gadgets,3,7934.0,,
1000438,P00105142,F,18-25,21,1,Himachal Pradesh,Northern,Banking,Sports Products,4,7934.0,,
1001631,P00230342,M,51-55,53,0,Uttar Pradesh,Central,Healthcare,Electronics & Gadgets,2,7933.0,,
1002109,P00306242,F,26-35,28,1,Haryana,Northern,Textile,Electronics & Gadgets,3,7932.0,,
1004048,P00104842,M,36-45,45,1,Uttar Pradesh,Central,Media,Decor,1,7932.0,,
1003709,P00224142,F,26-35,30,0,Uttarakhand,Central,Lawyer,Electronics & Gadgets,4,7932.0,,
1005746,P00178942,M,18-25,23,1,Delhi,Central,Banking,Books,3,7931.0,,
1001753,P00333042,F,36-45,40,0,Rajasthan,Northern,Textile,Electronics & Gadgets,1,7931.0,,
1004184,P00337742,F,51-55,53,1,AndhraÂ Pradesh,Southern,Automobile,Electronics & Gadgets,1,7930.0,,
1004303,P00319342,F,26-35,28,1,Haryana,Northern,Banking,Electronics & Gadgets,4,7930.0,,
1001701,P00027442,M,26-35,27,1,Himachal Pradesh,Northern,IT Sector,Books,4,7930.0,,
1005446,P00257242,M,51-55,51,0,Delhi,Central,Healthcare,Electronics & Gadgets,4,7929.0,,
1004327,P00127442,F,36-45,39,1,Gujarat,Western,Aviation,Electronics & Gadgets,1,7929.0,,
1001881,P00022542,F,36-45,37,0,Uttar Pradesh,Central,Healthcare,Decor,1,7929.0,,
1001881,P00022542,F,36-45,37,0,Uttar Pradesh,Central,Healthcare,Electronics & Gadgets,2,7929.0,,
1000918,P00001742,M,46-50,50,0,Himachal Pradesh,Northern,Food Processing,Sports Products,3,7928.0,,
1003741,P00313042,F,26-35,33,0,Karnataka,Southern,Banking,Electronics & Gadgets,2,7928.0,,
1004591,P00131542,F,26-35,29,1,Rajasthan,Northern,Banking,Electronics & Gadgets,1,7927.0,,
1001395,P00004742,F,26-35,32,1,AndhraÂ Pradesh,Southern,Banking,Electronics & Gadgets,2,7926.0,,
1005107,P00188442,M,46-50,47,0,Maharashtra,Western,Aviation,Electronics & Gadgets,2,7926.0,,
1001491,P00330642,M,18-25,22,1,Delhi,Central,IT Sector,Electronics & Gadgets,4,7924.0,,
1003641,P00044442,F,26-35,30,0,Himachal Pradesh,Northern,Chemical,Electronics & Gadgets,1,7924.0,,
1001606,P00250842,M,36-45,42,1,Karnataka,Southern,IT Sector,Sports Products,3,7924.0,,
1000303,P00344342,F,26-35,26,0,Punjab,Northern,Media,Electronics & Gadgets,1,7924.0,,
1003641,P00044442,F,26-35,30,0,Telangana,Southern,Chemical,Electronics & Gadgets,3,7924.0,,
1005018,P00120542,M,55+,69,1,AndhraÂ Pradesh,Southern,Aviation,Electronics & Gadgets,3,7923.0,,
1001325,P00111742,F,26-35,27,1,Gujarat,Western,Construction,Electronics & Gadgets,3,7923.0,,
1001325,P00111742,F,26-35,27,1,Gujarat,Western,Construction,Electronics & Gadgets,3,7923.0,,
1001243,P00240442,F,36-45,40,1,Uttar Pradesh,Central,Aviation,Electronics & Gadgets,3,7922.0,,
1003380,P00195042,F,51-55,54,0,Himachal Pradesh,Northern,Media,Electronics & Gadgets,4,7921.0,,
1001233,P00118342,M,46-50,50,1,Maharashtra,Western,Banking,Electronics & Gadgets,4,7921.0,,
1001860,P00330642,F,55+,73,0,Maharashtra,Western,Banking,Food,3,7921.0,,
1003418,P0096042,M,18-25,21,0,AndhraÂ Pradesh,Southern,Retail,Food,3,7920.0,,
1005880,P00156842,F,26-35,30,1,AndhraÂ Pradesh,Southern,Healthcare,Electronics & Gadgets,2,7920.0,,
1003227,P00134642,M,26-35,31,0,Madhya Pradesh,Central,IT Sector,Electronics & Gadgets,3,7920.0,,
1001449,P00102142,F,36-45,37,0,AndhraÂ Pradesh,Southern,Aviation,Electronics & Gadgets,2,7918.0,,
1002934,P00024342,M,36-45,43,1,Madhya Pradesh,Central,Food Processing,Electronics & Gadgets,2,7918.0,,
1002410,P00327242,F,55+,89,0,Uttar Pradesh,Central,IT Sector,Electronics & Gadgets,2,7918.0,,
1001928,P00113042,F,0-17,12,0,AndhraÂ Pradesh,Southern,Media,Electronics & Gadgets,4,7917.0,,
1003493,P00034742,F,26-35,31,0,Uttar Pradesh,Central,Food Processing,Electronics & Gadgets,2,7917.0,,
1003232,P00159442,F,36-45,37,0,Bihar,Eastern,Healthcare,Electronics & Gadgets,4,7916.0,,
1004079,P00010742,F,36-45,37,1,Himachal Pradesh,Northern,Food Processing,Electronics & Gadgets,2,7916.0,,
1005166,P00033342,F,51-55,52,0,Himachal Pradesh,Northern,Healthcare,Electronics & Gadgets,3,7915.0,,
1005900,P00110242,F,26-35,26,0,Karnataka,Southern,Media,Sports Products,1,7915.0,,
1002507,P00205642,F,26-35,33,1,Maharashtra,Western,Banking,Decor,2,7915.0,,
1000712,P00250642,F,26-35,30,0,Rajasthan,Northern,Textile,Electronics & Gadgets,3,7915.0,,
1005333,P00342742,M,26-35,28,0,Uttar Pradesh,Central,Aviation,Books,4,7915.0,,
1003430,P00214442,M,46-50,49,0,Gujarat,Western,Aviation,Food,1,7914.0,,
1004663,P00023142,F,26-35,30,1,Himachal Pradesh,Northern,Automobile,Electronics & Gadgets,4,7914.0,,
1003981,P00247042,M,46-50,49,0,Kerala,Southern,Retail,Food,3,7914.0,,
1003562,P0099342,M,26-35,34,0,Madhya Pradesh,Central,IT Sector,Electronics & Gadgets,4,7914.0,,
1000518,P0095042,M,36-45,41,1,Rajasthan,Northern,Govt,Electronics & Gadgets,3,7914.0,,
1004899,P00282642,F,26-35,26,0,Himachal Pradesh,Northern,IT Sector,Electronics & Gadgets,2,7913.0,,
1002321,P00153842,F,26-35,30,0,Haryana,Northern,IT Sector,Electronics & Gadgets,2,7912.0,,
1002451,P00284042,F,46-50,49,0,Haryana,Northern,IT Sector,Electronics & Gadgets,4,7912.0,,
1002042,P00236042,F,0-17,12,0,Himachal Pradesh,Northern,Hospitality,Electronics & Gadgets,4,7912.0,,
1003618,P00145042,M,18-25,19,1,Uttar Pradesh,Central,Food Processing,Decor,4,7912.0,,
1005947,P00052842,M,46-50,49,1,Bihar,Eastern,Healthcare,Electronics & Gadgets,1,7911.0,,
1005578,P00115142,M,18-25,20,1,Karnataka,Southern,Healthcare,Electronics & Gadgets,2,7911.0,,
1004995,P00129842,F,51-55,54,1,Karnataka,Southern,Banking,Food,1,7911.0,,
1003560,P00000142,M,26-35,27,1,Maharashtra,Western,IT Sector,Electronics & Gadgets,1,7911.0,,
1004279,P00042142,M,26-35,34,1,AndhraÂ Pradesh,Southern,Banking,Books,2,7909.0,,
1001943,P00195942,M,18-25,20,0,Himachal Pradesh,Northern,Textile,Electronics & Gadgets,4,7909.0,,
1001943,P00195942,M,18-25,20,0,Rajasthan,Northern,Textile,Electronics & Gadgets,4,7909.0,,
1005461,P00013742,F,51-55,52,0,Uttar Pradesh,Central,Lawyer,Electronics & Gadgets,4,7909.0,,
1001941,P00047742,M,36-45,26,1,AndhraÂ Pradesh,Southern,Food Processing,Electronics & Gadgets,3,7907.0,,
1003466,P00317442,F,26-35,35,0,AndhraÂ Pradesh,Southern,Chemical,Electronics & Gadgets,4,7907.0,,
1004878,P00216042,F,51-55,53,0,Bihar,Eastern,Healthcare,Electronics & Gadgets,4,7907.0,,
1001420,P00228942,F,18-25,24,0,Haryana,Northern,Healthcare,Electronics & Gadgets,2,7907.0,,
1004725,P00089442,F,36-45,36,1,Madhya Pradesh,Central,IT Sector,Electronics & Gadgets,3,7907.0,,
1000169,P00182442,F,26-35,35,1,Telangana,Southern,Healthcare,Electronics & Gadgets,1,7907.0,,
1004725,P00089442,F,36-45,36,1,Telangana,Southern,IT Sector,Electronics & Gadgets,4,7907.0,,
1004878,P00216042,F,51-55,53,0,Telangana,Southern,Healthcare,Electronics & Gadgets,1,7907.0,,
1000601,P00156442,M,18-25,21,0,Uttar Pradesh,Central,Banking,Electronics & Gadgets,1,7907.0,,
1005961,P00115842,M,46-50,48,0,Uttar Pradesh,Central,Agriculture,Food,2,7907.0,,
1000169,P00182442,F,26-35,35,1,Uttarakhand,Central,Healthcare,Electronics & Gadgets,4,7907.0,,
1003385,P00182242,M,26-35,26,0,Madhya Pradesh,Central,Hospitality,Electronics & Gadgets,2,7906.0,,
1000431,P00242742,F,18-25,20,0,Kerala,Southern,Automobile,Electronics & Gadgets,1,7905.0,,
1004277,P00274942,F,36-45,40,0,Maharashtra,Western,Lawyer,Electronics & Gadgets,3,7905.0,,
1004933,P00110742,M,26-35,28,0,Himachal Pradesh,Northern,Healthcare,Electronics & Gadgets,1,7904.0,,
1003260,P00271142,F,26-35,35,0,Punjab,Northern,IT Sector,Electronics & Gadgets,1,7904.0,,
1001218,P00297942,F,55+,58,0,Kerala,Southern,Banking,Electronics & Gadgets,4,7903.0,,
1000654,P00346342,F,51-55,51,0,Uttar Pradesh,Central,Retail,Electronics & Gadgets,4,7903.0,,
1004890,P00213242,M,26-35,30,0,Delhi,Central,Banking,Electronics & Gadgets,4,7902.0,,
1004473,P00228242,F,36-45,45,1,Himachal Pradesh,Northern,IT Sector,Electronics & Gadgets,3,7902.0,,
1004231,P00035542,M,51-55,54,0,Uttar Pradesh,Central,Retail,Electronics & Gadgets,4,7902.0,,
1001579,P00192042,F,26-35,31,1,Karnataka,Southern,Healthcare,Food,3,7900.0,,
1000169,P00083942,F,26-35,33,0,Punjab,Northern,Healthcare,Electronics & Gadgets,2,7900.0,,
1003191,P00136642,F,26-35,26,1,AndhraÂ Pradesh,Southern,Banking,Electronics & Gadgets,4,7898.0,,
1001273,P00090542,M,36-45,44,0,AndhraÂ Pradesh,Southern,Construction,Electronics & Gadgets,3,7898.0,,
1005567,P00251242,F,51-55,54,1,AndhraÂ Pradesh,Southern,IT Sector,Electronics & Gadgets,2,7898.0,,
1002186,P00313842,F,18-25,23,1,Himachal Pradesh,Northern,Lawyer,Electronics & Gadgets,1,7898.0,,
1006028,P00080342,F,18-25,24,0,Himachal Pradesh,Northern,Healthcare,Electronics & Gadgets,2,7898.0,,
1002691,P00057642,M,18-25,22,1,Karnataka,Southern,Aviation,Electronics & Gadgets,3,7898.0,,
1004188,P00051442,F,51-55,53,0,Punjab,Northern,Healthcare,Electronics & Gadgets,2,7898.0,,
1003191,P00136642,F,26-35,26,1,Uttarakhand,Central,Banking,Electronics & Gadgets,3,7898.0,,
1001699,P00091142,M,26-35,27,1,AndhraÂ Pradesh,Southern,Hospitality,Electronics & Gadgets,1,7897.0,,
1002808,P00183342,F,55+,58,1,Himachal Pradesh,Northern,Media,Food,4,7897.0,,
1004422,P00177842,F,26-35,29,1,Punjab,Northern,Banking,Electronics & Gadgets,4,7897.0,,
1003716,P00029542,F,18-25,23,0,Kerala,Southern,Food Processing,Electronics & Gadgets,2,7896.0,,
1001896,P00176642,F,55+,64,1,Kerala,Southern,Food Processing,Electronics & Gadgets,1,7896.0,,
1002419,P00351342,F,26-35,30,1,Delhi,Central,Lawyer,Food,4,7895.0,,
1001680,P00021442,M,26-35,26,1,Uttar Pradesh,Central,Banking,Food,3,7895.0,,
1004062,P00351342,F,26-35,28,0,Uttar Pradesh,Central,Aviation,Decor,2,7895.0,,
1005518,P00134142,F,51-55,53,0,Uttar Pradesh,Central,Automobile,Electronics & Gadgets,1,7895.0,,
1001069,P00029242,F,26-35,32,0,AndhraÂ Pradesh,Southern,Healthcare,Electronics & Gadgets,1,7894.0,,
1003274,P00065242,F,26-35,32,0,Himachal Pradesh,Northern,Agriculture,Electronics & Gadgets,1,7894.0,,
1004788,P00207742,F,36-45,36,1,Karnataka,Southern,Aviation,Books,4,7894.0,,
1000369,P00100842,F,36-45,40,0,Madhya Pradesh,Central,Hospitality,Electronics & Gadgets,1,7894.0,,
1001176,P00326242,M,55+,78,1,AndhraÂ Pradesh,Southern,IT Sector,Electronics & Gadgets,3,7893.0,,
1004291,P00321042,F,36-45,39,1,Haryana,Northern,IT Sector,Electronics & Gadgets,3,7893.0,,
1000151,P00048642,M,26-35,33,0,Uttar Pradesh,Central,Agriculture,Electronics & Gadgets,3,7893.0,,
1003720,P00075542,F,46-50,50,0,Delhi,Central,Healthcare,Electronics & Gadgets,4,7892.0,,
1000245,P00136342,M,36-45,37,1,Maharashtra,Western,Healthcare,Electronics & Gadgets,3,7892.0,,
1003208,P00127242,F,26-35,34,0,Uttar Pradesh,Central,Hospitality,Electronics & Gadgets,4,7892.0,,
1000150,P00128942,F,36-45,44,0,Himachal Pradesh,Northern,Textile,Electronics & Gadgets,4,7891.0,,
1000999,P00295042,F,26-35,32,0,Jharkhand,Eastern,Retail,Electronics & Gadgets,3,7891.0,,
1005472,P00119642,F,36-45,39,0,Punjab,Northern,Retail,Electronics & Gadgets,2,7891.0,,
1003970,P00353142,M,26-35,31,1,Delhi,Central,Aviation,Electronics & Gadgets,2,7890.0,,
1001899,P00022642,M,46-50,49,0,Delhi,Central,Hospitality,Electronics & Gadgets,1,7890.0,,
1005946,P00058442,M,55+,60,0,Himachal Pradesh,Northern,IT Sector,Electronics & Gadgets,3,7890.0,,
1000774,P00361842,F,18-25,18,1,Maharashtra,Western,Banking,Electronics & Gadgets,2,7889.0,,
1001117,P00156142,F,18-25,18,0,Haryana,Northern,Media,Electronics & Gadgets,2,7886.0,,
1001439,P00101542,F,36-45,39,1,Jharkhand,Eastern,Banking,Electronics & Gadgets,1,7886.0,,
1000733,P00051842,F,36-45,37,0,Maharashtra,Western,Media,Electronics & Gadgets,3,7886.0,,
1001449,P00089342,F,36-45,44,0,AndhraÂ Pradesh,Southern,Aviation,Electronics & Gadgets,1,7885.0,,
1003942,P00179142,F,18-25,22,0,Punjab,Northern,Banking,Electronics & Gadgets,1,7885.0,,
1004425,P00054042,F,36-45,40,0,AndhraÂ Pradesh,Southern,Govt,Electronics & Gadgets,2,7884.0,,
1001389,P00207942,F,26-35,30,1,Gujarat,Western,Automobile,Electronics & Gadgets,2,7884.0,,
1000573,P00025442,M,36-45,36,0,Haryana,Northern,Aviation,Food,2,7884.0,,
1000430,P00141542,M,18-25,23,1,Madhya Pradesh,Central,Automobile,Electronics & Gadgets,4,7884.0,,
1003641,P00041542,F,26-35,34,0,Rajasthan,Northern,Chemical,Electronics & Gadgets,2,7884.0,,
1001980,P00352842,F,36-45,40,0,Punjab,Northern,Banking,Electronics & Gadgets,1,7883.0,,
1002337,P00016042,F,36-45,41,1,Uttar Pradesh,Central,Retail,Food,2,7883.0,,
1001086,P00093242,F,18-25,24,0,Himachal Pradesh,Northern,Govt,Electronics & Gadgets,2,7882.0,,
1002038,P00270942,M,46-50,49,0,Maharashtra,Western,Healthcare,Electronics & Gadgets,1,7882.0,,
1004862,P00304242,F,26-35,30,1,Rajasthan,Northern,Aviation,Electronics & Gadgets,3,7882.0,,
1005222,P00177842,F,26-35,29,0,Karnataka,Southern,Govt,Food,1,7880.0,,
1001418,P00044442,F,18-25,23,1,Maharashtra,Western,Banking,Electronics & Gadgets,2,7880.0,,
1001418,P00044442,F,18-25,23,1,Maharashtra,Western,Banking,Electronics & Gadgets,3,7880.0,,
1001688,P00125942,M,18-25,22,1,Uttar Pradesh,Central,Hospitality,Electronics & Gadgets,4,7879.0,,
1005733,P00085142,F,26-35,34,0,Uttar Pradesh,Central,Aviation,Decor,2,7879.0,,
1005733,P00085142,F,26-35,34,0,Uttar Pradesh,Central,Aviation,Electronics & Gadgets,3,7879.0,,
1003989,P00251242,F,51-55,54,0,Karnataka,Southern,Media,Books,4,7878.0,,
1002181,P00144042,F,26-35,27,0,Punjab,Northern,Banking,Electronics & Gadgets,1,7878.0,,
1001234,P00057642,F,18-25,23,0,Karnataka,Southern,Healthcare,Food,3,7877.0,,
1001203,P00330442,M,26-35,35,1,Uttar Pradesh,Central,IT Sector,Food,4,7876.0,,
1001723,P00128942,F,36-45,40,0,Bihar,Eastern,Banking,Electronics & Gadgets,2,7875.0,,
1004404,P00028442,F,26-35,32,1,Gujarat,Western,Healthcare,Electronics & Gadgets,3,7875.0,,
1003507,P00277942,F,26-35,34,1,Himachal Pradesh,Northern,Banking,Electronics & Gadgets,1,7875.0,,
1004930,P00035342,F,51-55,52,1,Kerala,Southern,IT Sector,Electronics & Gadgets,3,7875.0,,
1000735,P00238542,M,26-35,31,0,Telangana,Southern,Healthcare,Electronics & Gadgets,4,7875.0,,
1004930,P00035342,F,51-55,52,1,Telangana,Southern,IT Sector,Electronics & Gadgets,2,7875.0,,
1000735,P00238542,M,26-35,31,0,Uttarakhand,Central,Healthcare,Electronics & Gadgets,2,7875.0,,
1003308,P00048942,M,18-25,20,1,AndhraÂ Pradesh,Southern,Healthcare,Electronics & Gadgets,3,7874.0,,
1004322,P0095442,M,51-55,54,1,Delhi,Central,Aviation,Electronics & Gadgets,4,7874.0,,
1001448,P00177642,M,26-35,35,0,Telangana,Southern,Hospitality,Electronics & Gadgets,4,7873.0,,
1002496,P00177442,F,51-55,55,0,AndhraÂ Pradesh,Southern,Hospitality,Electronics & Gadgets,3,7872.0,,
1004286,P00357942,F,36-45,43,0,Uttar Pradesh,Central,Healthcare,Food,2,7872.0,,
1002455,P00119742,F,36-45,43,0,Uttarakhand,Central,IT Sector,Electronics & Gadgets,2,7872.0,,
1002146,P00288942,F,18-25,24,1,Kerala,Southern,Food Processing,Electronics & Gadgets,3,7871.0,,
1005460,P0099342,F,18-25,18,1,Punjab,Northern,Banking,Electronics & Gadgets,4,7871.0,,
1001778,P00181542,F,18-25,21,1,Uttar Pradesh,Central,Hospitality,Electronics & Gadgets,3,7871.0,,
1001941,P00086342,M,36-45,26,1,Himachal Pradesh,Northern,Hospitality,Electronics & Gadgets,2,7870.0,,
1001820,P00049142,F,26-35,27,1,Bihar,Eastern,Banking,Electronics & Gadgets,1,7869.0,,
1002109,P00368742,F,26-35,35,0,Madhya Pradesh,Central,Food Processing,Electronics & Gadgets,2,7869.0,,
1001820,P00049142,F,26-35,27,1,Uttarakhand,Central,Banking,Electronics & Gadgets,4,7869.0,,
1003992,P00187442,F,26-35,32,0,Gujarat,Western,Healthcare,Electronics & Gadgets,3,7868.0,,
1005026,P00226242,F,26-35,31,1,Punjab,Northern,Automobile,Electronics & Gadgets,2,7868.0,,
1002691,P00237642,F,18-25,21,1,Uttarakhand,Central,IT Sector,Electronics & Gadgets,3,7868.0,,
1003609,P00247042,M,26-35,26,0,Uttar Pradesh,Central,Banking,Electronics & Gadgets,1,7867.0,,
1000504,P00229942,F,26-35,33,0,Himachal Pradesh,Northern,IT Sector,Electronics & Gadgets,2,7866.0,,
1000647,P00033042,F,36-45,42,0,Karnataka,Southern,Govt,Food,1,7866.0,,
1005888,P00045342,F,26-35,30,1,Rajasthan,Northern,Automobile,Electronics & Gadgets,2,7866.0,,
1004950,P00118742,F,26-35,26,1,AndhraÂ Pradesh,Southern,Media,Electronics & Gadgets,4,7865.0,,
1000134,P00337942,F,26-35,30,0,AndhraÂ Pradesh,Southern,Aviation,Electronics & Gadgets,3,7865.0,,
1002909,P00084442,F,26-35,34,1,AndhraÂ Pradesh,Southern,IT Sector,Electronics & Gadgets,1,7865.0,,
1001839,P00142942,F,18-25,20,0,Haryana,Northern,IT Sector,Electronics & Gadgets,2,7865.0,,
1000366,P00008542,F,51-55,54,1,Karnataka,Southern,Food Processing,Food,4,7865.0,,
1000721,P00355642,M,36-45,36,0,Uttar Pradesh,Central,Aviation,Electronics & Gadgets,2,7865.0,,
1000481,P00006142,F,46-50,49,0,AndhraÂ Pradesh,Southern,Hospitality,Electronics & Gadgets,3,7864.0,,
1004737,P00221442,F,36-45,39,0,Himachal Pradesh,Northern,Textile,Electronics & Gadgets,4,7864.0,,
1001387,P00114342,M,51-55,51,1,Karnataka,Southern,Automobile,Electronics & Gadgets,1,7864.0,,
1001752,P00346242,F,26-35,34,0,Punjab,Northern,Banking,Electronics & Gadgets,1,7864.0,,
1000639,P00201442,F,46-50,46,1,Rajasthan,Northern,Agriculture,Electronics & Gadgets,1,7864.0,,
1000480,P00152442,M,18-25,19,0,Delhi,Central,IT Sector,Electronics & Gadgets,1,7863.0,,
1004682,P00366542,F,26-35,26,1,Uttar Pradesh,Central,Banking,Decor,2,7863.0,,
1002804,P00019342,M,36-45,38,0,Maharashtra,Western,Hospitality,Food,1,7862.0,,
1001699,P00170642,M,26-35,34,1,Uttar Pradesh,Central,Hospitality,Electronics & Gadgets,2,7862.0,,
1005621,P00354942,M,26-35,34,0,Madhya Pradesh,Central,Healthcare,Electronics & Gadgets,1,7861.0,,
1003985,P00284642,F,46-50,50,0,Maharashtra,Western,Lawyer,Food,2,7861.0,,
1005621,P00354942,M,26-35,34,0,Telangana,Southern,Healthcare,Electronics & Gadgets,1,7861.0,,
1004953,P00288642,F,36-45,37,1,AndhraÂ Pradesh,Southern,IT Sector,Electronics & Gadgets,3,7860.0,,
1005623,P00014542,F,26-35,26,1,Himachal Pradesh,Northern,Retail,Electronics & Gadgets,3,7860.0,,
1000584,P00085242,M,26-35,35,0,Maharashtra,Western,IT Sector,Electronics & Gadgets,4,7860.0,,
1000543,P00205642,F,26-35,31,0,Rajasthan,Northern,IT Sector,Electronics & Gadgets,4,7860.0,,
1000500,P00003642,M,18-25,21,1,Telangana,Southern,IT Sector,Electronics & Gadgets,1,7860.0,,
1001593,P00213742,F,26-35,26,0,Uttar Pradesh,Central,Govt,Food,3,7860.0,,
1003752,P00275842,M,18-25,23,1,Bihar,Eastern,Govt,Electronics & Gadgets,2,7858.0,,
1002643,P00295442,F,46-50,50,1,Haryana,Northern,Textile,Electronics & Gadgets,1,7858.0,,
1000307,P00331242,F,51-55,51,0,Jharkhand,Eastern,Automobile,Electronics & Gadgets,2,7858.0,,
1000245,P00015542,F,36-45,37,0,Punjab,Northern,Construction,Electronics & Gadgets,4,7858.0,,
1004386,P00243942,F,26-35,31,0,Kerala,Southern,Retail,Food,3,7857.0,,
1004861,P00111542,F,26-35,33,0,Rajasthan,Northern,Banking,Electronics & Gadgets,2,7857.0,,
1003592,P00331042,M,55+,76,1,Bihar,Eastern,Food Processing,Electronics & Gadgets,2,7856.0,,
1005878,P00355142,M,26-35,27,0,Haryana,Northern,Banking,Electronics & Gadgets,3,7856.0,,
1001125,P00370242,M,18-25,22,0,Maharashtra,Western,Food Processing,Electronics & Gadgets,2,7856.0,,
1000372,P00161442,M,18-25,23,0,Rajasthan,Northern,Textile,Electronics & Gadgets,1,7856.0,,
1004342,P00019942,F,26-35,28,0,Rajasthan,Northern,Retail,Electronics & Gadgets,2,7856.0,,
1004342,P00019942,F,26-35,28,0,Rajasthan,Northern,Retail,Electronics & Gadgets,3,7856.0,,
1000295,P00110742,F,18-25,22,1,Uttar Pradesh,Central,Lawyer,Electronics & Gadgets,4,7856.0,,
1001880,P00295442,F,36-45,45,0,Uttar Pradesh,Central,Agriculture,Food,2,7856.0,,
1005196,P00058042,F,55+,86,0,Kerala,Southern,Food Processing,Electronics & Gadgets,4,7855.0,,
1000624,P00010842,F,26-35,32,0,Punjab,Northern,Automobile,Electronics & Gadgets,1,7855.0,,
1005682,P00161542,F,18-25,24,1,Uttar Pradesh,Central,Govt,Food,3,7855.0,,
1002063,P00026042,F,26-35,28,1,Uttarakhand,Central,Chemical,Electronics & Gadgets,1,7855.0,,
1003912,P00114942,F,26-35,32,0,Haryana,Northern,Aviation,Food,1,7854.0,,
1004624,P00020242,F,26-35,28,1,Kerala,Southern,Automobile,Electronics & Gadgets,4,7854.0,,
1004026,P00006842,F,26-35,26,1,Rajasthan,Northern,IT Sector,Electronics & Gadgets,3,7854.0,,
1005675,P00338442,F,36-45,40,1,Bihar,Eastern,Hospitality,Electronics & Gadgets,2,7853.0,,
1000735,P00221642,F,26-35,27,1,Madhya Pradesh,Central,Healthcare,Electronics & Gadgets,2,7853.0,,
1001100,P00260142,F,26-35,30,1,Kerala,Southern,Aviation,Electronics & Gadgets,3,7852.0,,
1005878,P00126142,M,26-35,33,0,Madhya Pradesh,Central,Textile,Electronics & Gadgets,2,7852.0,,
1004016,P00085342,F,51-55,53,0,Himachal Pradesh,Northern,Govt,Electronics & Gadgets,3,7851.0,,
1005333,P00043742,M,26-35,27,0,Jharkhand,Eastern,Aviation,Electronics & Gadgets,3,7851.0,,
1001073,P00124742,M,26-35,35,0,Karnataka,Southern,Healthcare,Electronics & Gadgets,4,7851.0,,
1002810,P00042842,F,0-17,13,0,Kerala,Southern,Chemical,Electronics & Gadgets,1,7851.0,,
1001968,P00250842,F,26-35,30,0,Maharashtra,Western,Govt,Electronics & Gadgets,3,7851.0,,
1003268,P00336942,F,26-35,28,0,Uttar Pradesh,Central,Healthcare,Food,3,7850.0,,
1004948,P00114842,F,46-50,49,0,Delhi,Central,Chemical,Food,4,7849.0,,
1003111,P00033542,F,18-25,19,1,Maharashtra,Western,Lawyer,Food,3,7849.0,,
1004806,P00221642,F,26-35,27,0,Maharashtra,Western,Govt,Food,1,7849.0,,
1001812,P00204042,M,26-35,31,0,Haryana,Northern,Aviation,Electronics & Gadgets,3,7848.0,,
1001533,P00265542,F,46-50,50,0,Himachal Pradesh,Northern,Construction,Electronics & Gadgets,4,7847.0,,
1002552,P00121142,M,26-35,33,1,Jharkhand,Eastern,Food Processing,Electronics & Gadgets,3,7847.0,,
1000549,P00169042,F,26-35,30,1,Kerala,Southern,Healthcare,Electronics & Gadgets,3,7847.0,,
1004054,P00302142,F,36-45,45,0,Maharashtra,Western,Retail,Electronics & Gadgets,1,7847.0,,
1002552,P00121142,M,26-35,33,1,Telangana,Southern,Food Processing,Electronics & Gadgets,3,7847.0,,
1003420,P00057942,M,26-35,30,0,Uttar Pradesh,Central,Hospitality,Food,3,7847.0,,
1002995,P00016342,F,26-35,35,0,Himachal Pradesh,Northern,Construction,Electronics & Gadgets,1,7846.0,,
1005121,P00149342,F,26-35,29,0,Jharkhand,Eastern,Food Processing,Electronics & Gadgets,4,7846.0,,
1003180,P00276342,F,26-35,34,0,Maharashtra,Western,Healthcare,Food,3,7846.0,,
1001369,P00137042,F,26-35,26,0,Madhya Pradesh,Central,Healthcare,Electronics & Gadgets,2,7845.0,,
1002468,P0097242,F,51-55,55,0,Maharashtra,Western,Healthcare,Electronics & Gadgets,4,7845.0,,
1003115,P00351142,F,36-45,41,0,AndhraÂ Pradesh,Southern,Textile,Electronics & Gadgets,3,7844.0,,
1003735,P00174442,F,26-35,30,0,Haryana,Northern,Media,Electronics & Gadgets,2,7844.0,,
1005254,P00139542,F,18-25,24,1,AndhraÂ Pradesh,Southern,Aviation,Electronics & Gadgets,1,7843.0,,
1003453,P00118142,F,36-45,39,1,AndhraÂ Pradesh,Southern,Govt,Electronics & Gadgets,1,7843.0,,
1002018,P00337942,F,36-45,41,0,Jharkhand,Eastern,Agriculture,Electronics & Gadgets,4,7843.0,,
1003387,P00216842,F,18-25,22,0,Rajasthan,Northern,Food Processing,Electronics & Gadgets,4,7843.0,,
1005254,P00139542,F,18-25,24,1,Telangana,Southern,Aviation,Electronics & Gadgets,3,7843.0,,
1005890,P00283442,F,36-45,45,0,AndhraÂ Pradesh,Southern,Healthcare,Electronics & Gadgets,3,7842.0,,
1004470,P00233742,F,36-45,41,0,Delhi,Central,Lawyer,Electronics & Gadgets,2,7842.0,,
1005222,P00212242,F,26-35,31,0,Haryana,Northern,Chemical,Food,1,7842.0,,
1003994,P00343042,F,51-55,51,0,Kerala,Southern,Media,Electronics & Gadgets,2,7842.0,,
1002063,P00228442,M,26-35,30,0,Maharashtra,Western,Lawyer,Books,2,7842.0,,
1002619,P00279542,F,36-45,36,0,AndhraÂ Pradesh,Southern,Govt,Electronics & Gadgets,4,7841.0,,
1003945,P00335242,M,46-50,50,0,Gujarat,Western,Healthcare,Electronics & Gadgets,3,7840.0,,
1000424,P00089342,F,26-35,26,0,Himachal Pradesh,Northern,Banking,Electronics & Gadgets,4,7840.0,,
1001680,P00004342,M,26-35,26,0,Maharashtra,Western,Govt,Electronics & Gadgets,3,7840.0,,
1000513,P00113142,F,26-35,35,0,Rajasthan,Northern,Healthcare,Electronics & Gadgets,1,7840.0,,
1001943,P00237642,F,18-25,20,0,Uttar Pradesh,Central,Lawyer,Food,3,7840.0,,
1001369,P00124842,F,26-35,31,1,Bihar,Eastern,IT Sector,Electronics & Gadgets,3,7839.0,,
1005433,P00221642,M,36-45,36,1,Delhi,Central,IT Sector,Electronics & Gadgets,4,7839.0,,
1003841,P00180542,F,46-50,47,0,Gujarat,Western,Banking,Electronics & Gadgets,4,7838.0,,
1005684,P00024742,F,18-25,20,0,Uttar Pradesh,Central,Automobile,Electronics & Gadgets,3,7838.0,,
1002073,P00064042,M,18-25,22,0,Karnataka,Southern,Healthcare,Electronics & Gadgets,1,7837.0,,
1005691,P00087442,F,36-45,44,0,Uttar Pradesh,Central,Food Processing,Electronics & Gadgets,2,7837.0,,
1004736,P00126042,F,18-25,20,0,Bihar,Eastern,Automobile,Electronics & Gadgets,3,7835.0,,
1002818,P00201342,F,26-35,26,1,Kerala,Southern,Aviation,Electronics & Gadgets,4,7835.0,,
1001383,P00267542,M,26-35,34,0,AndhraÂ Pradesh,Southern,Chemical,Electronics & Gadgets,2,7834.0,,
1004521,P00334642,F,36-45,43,0,Maharashtra,Western,Chemical,Electronics & Gadgets,1,7834.0,,
1005100,P00310842,F,51-55,55,0,Jharkhand,Eastern,Aviation,Electronics & Gadgets,1,7832.0,,
1003922,P00110842,F,18-25,20,1,AndhraÂ Pradesh,Southern,Healthcare,Electronics & Gadgets,2,7831.0,,
1000533,P00133442,F,26-35,31,1,Maharashtra,Western,Media,Electronics & Gadgets,4,7831.0,,
1004213,P00293042,M,36-45,37,0,AndhraÂ Pradesh,Southern,Hospitality,Electronics & Gadgets,4,7830.0,,
1004055,P0094142,F,51-55,51,0,AndhraÂ Pradesh,Southern,Textile,Electronics & Gadgets,3,7830.0,,
1005153,P00196542,F,26-35,31,1,Jharkhand,Eastern,Textile,Electronics & Gadgets,3,7830.0,,
1005599,P00052042,F,36-45,42,0,Maharashtra,Western,IT Sector,Electronics & Gadgets,4,7830.0,,
1003217,P00214842,M,36-45,41,1,Karnataka,Southern,Govt,Electronics & Gadgets,2,7829.0,,
1002024,P00000742,F,0-17,17,0,Maharashtra,Western,Banking,Electronics & Gadgets,2,7829.0,,
1004806,P00111142,F,26-35,34,1,Gujarat,Western,Banking,Electronics & Gadgets,4,7828.0,,
1001465,P00209942,M,51-55,54,1,Himachal Pradesh,Northern,Construction,Electronics & Gadgets,3,7828.0,,
1005402,P00325142,M,26-35,32,1,Madhya Pradesh,Central,IT Sector,Electronics & Gadgets,3,7828.0,,
1004904,P00084442,F,51-55,55,1,Maharashtra,Western,IT Sector,Electronics & Gadgets,4,7828.0,,
1001908,P00011042,F,55+,66,1,Rajasthan,Northern,Food Processing,Electronics & Gadgets,3,7828.0,,
1002116,P00006142,F,18-25,25,1,Uttar Pradesh,Central,Chemical,Electronics & Gadgets,2,7828.0,,
1000326,P00271942,M,51-55,55,0,Jharkhand,Eastern,Banking,Food,1,7827.0,,
1001658,P00129842,M,36-45,38,0,Madhya Pradesh,Central,Media,Electronics & Gadgets,4,7827.0,,
1002798,P00176142,M,36-45,41,0,Jharkhand,Eastern,Agriculture,Electronics & Gadgets,4,7826.0,,
1003785,P00274642,M,26-35,33,0,Punjab,Northern,Chemical,Electronics & Gadgets,4,7826.0,,
1003201,P00086042,F,46-50,48,1,AndhraÂ Pradesh,Southern,Automobile,Electronics & Gadgets,3,7825.0,,
1002559,P00114942,F,18-25,20,0,Madhya Pradesh,Central,Construction,Electronics & Gadgets,4,7825.0,,
1003201,P00086042,F,46-50,48,1,Madhya Pradesh,Central,Automobile,Electronics & Gadgets,3,7825.0,,
1003211,P00177342,F,51-55,53,1,Rajasthan,Northern,Aviation,Electronics & Gadgets,1,7825.0,,
1000302,P00217942,F,18-25,24,0,AndhraÂ Pradesh,Southern,Healthcare,Electronics & Gadgets,4,7824.0,,
1005318,P00157642,F,18-25,21,1,Haryana,Northern,Govt,Electronics & Gadgets,3,7824.0,,
1005837,P00031042,F,26-35,28,1,Bihar,Eastern,IT Sector,Electronics & Gadgets,4,7823.0,,
1005722,P00060242,F,26-35,32,0,Jharkhand,Eastern,Healthcare,Electronics & Gadgets,1,7823.0,,
1000013,P00111542,F,46-50,49,0,Jharkhand,Eastern,Govt,Electronics & Gadgets,4,7823.0,,
1005010,P00178142,F,46-50,48,0,Madhya Pradesh,Central,Textile,Electronics & Gadgets,1,7823.0,,
1001198,P00208342,M,0-17,16,1,Bihar,Eastern,Media,Food,2,7822.0,,
1003675,P00020342,F,36-45,37,0,Uttar Pradesh,Central,Healthcare,Decor,1,7822.0,,
1000655,P00139442,M,26-35,35,0,Maharashtra,Western,Chemical,Decor,2,7821.0,,
1001737,P00363242,F,36-45,40,0,Maharashtra,Western,Aviation,Food,4,7821.0,,
1005954,P00127442,F,46-50,46,1,Maharashtra,Western,IT Sector,Decor,2,7820.0,,
1004674,P00105942,M,36-45,36,0,Uttar Pradesh,Central,IT Sector,Electronics & Gadgets,4,7820.0,,
1001680,P00049642,M,26-35,26,0,AndhraÂ Pradesh,Southern,IT Sector,Electronics & Gadgets,4,7819.0,,
1000268,P00148542,M,18-25,23,0,Karnataka,Southern,Banking,Electronics & Gadgets,4,7819.0,,
1003639,P00221442,F,18-25,18,1,Uttar Pradesh,Central,Food Processing,Food,4,7818.0,,
1000792,P00196042,F,26-35,30,1,Uttar Pradesh,Central,IT Sector,Electronics & Gadgets,2,7818.0,,
1004083,P00010742,F,55+,68,0,Bihar,Eastern,IT Sector,Electronics & Gadgets,2,7817.0,,
1001969,P00120042,M,26-35,29,1,Bihar,Eastern,Agriculture,Electronics & Gadgets,3,7816.0,,
1001969,P00120042,M,26-35,29,1,Gujarat,Western,Agriculture,Electronics & Gadgets,2,7816.0,,
1005605,P00332442,M,18-25,24,1,Uttar Pradesh,Central,Healthcare,Electronics & Gadgets,2,7816.0,,
1000138,P00355142,F,18-25,23,0,AndhraÂ Pradesh,Southern,IT Sector,Electronics & Gadgets,1,7815.0,,
1003075,P00238442,M,26-35,30,1,Madhya Pradesh,Central,Textile,Electronics & Gadgets,3,7815.0,,
1001675,P00334042,M,26-35,31,0,Gujarat,Western,Healthcare,Electronics & Gadgets,4,7814.0,,
1001459,P00240142,M,26-35,28,0,Maharashtra,Western,Automobile,Electronics & Gadgets,1,7814.0,,
1002369,P00023942,F,36-45,40,1,Madhya Pradesh,Central,Govt,Food,3,7813.0,,
1005107,P00113342,M,46-50,47,0,Uttar Pradesh,Central,Hospitality,Food,2,7813.0,,
1004824,P00118042,F,26-35,31,1,Himachal Pradesh,Northern,Healthcare,Electronics & Gadgets,2,7812.0,,
1001167,P00000142,M,51-55,51,1,Karnataka,Southern,Chemical,Electronics & Gadgets,3,7812.0,,
1001169,P00254342,F,26-35,31,0,Haryana,Northern,Aviation,Food,3,7811.0,,
1001373,P00065042,M,26-35,32,0,Gujarat,Western,Healthcare,Electronics & Gadgets,2,7810.0,,
1005000,P00000742,F,26-35,30,1,Maharashtra,Western,Banking,Decor,2,7809.0,,
1001164,P00059142,M,26-35,33,0,Uttar Pradesh,Central,IT Sector,Electronics & Gadgets,1,7809.0,,
1005756,P00176842,F,0-17,16,0,Jharkhand,Eastern,Construction,Electronics & Gadgets,2,7808.0,,
1001471,P00108442,F,26-35,28,0,Uttar Pradesh,Central,Hospitality,Decor,3,7808.0,,
1004560,P00161442,F,26-35,28,1,Uttar Pradesh,Central,Banking,Electronics & Gadgets,4,7808.0,,
1001912,P00103342,F,26-35,31,0,Maharashtra,Western,Chemical,Food,2,7807.0,,
1005072,P00183242,F,46-50,46,0,Haryana,Northern,Food Processing,Electronics & Gadgets,4,7806.0,,
1002666,P00021942,F,46-50,49,0,Uttar Pradesh,Central,IT Sector,Decor,2,7806.0,,
1005686,P00022942,M,55+,69,0,AndhraÂ Pradesh,Southern,Aviation,Electronics & Gadgets,4,7805.0,,
1000853,P00117442,F,26-35,31,0,Bihar,Eastern,Banking,Electronics & Gadgets,4,7805.0,,
1004005,P00183342,M,36-45,36,0,Delhi,Central,Automobile,Electronics & Gadgets,1,7805.0,,
1005282,P00197542,M,18-25,25,1,Himachal Pradesh,Northern,Banking,Electronics & Gadgets,3,7803.0,,
1005759,P00177642,M,26-35,32,1,Karnataka,Southern,Banking,Electronics & Gadgets,3,7803.0,,
1005000,P00051842,F,26-35,35,0,Rajasthan,Northern,IT Sector,Electronics & Gadgets,1,7803.0,,
1001693,P00126042,M,26-35,31,1,AndhraÂ Pradesh,Southern,Construction,Electronics & Gadgets,4,7802.0,,
1002753,P00250242,M,51-55,53,0,Maharashtra,Western,Banking,Electronics & Gadgets,3,7802.0,,
1005952,P00313642,M,46-50,50,0,Uttar Pradesh,Central,Media,Electronics & Gadgets,3,7802.0,,
1004018,P00103042,M,46-50,48,1,Karnataka,Southern,Hospitality,Electronics & Gadgets,2,7801.0,,
1000753,P00255842,F,0-17,12,0,Rajasthan,Northern,Govt,Electronics & Gadgets,1,7801.0,,
1003380,P00000142,F,51-55,55,1,Rajasthan,Northern,Automobile,Food,3,7801.0,,
1000437,P00101942,F,36-45,45,0,AndhraÂ Pradesh,Southern,IT Sector,Electronics & Gadgets,2,7800.0,,
1004470,P00286742,F,36-45,45,1,AndhraÂ Pradesh,Southern,Healthcare,Electronics & Gadgets,4,7800.0,,
1003629,P00213242,M,51-55,55,1,AndhraÂ Pradesh,Southern,Hospitality,Electronics & Gadgets,4,7800.0,,
1002544,P00313442,F,46-50,48,1,Himachal Pradesh,Northern,Hospitality,Electronics & Gadgets,1,7800.0,,
1004591,P00058042,F,26-35,34,1,Maharashtra,Western,Hospitality,Electronics & Gadgets,3,7800.0,,
1003768,P00111142,F,26-35,29,0,Uttar Pradesh,Central,Automobile,Electronics & Gadgets,2,7800.0,,
1002931,P00193542,F,18-25,20,1,Madhya Pradesh,Central,Textile,Electronics & Gadgets,1,7799.0,,
1002412,P00233642,F,55+,59,1,Bihar,Eastern,Automobile,Electronics & Gadgets,4,7798.0,,
1004024,P00237642,F,26-35,26,1,Maharashtra,Western,Food Processing,Decor,4,7798.0,,
1004682,P00145642,F,26-35,35,0,Maharashtra,Western,Banking,Food,2,7798.0,,
1002491,P00001042,F,36-45,45,0,Uttar Pradesh,Central,Construction,Electronics & Gadgets,1,7798.0,,
1002109,P00000142,M,26-35,30,0,AndhraÂ Pradesh,Southern,Aviation,Electronics & Gadgets,4,7797.0,,
1004645,P00131542,M,51-55,51,0,Jharkhand,Eastern,Healthcare,Electronics & Gadgets,4,7797.0,,
1000299,P00014942,F,26-35,32,0,Gujarat,Western,Media,Electronics & Gadgets,2,7796.0,,
1002665,P00070342,F,36-45,43,1,Gujarat,Western,Food Processing,Electronics & Gadgets,2,7796.0,,
1002880,P00363742,F,18-25,24,0,Jharkhand,Eastern,Banking,Electronics & Gadgets,2,7796.0,,
1002665,P00070342,F,36-45,43,1,Kerala,Southern,Food Processing,Electronics & Gadgets,3,7796.0,,
1001741,P00127442,F,36-45,42,1,Uttar Pradesh,Central,Govt,Electronics & Gadgets,4,7796.0,,
1003205,P00242742,M,36-45,43,1,Delhi,Central,Healthcare,Electronics & Gadgets,2,7795.0,,
1002486,P00296042,F,18-25,19,0,Karnataka,Southern,IT Sector,Electronics & Gadgets,2,7795.0,,
1003047,P00288942,M,26-35,31,1,Karnataka,Southern,Aviation,Electronics & Gadgets,4,7795.0,,
1000871,P00216342,F,0-17,16,0,AndhraÂ Pradesh,Southern,Healthcare,Electronics & Gadgets,1,7794.0,,
1004957,P00005942,F,26-35,34,0,Madhya Pradesh,Central,IT Sector,Food,3,7794.0,,
1001201,P00228642,F,18-25,24,1,Maharashtra,Western,Food Processing,Electronics & Gadgets,1,7794.0,,
1001022,P00214142,F,26-35,26,1,Rajasthan,Northern,Banking,Electronics & Gadgets,3,7794.0,,
1001298,P00044242,F,36-45,41,0,Uttar Pradesh,Central,Construction,Electronics & Gadgets,4,7794.0,,
1002043,P00255542,F,26-35,34,0,Delhi,Central,IT Sector,Electronics & Gadgets,2,7793.0,,
1001731,P00024142,M,18-25,23,0,Gujarat,Western,Automobile,Electronics & Gadgets,4,7793.0,,
1006003,P00046742,M,46-50,46,1,Delhi,Central,IT Sector,Electronics & Gadgets,1,7792.0,,
1002991,P00278642,F,51-55,55,1,Maharashtra,Western,Media,Decor,1,7792.0,,
1003416,P00111042,F,26-35,31,0,Rajasthan,Northern,IT Sector,Electronics & Gadgets,4,7792.0,,
1005180,P00110742,F,36-45,43,1,Jharkhand,Eastern,Banking,Electronics & Gadgets,3,7791.0,,
1004965,P00286742,F,0-17,15,1,Karnataka,Southern,Automobile,Electronics & Gadgets,3,7791.0,,
1005180,P00110742,F,36-45,43,1,Rajasthan,Northern,Banking,Electronics & Gadgets,1,7791.0,,
1000173,P00338842,F,26-35,31,1,Jharkhand,Eastern,Retail,Electronics & Gadgets,3,7789.0,,
1000245,P00227542,F,36-45,45,0,Kerala,Southern,Textile,Electronics & Gadgets,3,7789.0,,
1005545,P00113042,M,36-45,39,0,Maharashtra,Western,Healthcare,Electronics & Gadgets,3,7789.0,,
1000899,P00237542,M,26-35,26,1,Bihar,Eastern,IT Sector,Food,2,7788.0,,
1000549,P00134342,F,26-35,30,0,Uttar Pradesh,Central,Automobile,Electronics & Gadgets,4,7788.0,,
1002793,P00268442,F,36-45,37,0,Gujarat,Western,Chemical,Electronics & Gadgets,4,7787.0,,
1006011,P00003642,F,36-45,43,1,Uttar Pradesh,Central,Automobile,Electronics & Gadgets,1,7787.0,,
1001224,P00345742,F,51-55,51,1,Uttar Pradesh,Central,Aviation,Electronics & Gadgets,3,7787.0,,
1001758,P00031442,M,26-35,34,1,Maharashtra,Western,Textile,Electronics & Gadgets,4,7786.0,,
1004066,P00051442,F,26-35,34,1,AndhraÂ Pradesh,Southern,IT Sector,Electronics & Gadgets,4,7785.0,,
1004066,P00051442,F,26-35,34,1,Haryana,Northern,IT Sector,Electronics & Gadgets,2,7785.0,,
1000419,P00083942,F,18-25,20,0,Maharashtra,Western,Govt,Electronics & Gadgets,1,7785.0,,
1000419,P00083942,F,18-25,20,0,Maharashtra,Western,Govt,Electronics & Gadgets,2,7785.0,,
1001264,P00010842,F,26-35,32,0,Uttar Pradesh,Central,Banking,Electronics & Gadgets,2,7785.0,,
1003677,P00279442,M,26-35,27,1,Himachal Pradesh,Northern,Construction,Food,3,7784.0,,
1002164,P00123142,F,36-45,38,1,Madhya Pradesh,Central,Automobile,Electronics & Gadgets,1,7784.0,,
1002164,P00123142,F,36-45,38,1,Telangana,Southern,Automobile,Electronics & Gadgets,2,7784.0,,
1003422,P00347442,F,26-35,26,1,Uttar Pradesh,Central,Healthcare,Decor,2,7784.0,,
1003934,P00212442,F,26-35,34,1,AndhraÂ Pradesh,Southern,IT Sector,Electronics & Gadgets,3,7783.0,,
1003934,P00212442,F,26-35,34,1,Gujarat,Western,IT Sector,Electronics & Gadgets,1,7783.0,,
1003465,P00112542,F,26-35,28,1,Delhi,Central,Banking,Electronics & Gadgets,1,7782.0,,
1003465,P00112542,F,26-35,28,1,Haryana,Northern,Banking,Electronics & Gadgets,1,7782.0,,
1000411,P00067942,M,46-50,46,1,Punjab,Northern,Healthcare,Food,1,7782.0,,
1004940,P00116942,M,51-55,54,1,Punjab,Northern,Aviation,Electronics & Gadgets,3,7782.0,,
1005379,P00255842,F,26-35,30,0,Bihar,Eastern,Banking,Food,1,7781.0,,
1000123,P00344242,F,36-45,45,1,Uttar Pradesh,Central,Media,Decor,2,7781.0,,
1005677,P00250342,M,26-35,26,0,Uttarakhand,Central,Banking,Electronics & Gadgets,1,7781.0,,
1002383,P00216342,M,26-35,26,1,Uttar Pradesh,Central,Automobile,Electronics & Gadgets,4,7780.0,,
1003464,P00298542,M,26-35,29,1,Jharkhand,Eastern,Aviation,Electronics & Gadgets,4,7779.0,,
1005520,P00178042,F,46-50,46,0,Jharkhand,Eastern,Healthcare,Electronics & Gadgets,2,7779.0,,
1004979,P00106042,F,36-45,36,1,AndhraÂ Pradesh,Southern,Banking,Electronics & Gadgets,4,7778.0,,
1003067,P00010342,M,26-35,31,0,Delhi,Central,Media,Food,1,7778.0,,
1005734,P00265542,M,26-35,29,0,Kerala,Southern,IT Sector,Food,4,7778.0,,
1000552,P00199442,F,51-55,53,0,Madhya Pradesh,Central,Aviation,Food,3,7778.0,,
1003474,P00080342,F,36-45,45,1,Punjab,Northern,Govt,Electronics & Gadgets,2,7778.0,,
1003250,P00265242,F,26-35,34,1,Rajasthan,Northern,Hospitality,Electronics & Gadgets,4,7776.0,,
1004732,P00192542,F,26-35,35,0,AndhraÂ Pradesh,Southern,IT Sector,Electronics & Gadgets,3,7775.0,,
1001466,P00117142,F,18-25,25,0,Himachal Pradesh,Northern,Govt,Electronics & Gadgets,3,7775.0,,
1003610,P00203242,F,18-25,19,1,Punjab,Northern,Aviation,Electronics & Gadgets,4,7775.0,,
1000754,P00265042,F,36-45,45,1,Punjab,Northern,Aviation,Electronics & Gadgets,2,7775.0,,
1001466,P00117142,F,18-25,25,0,Rajasthan,Northern,Govt,Electronics & Gadgets,2,7775.0,,
1003610,P00203242,F,18-25,19,1,Telangana,Southern,Aviation,Electronics & Gadgets,3,7775.0,,
1001511,P00174842,F,36-45,43,1,Uttar Pradesh,Central,Banking,Food,4,7775.0,,
1001010,P00115142,F,26-35,29,0,Maharashtra,Western,Retail,Electronics & Gadgets,4,7774.0,,
1005340,P00024142,M,51-55,55,0,Uttar Pradesh,Central,Chemical,Decor,2,7774.0,,
1005981,P00291942,F,36-45,43,1,Bihar,Eastern,Hospitality,Electronics & Gadgets,1,7772.0,,
1004291,P00345742,F,36-45,44,1,Bihar,Eastern,Media,Electronics & Gadgets,3,7772.0,,
1002215,P00208742,M,26-35,34,1,Maharashtra,Western,Media,Electronics & Gadgets,3,7772.0,,
1005059,P00162442,M,46-50,49,1,AndhraÂ Pradesh,Southern,IT Sector,Electronics & Gadgets,1,7771.0,,
1005387,P00035942,M,26-35,31,1,Delhi,Central,Media,Electronics & Gadgets,4,7771.0,,
1003410,P00044442,F,36-45,44,0,Haryana,Northern,Aviation,Electronics & Gadgets,1,7771.0,,
1004791,P00116842,F,18-25,22,0,Himachal Pradesh,Northern,Govt,Electronics & Gadgets,3,7771.0,,
1002857,P00160942,F,26-35,34,0,AndhraÂ Pradesh,Southern,Aviation,Electronics & Gadgets,3,7770.0,,
1000195,P00250242,F,26-35,29,1,Jharkhand,Eastern,Banking,Electronics & Gadgets,4,7770.0,,
1005636,P00178542,F,26-35,29,1,AndhraÂ Pradesh,Southern,Media,Electronics & Gadgets,4,7769.0,,
1004486,P00247342,F,36-45,39,1,AndhraÂ Pradesh,Southern,Media,Electronics & Gadgets,2,7769.0,,
1001068,P0097142,M,18-25,19,1,Uttar Pradesh,Central,Hospitality,Decor,2,7769.0,,
1003904,P00214242,F,0-17,12,0,AndhraÂ Pradesh,Southern,Lawyer,Electronics & Gadgets,1,7768.0,,
1004774,P00004742,F,46-50,50,0,Haryana,Northern,Retail,Electronics & Gadgets,2,7768.0,,
1003539,P00286542,M,26-35,29,0,Karnataka,Southern,Hospitality,Food,2,7768.0,,
1003099,P00129642,F,26-35,27,0,Haryana,Northern,IT Sector,Electronics & Gadgets,3,7767.0,,
1003945,P00302942,M,46-50,50,0,Karnataka,Southern,Healthcare,Electronics & Gadgets,3,7767.0,,
1005950,P00313142,F,26-35,27,0,Kerala,Southern,IT Sector,Electronics & Gadgets,1,7767.0,,
1005038,P00289942,M,26-35,26,1,Madhya Pradesh,Central,Aviation,Electronics & Gadgets,4,7767.0,,
1005364,P00198042,M,26-35,30,1,Karnataka,Southern,Textile,Electronics & Gadgets,3,7766.0,,
1003967,P00036242,M,18-25,25,1,Madhya Pradesh,Central,Textile,Electronics & Gadgets,2,7766.0,,
1003072,P00282642,F,51-55,55,1,Maharashtra,Western,Hospitality,Electronics & Gadgets,2,7766.0,,
1004856,P00075542,F,26-35,30,1,AndhraÂ Pradesh,Southern,Aviation,Electronics & Gadgets,3,7765.0,,
1001794,P00370642,F,26-35,30,0,Karnataka,Southern,Retail,Food,4,7764.0,,
1001492,P00206442,F,26-35,33,1,Karnataka,Southern,Food Processing,Books,1,7764.0,,
1002380,P00115642,F,26-35,32,1,Kerala,Southern,Govt,Electronics & Gadgets,4,7764.0,,
1005366,P00249742,F,18-25,22,0,Maharashtra,Western,Textile,Electronics & Gadgets,1,7764.0,,
1001149,P00222942,F,26-35,30,0,Uttarakhand,Central,Healthcare,Electronics & Gadgets,2,7763.0,,
1002304,P00171342,F,46-50,46,0,Gujarat,Western,IT Sector,Food,1,7762.0,,
1004708,P00265242,F,26-35,29,1,Jharkhand,Eastern,Aviation,Electronics & Gadgets,4,7762.0,,
1004144,P00275842,F,18-25,18,1,Karnataka,Southern,Chemical,Food,4,7762.0,,
1001980,P00289242,F,36-45,42,0,Kerala,Southern,Banking,Electronics & Gadgets,2,7762.0,,
1001448,P00283242,M,26-35,28,1,Madhya Pradesh,Central,Aviation,Electronics & Gadgets,1,7762.0,,
1000329,P00142942,F,36-45,44,0,Himachal Pradesh,Northern,Banking,Electronics & Gadgets,1,7761.0,,
1002265,P00335542,F,55+,76,0,Kerala,Southern,Healthcare,Electronics & Gadgets,3,7761.0,,
1001874,P00028842,F,46-50,46,0,Maharashtra,Western,Construction,Electronics & Gadgets,3,7761.0,,
1002106,P00078742,M,18-25,20,0,Uttarakhand,Central,Media,Electronics & Gadgets,3,7761.0,,
1003569,P00198342,M,18-25,24,1,Karnataka,Southern,Automobile,Electronics & Gadgets,2,7760.0,,
1001192,P00350942,F,51-55,51,1,Uttarakhand,Central,IT Sector,Electronics & Gadgets,3,7760.0,,
1001150,P00114042,M,26-35,31,0,Uttar Pradesh,Central,Healthcare,Electronics & Gadgets,3,7759.0,,
1003665,P00127842,F,26-35,34,1,Bihar,Eastern,Media,Electronics & Gadgets,1,7758.0,,
1006006,P00144042,M,0-17,16,0,Delhi,Central,IT Sector,Electronics & Gadgets,2,7758.0,,
1004928,P00029742,M,26-35,27,0,Kerala,Southern,Aviation,Electronics & Gadgets,4,7758.0,,
1000026,P00042842,F,26-35,29,0,Himachal Pradesh,Northern,Healthcare,Electronics & Gadgets,1,7757.0,,
1000303,P00217942,F,26-35,31,0,Rajasthan,Northern,IT Sector,Electronics & Gadgets,4,7757.0,,
1003029,P00243942,F,18-25,22,1,Jharkhand,Eastern,IT Sector,Electronics & Gadgets,3,7756.0,,
1003489,P00184942,F,18-25,21,1,Haryana,Northern,Chemical,Food,2,7754.0,,
1000884,P00307542,M,0-17,16,1,Madhya Pradesh,Central,IT Sector,Food,3,7754.0,,
1004609,P00160342,M,26-35,27,1,Bihar,Eastern,Lawyer,Books,2,7753.0,,
1005749,P00288542,F,26-35,29,1,Maharashtra,Western,IT Sector,Food,4,7753.0,,
1004852,P00289042,F,36-45,45,0,Karnataka,Southern,Banking,Food,4,7749.0,,
1005199,P00271142,M,26-35,34,1,Delhi,Central,Govt,Food,4,7748.0,,
1005199,P00271142,M,26-35,34,1,Himachal Pradesh,Northern,Govt,Food,4,7748.0,,
1004447,P00136842,F,46-50,49,1,Uttar Pradesh,Central,Chemical,Food,4,7747.0,,
1002178,P00184942,F,46-50,48,0,Karnataka,Southern,Govt,Food,3,7743.0,,
1002820,P00105342,M,36-45,45,0,Gujarat,Western,Retail,Food,4,7740.0,,
1000587,P00369142,F,26-35,28,1,Uttar Pradesh,Central,IT Sector,Food,3,7732.0,,
1004757,P00156442,F,36-45,38,1,Karnataka,Southern,Aviation,Books,1,7727.0,,
1005342,P00321042,M,36-45,36,0,Haryana,Northern,Media,Food,4,7725.0,,
1000416,P00313442,F,46-50,46,1,Karnataka,Southern,Media,Books,1,7721.0,,
1002636,P00330442,F,18-25,24,0,Karnataka,Southern,Hospitality,Food,4,7720.0,,
1002288,P00100842,M,0-17,17,0,Jharkhand,Eastern,Healthcare,Food,2,7715.0,,
1001648,P00303942,F,51-55,51,0,Uttar Pradesh,Central,Chemical,Food,4,7715.0,,
1002692,P00145042,M,18-25,22,1,Delhi,Central,Agriculture,Food,1,7713.0,,
1004187,P00119342,M,55+,91,1,Maharashtra,Western,Govt,Food,4,7709.0,,
1003910,P00025442,F,26-35,31,0,Uttar Pradesh,Central,Healthcare,Food,4,7709.0,,
1002419,P00210142,F,26-35,35,1,Gujarat,Western,Lawyer,Food,3,7708.0,,
1003509,P00185642,F,18-25,24,1,Karnataka,Southern,Automobile,Food,2,7701.0,,
1001384,P00307542,M,18-25,23,1,Uttar Pradesh,Central,Banking,Books,2,7698.0,,
1004884,P00111942,F,36-45,38,1,Karnataka,Southern,IT Sector,Books,2,7697.0,,
1005759,P00302942,M,26-35,30,1,Madhya Pradesh,Central,Aviation,Food,3,7697.0,,
1004103,P00154642,F,18-25,22,1,Karnataka,Southern,Food Processing,Food,1,7690.0,,
1003809,P00119642,F,36-45,38,0,Delhi,Central,Lawyer,Food,1,7686.0,,
1005468,P00248942,F,26-35,32,1,Delhi,Central,Govt,Food,1,7683.0,,
1003976,P00216042,M,26-35,29,1,Uttarakhand,Central,Retail,Food,4,7682.0,,
1004126,P00075742,F,26-35,28,0,Bihar,Eastern,Healthcare,Food,4,7681.0,,
1004543,P00344242,F,26-35,32,1,Maharashtra,Western,Banking,Food,2,7681.0,,
1004028,P00217242,F,26-35,33,1,Maharashtra,Western,Lawyer,Food,2,7680.0,,
1002242,P00216342,F,18-25,23,1,Uttar Pradesh,Central,Media,Food,4,7677.0,,
1000855,P00108442,M,18-25,24,1,Gujarat,Western,Lawyer,Books,1,7674.0,,
1005504,P00158242,F,46-50,50,0,AndhraÂ Pradesh,Southern,Lawyer,Food,1,7670.0,,
1002060,P00278642,F,0-17,16,1,Uttar Pradesh,Central,Govt,Food,2,7668.0,,
1002315,P00111442,M,55+,57,1,Himachal Pradesh,Northern,Hospitality,Food,2,7666.0,,
1001109,P0094942,F,18-25,25,0,Maharashtra,Western,Agriculture,Food,1,7663.0,,
1005350,P00288942,F,18-25,20,0,Haryana,Northern,Construction,Food,2,7659.0,,
1001969,P00124542,M,26-35,31,0,Maharashtra,Western,Retail,Food,4,7659.0,,
1003253,P00114842,M,36-45,39,0,Jharkhand,Eastern,Govt,Food,1,7655.0,,
1001917,P00035942,F,18-25,24,0,Uttar Pradesh,Central,IT Sector,Food,1,7655.0,,
1001027,P00113242,F,18-25,18,1,Karnataka,Southern,Agriculture,Food,1,7653.0,,
1001993,P00190042,F,36-45,43,0,Uttar Pradesh,Central,Healthcare,Food,4,7652.0,,
1000034,P00033042,M,18-25,22,1,Maharashtra,Western,Banking,Food,4,7651.0,,
1004446,P00260042,F,18-25,25,0,Madhya Pradesh,Central,Banking,Food,2,7645.0,,
1002825,P00151542,M,26-35,26,1,Haryana,Northern,Aviation,Food,2,7640.0,,
1000136,P00342742,F,18-25,19,1,Maharashtra,Western,Chemical,Food,1,7638.0,,
1000302,P00117042,F,18-25,22,1,Madhya Pradesh,Central,Aviation,Beauty,3,7637.0,,
1002105,P00323942,F,26-35,35,1,Haryana,Northern,IT Sector,Food,3,7629.0,,
1002770,P00317842,F,36-45,36,1,Haryana,Northern,Chemical,Food,2,7629.0,,
1003272,P00267542,F,36-45,37,0,Uttar Pradesh,Central,Hospitality,Food,3,7627.0,,
1005555,P00110842,F,0-17,16,1,Uttar Pradesh,Central,Automobile,Beauty,1,7625.0,,
1000453,P00217142,F,18-25,22,0,Bihar,Eastern,Retail,Food,1,7622.0,,
1003353,P00142942,F,36-45,45,0,Maharashtra,Western,Food Processing,Food,1,7622.0,,
1004438,P00323542,F,51-55,55,1,Maharashtra,Western,Healthcare,Food,4,7622.0,,
1000252,P00237542,F,26-35,27,0,Madhya Pradesh,Central,IT Sector,Beauty,3,7621.0,,
1003910,P00310842,F,26-35,33,1,Madhya Pradesh,Central,Hospitality,Beauty,4,7619.0,,
1001272,P00021842,F,18-25,21,0,Uttar Pradesh,Central,IT Sector,Beauty,1,7617.0,,
1003557,P00114942,F,18-25,25,1,Jharkhand,Eastern,IT Sector,Food,1,7611.0,,
1002420,P00113142,F,51-55,52,0,AndhraÂ Pradesh,Southern,Automobile,Beauty,1,7610.0,,
1005342,P00144242,M,36-45,41,1,Delhi,Central,IT Sector,Hand & Power Tools,3,7610.0,,
1005039,P00291042,M,36-45,38,0,Bihar,Eastern,Retail,Food,1,7601.0,,
1000884,P00190142,M,0-17,16,1,Himachal Pradesh,Northern,IT Sector,Food,1,7601.0,,
1003196,P00286642,M,18-25,23,0,Karnataka,Southern,Aviation,Food,1,7600.0,,
1000846,P00334242,F,26-35,30,0,AndhraÂ Pradesh,Southern,Healthcare,Beauty,2,7598.0,,
1003141,P00237542,F,26-35,27,0,Uttar Pradesh,Central,Media,Food,4,7598.0,,
1001723,P00248542,F,36-45,40,0,AndhraÂ Pradesh,Southern,Lawyer,Food,4,7592.0,,
1001354,P00270142,M,26-35,30,1,Kerala,Southern,IT Sector,Beauty,3,7589.0,,
1001799,P00184942,F,36-45,38,0,Uttar Pradesh,Central,IT Sector,Food,3,7589.0,,
1005063,P00148742,M,0-17,13,0,Rajasthan,Northern,Food Processing,Food,1,7588.0,,
1003308,P00144042,M,18-25,24,1,Uttar Pradesh,Central,Healthcare,Beauty,2,7588.0,,
1001209,P00278042,F,36-45,45,1,Bihar,Eastern,IT Sector,Food,2,7586.0,,
1004904,P00178942,F,51-55,52,0,Maharashtra,Western,Food Processing,Beauty,4,7586.0,,
1003673,P00313442,F,26-35,35,0,Gujarat,Western,Retail,Food,4,7584.0,,
1004591,P00216342,F,26-35,32,0,Maharashtra,Western,Lawyer,Food,1,7583.0,,
1003259,P00062842,M,18-25,25,0,Madhya Pradesh,Central,Govt,Beauty,4,7582.0,,
1004238,P00180142,F,36-45,45,1,Uttar Pradesh,Central,Aviation,Beauty,2,7576.0,,
1001465,P00245142,F,51-55,51,1,Madhya Pradesh,Central,Retail,Beauty,2,7572.0,,
1003889,P00304242,F,46-50,46,1,Madhya Pradesh,Central,Hospitality,Beauty,1,7562.0,,
1004053,P00122542,F,26-35,28,0,Madhya Pradesh,Central,IT Sector,Beauty,2,7552.0,,
1002576,P00182242,F,18-25,21,1,Delhi,Central,Media,Beauty,4,7536.0,,
1004711,P00326242,F,26-35,30,0,Madhya Pradesh,Central,Healthcare,Beauty,4,7526.0,,
1000026,P00250842,F,26-35,29,0,Uttar Pradesh,Central,IT Sector,Beauty,3,7519.0,,
1000659,P00051642,M,26-35,32,0,Maharashtra,Western,Hospitality,Beauty,3,7517.0,,
1001126,P00161942,F,55+,76,0,Madhya Pradesh,Central,Healthcare,Beauty,3,7513.0,,
1003142,P00112742,F,26-35,32,1,AndhraÂ Pradesh,Southern,Healthcare,Beauty,1,7512.0,,
1002211,P00343442,F,46-50,46,1,Delhi,Central,Media,Beauty,2,7509.0,,
1002868,P00226342,F,36-45,42,0,Madhya Pradesh,Central,Aviation,Beauty,4,7506.0,,
1000710,P00086042,F,26-35,31,0,Maharashtra,Western,Aviation,Beauty,3,7502.0,,
1004829,P00071442,F,26-35,27,0,Uttar Pradesh,Central,Automobile,Beauty,4,7498.0,,
1001835,P00023642,F,26-35,29,0,Madhya Pradesh,Central,IT Sector,Beauty,2,7485.0,,
1004972,P00254242,F,36-45,45,0,Madhya Pradesh,Central,Healthcare,Beauty,2,7468.0,,
1003365,P00259242,F,51-55,55,0,Madhya Pradesh,Central,Media,Beauty,2,7463.0,,
1005241,P00114542,M,26-35,28,1,Maharashtra,Western,IT Sector,Beauty,4,7432.0,,
1002707,P00364842,F,55+,77,1,Madhya Pradesh,Central,Aviation,Beauty,3,7428.0,,
1003841,P00052442,F,46-50,50,1,Delhi,Central,Agriculture,Beauty,4,7425.0,,
1001140,P00114142,M,46-50,48,0,Karnataka,Southern,Healthcare,Beauty,3,7424.0,,
1001750,P00010742,F,51-55,54,0,Madhya Pradesh,Central,Lawyer,Beauty,1,7421.0,,
1003349,P00216142,M,18-25,19,0,Maharashtra,Western,Govt,Beauty,1,7416.0,,
1002874,P00284642,M,36-45,37,0,Madhya Pradesh,Central,Automobile,Beauty,4,7415.0,,
1001667,P00302442,F,51-55,54,1,Madhya Pradesh,Central,Media,Beauty,4,7415.0,,
1000590,P00366242,M,36-45,45,0,Karnataka,Southern,Healthcare,Beauty,2,7409.0,,
1001087,P00112242,F,26-35,28,1,Madhya Pradesh,Central,Lawyer,Beauty,2,7409.0,,
1001050,P00033042,F,26-35,30,0,Delhi,Central,Automobile,Beauty,4,7408.0,,
1000324,P00148642,F,36-45,39,1,Madhya Pradesh,Central,Aviation,Beauty,3,7405.0,,
1003491,P00313542,F,26-35,32,0,Madhya Pradesh,Central,Healthcare,Beauty,4,7404.0,,
1002972,P00161942,F,26-35,27,0,Madhya Pradesh,Central,IT Sector,Beauty,2,7402.0,,
1000904,P00037342,F,36-45,38,1,Madhya Pradesh,Central,Govt,Beauty,3,7401.0,,
1004850,P00351042,M,46-50,50,0,Karnataka,Southern,Banking,Beauty,3,7399.0,,
1005623,P00155242,M,26-35,26,1,Uttar Pradesh,Central,Healthcare,Beauty,2,7398.0,,
1001293,P00161842,F,26-35,33,0,Madhya Pradesh,Central,Textile,Beauty,3,7397.0,,
1001284,P00041442,F,46-50,48,0,Madhya Pradesh,Central,Aviation,Beauty,3,7392.0,,
1002888,P00030842,F,26-35,30,0,Delhi,Central,Healthcare,Beauty,3,7389.0,,
1005916,P00100742,F,51-55,53,1,Madhya Pradesh,Central,IT Sector,Beauty,3,7381.0,,
1001552,P00074642,F,46-50,46,1,Madhya Pradesh,Central,Retail,Beauty,1,7377.0,,
1001880,P00142942,F,36-45,38,1,Madhya Pradesh,Central,IT Sector,Beauty,2,7375.0,,
1002232,P00207842,F,26-35,31,1,Jharkhand,Eastern,Govt,Clothing & Apparel,4,7194.0,,
1004508,P00274442,F,26-35,28,0,Uttar Pradesh,Central,IT Sector,Clothing & Apparel,3,7194.0,,
1003816,P00270842,M,26-35,29,0,AndhraÂ Pradesh,Southern,Food Processing,Clothing & Apparel,2,7193.0,,
1004161,P00317342,F,46-50,48,1,Madhya Pradesh,Central,Hospitality,Clothing & Apparel,2,7193.0,,
1002232,P00154242,F,26-35,29,0,Maharashtra,Western,Retail,Clothing & Apparel,2,7193.0,,
1001422,P00233542,F,36-45,38,0,Gujarat,Western,Food Processing,Clothing & Apparel,3,7192.0,,
1000701,P00028842,M,18-25,25,0,Maharashtra,Western,Media,Clothing & Apparel,1,7192.0,,
1001697,P00220242,M,18-25,23,0,Punjab,Northern,Healthcare,Clothing & Apparel,4,7192.0,,
1003447,P00062842,F,26-35,26,1,Uttar Pradesh,Central,Hospitality,Clothing & Apparel,4,7192.0,,
1003718,P00116142,F,51-55,54,1,Uttarakhand,Central,Aviation,Clothing & Apparel,4,7192.0,,
1005434,P00114742,M,26-35,29,0,Uttarakhand,Central,Hospitality,Clothing & Apparel,1,7191.0,,
1004480,P0097242,F,26-35,31,1,Uttarakhand,Central,Retail,Clothing & Apparel,4,7191.0,,
1002022,P00303342,F,26-35,32,1,AndhraÂ Pradesh,Southern,Aviation,Clothing & Apparel,1,7190.0,,
1003469,P00072442,F,46-50,50,0,Bihar,Eastern,IT Sector,Clothing & Apparel,1,7190.0,,
1001769,P00240542,F,26-35,31,1,Delhi,Central,Banking,Clothing & Apparel,4,7190.0,,
1003209,P00165442,F,26-35,26,0,Madhya Pradesh,Central,Food Processing,Clothing & Apparel,1,7190.0,,
1005574,P00280942,F,26-35,35,0,Maharashtra,Western,Retail,Clothing & Apparel,3,7190.0,,
1001912,P00158342,F,26-35,29,0,Maharashtra,Western,Chemical,Clothing & Apparel,4,7189.0,,
1000069,P00163842,M,26-35,35,1,Delhi,Central,Aviation,Clothing & Apparel,1,7188.0,,
1004794,P00260142,M,36-45,42,0,AndhraÂ Pradesh,Southern,Retail,Clothing & Apparel,4,7187.0,,
1002962,P00142142,F,36-45,45,1,Himachal Pradesh,Northern,Textile,Clothing & Apparel,1,7187.0,,
1004794,P00260142,M,36-45,42,0,Telangana,Southern,Retail,Clothing & Apparel,4,7187.0,,
1000731,P00206442,F,46-50,50,0,Uttar Pradesh,Central,Retail,Clothing & Apparel,1,7187.0,,
1001938,P00113142,M,26-35,34,0,Karnataka,Southern,Healthcare,Clothing & Apparel,2,7186.0,,
1001220,P00048742,F,0-17,14,1,Uttar Pradesh,Central,IT Sector,Clothing & Apparel,3,7186.0,,
1000498,P00025442,F,36-45,45,1,Uttar Pradesh,Central,IT Sector,Clothing & Apparel,2,7186.0,,
1003635,P00036842,F,51-55,55,0,AndhraÂ Pradesh,Southern,Construction,Clothing & Apparel,1,7185.0,,
1001605,P00141742,M,18-25,22,0,Himachal Pradesh,Northern,Retail,Clothing & Apparel,4,7185.0,,
1005305,P00295842,M,18-25,22,0,Karnataka,Southern,Banking,Clothing & Apparel,1,7185.0,,
1004784,P00050042,M,36-45,41,1,Uttarakhand,Central,Retail,Clothing & Apparel,2,7185.0,,
1000945,P00249142,F,46-50,46,1,Uttarakhand,Central,Food Processing,Clothing & Apparel,4,7185.0,,
1004601,P00216142,F,36-45,41,1,AndhraÂ Pradesh,Southern,Govt,Clothing & Apparel,4,7184.0,,
1003841,P00110742,F,46-50,46,0,Delhi,Central,Aviation,Clothing & Apparel,4,7184.0,,
1005803,P00025442,M,0-17,17,1,Himachal Pradesh,Northern,IT Sector,Clothing & Apparel,3,7184.0,,
1004341,P00046742,F,36-45,36,1,Maharashtra,Western,IT Sector,Clothing & Apparel,1,7184.0,,
1004954,P00211142,F,46-50,48,1,AndhraÂ Pradesh,Southern,Govt,Clothing & Apparel,2,7182.0,,
1003853,P00113342,F,26-35,28,0,Maharashtra,Western,Healthcare,Clothing & Apparel,4,7182.0,,
1002753,P00102542,M,51-55,51,1,Uttar Pradesh,Central,IT Sector,Clothing & Apparel,4,7182.0,,
1002166,P00010942,F,0-17,12,1,Uttarakhand,Central,Healthcare,Clothing & Apparel,1,7182.0,,
1005811,P00170642,F,18-25,18,0,Delhi,Central,Agriculture,Clothing & Apparel,1,7181.0,,
1001422,P00255842,F,36-45,36,0,Gujarat,Western,Lawyer,Clothing & Apparel,1,7181.0,,
1002618,P00362342,M,18-25,20,1,Uttar Pradesh,Central,IT Sector,Clothing & Apparel,2,7181.0,,
1002718,P00120542,M,26-35,31,1,Uttar Pradesh,Central,Food Processing,Clothing & Apparel,2,7181.0,,
1005359,P00233542,F,18-25,19,0,Gujarat,Western,Textile,Clothing & Apparel,1,7180.0,,
1002203,P00088042,F,46-50,49,1,Delhi,Central,Hospitality,Clothing & Apparel,4,7179.0,,
1000869,P00208842,F,18-25,22,1,Karnataka,Southern,Retail,Clothing & Apparel,1,7179.0,,
1003483,P00041542,M,46-50,47,0,Madhya Pradesh,Central,Aviation,Clothing & Apparel,3,7179.0,,
1001426,P00058342,F,18-25,23,1,Maharashtra,Western,Hospitality,Clothing & Apparel,3,7179.0,,
1005605,P00250642,M,18-25,19,1,Uttar Pradesh,Central,IT Sector,Clothing & Apparel,4,7178.0,,
1002537,P00303042,F,36-45,42,1,Jharkhand,Eastern,IT Sector,Clothing & Apparel,2,7177.0,,
1005537,P00279542,M,55+,64,0,Maharashtra,Western,Lawyer,Clothing & Apparel,3,7177.0,,
1003280,P00216742,F,26-35,30,1,Kerala,Southern,Healthcare,Clothing & Apparel,3,7176.0,,
1002206,P00036842,F,46-50,49,1,AndhraÂ Pradesh,Southern,Banking,Clothing & Apparel,3,7174.0,,
1004635,P00286742,F,18-25,19,1,Karnataka,Southern,Healthcare,Clothing & Apparel,2,7174.0,,
1002288,P00120342,F,0-17,13,0,Kerala,Southern,Hospitality,Clothing & Apparel,2,7174.0,,
1003410,P00324942,F,36-45,39,1,Himachal Pradesh,Northern,Automobile,Clothing & Apparel,2,7173.0,,
1002156,P00001642,F,18-25,23,1,Bihar,Eastern,Hospitality,Clothing & Apparel,2,7172.0,,
1003997,P00132642,F,36-45,37,1,Gujarat,Western,Lawyer,Clothing & Apparel,2,7172.0,,
1002777,P00021742,F,18-25,21,1,Himachal Pradesh,Northern,Textile,Clothing & Apparel,4,7172.0,,
1004746,P00014542,F,51-55,55,1,Uttar Pradesh,Central,Aviation,Clothing & Apparel,2,7172.0,,
1000351,P00106742,F,18-25,24,0,Punjab,Northern,Construction,Clothing & Apparel,1,7171.0,,
1000595,P00029142,F,26-35,35,1,Uttar Pradesh,Central,IT Sector,Clothing & Apparel,3,7171.0,,
1004285,P00190242,F,36-45,40,0,Maharashtra,Western,Lawyer,Clothing & Apparel,1,7170.0,,
1000272,P00116642,F,18-25,21,1,Uttar Pradesh,Central,Food Processing,Clothing & Apparel,2,7170.0,,
1003013,P0097142,F,46-50,49,0,Uttarakhand,Central,IT Sector,Clothing & Apparel,3,7170.0,,
1005222,P00057942,F,26-35,34,0,Jharkhand,Eastern,Aviation,Clothing & Apparel,3,7169.0,,
1001884,P00288242,F,46-50,50,0,Maharashtra,Western,Banking,Clothing & Apparel,3,7169.0,,
1002063,P00183942,F,26-35,30,1,Karnataka,Southern,Banking,Clothing & Apparel,2,7168.0,,
1004122,P00145042,F,18-25,21,0,Kerala,Southern,Banking,Clothing & Apparel,2,7168.0,,
1005039,P00132042,M,36-45,38,1,Madhya Pradesh,Central,Banking,Clothing & Apparel,4,7168.0,,
1002049,P00085242,M,51-55,51,1,Maharashtra,Western,IT Sector,Clothing & Apparel,4,7168.0,,
1000235,P00138542,F,26-35,27,0,Uttar Pradesh,Central,Automobile,Clothing & Apparel,2,7168.0,,
1003807,P00359642,M,36-45,36,0,Uttarakhand,Central,Aviation,Clothing & Apparel,2,7168.0,,
1000377,P00321742,F,26-35,26,0,Jharkhand,Eastern,Hospitality,Clothing & Apparel,3,7167.0,,
1002643,P00351142,M,46-50,48,0,Kerala,Southern,Banking,Clothing & Apparel,4,7167.0,,
1005964,P00028842,F,18-25,19,1,Maharashtra,Western,Aviation,Clothing & Apparel,2,7167.0,,
1004167,P00084442,F,26-35,29,0,Uttar Pradesh,Central,Retail,Clothing & Apparel,4,7167.0,,
1000284,P00114442,F,26-35,35,0,Uttar Pradesh,Central,IT Sector,Clothing & Apparel,1,7167.0,,
1003005,P00270942,F,26-35,34,0,AndhraÂ Pradesh,Southern,Govt,Clothing & Apparel,3,7166.0,,
1002100,P00255542,M,26-35,31,1,Kerala,Southern,Food Processing,Clothing & Apparel,1,7166.0,,
1004591,P00198242,F,26-35,31,1,Jharkhand,Eastern,Banking,Clothing & Apparel,1,7165.0,,
1001647,P00118142,F,18-25,22,1,Karnataka,Southern,Aviation,Clothing & Apparel,4,7165.0,,
1003709,P00228642,F,26-35,34,1,Uttar Pradesh,Central,Lawyer,Clothing & Apparel,2,7165.0,,
1003771,P00217442,F,26-35,31,0,AndhraÂ Pradesh,Southern,Construction,Clothing & Apparel,3,7164.0,,
1005180,P00083842,F,36-45,43,0,Madhya Pradesh,Central,Automobile,Clothing & Apparel,2,7164.0,,
1006037,P00178442,M,46-50,49,1,Karnataka,Southern,Hospitality,Clothing & Apparel,4,7163.0,,
1000319,P00138442,M,51-55,55,0,Karnataka,Southern,IT Sector,Clothing & Apparel,2,7163.0,,
1004579,P00120042,M,18-25,24,1,Maharashtra,Western,Media,Clothing & Apparel,4,7163.0,,
1003634,P00330242,F,51-55,54,0,Delhi,Central,Healthcare,Clothing & Apparel,1,7162.0,,
1002262,P00183242,F,46-50,46,1,Haryana,Northern,Agriculture,Clothing & Apparel,4,7162.0,,
1004579,P00355642,M,18-25,20,0,Himachal Pradesh,Northern,Healthcare,Clothing & Apparel,1,7162.0,,
1005912,P00242742,M,26-35,32,1,Karnataka,Southern,Hospitality,Clothing & Apparel,3,7162.0,,
1003976,P00109742,M,26-35,30,1,Maharashtra,Western,Banking,Clothing & Apparel,4,7162.0,,
1001051,P00109842,M,26-35,33,1,AndhraÂ Pradesh,Southern,Banking,Clothing & Apparel,2,7161.0,,
1005857,P00183442,M,46-50,47,0,Madhya Pradesh,Central,Healthcare,Clothing & Apparel,1,7161.0,,
1000850,P00317242,F,36-45,45,1,Maharashtra,Western,IT Sector,Clothing & Apparel,1,7161.0,,
1004089,P00231942,F,26-35,30,1,Karnataka,Southern,Banking,Clothing & Apparel,2,7160.0,,
1003612,P00037142,F,26-35,31,0,Bihar,Eastern,Healthcare,Clothing & Apparel,1,7159.0,,
1002071,P00053842,F,46-50,50,0,Karnataka,Southern,Agriculture,Clothing & Apparel,3,7159.0,,
1001024,P00115342,M,36-45,43,0,Maharashtra,Western,Agriculture,Clothing & Apparel,2,7159.0,,
1004043,P00131542,M,26-35,30,0,Jharkhand,Eastern,Retail,Clothing & Apparel,1,7158.0,,
1001279,P00003642,F,36-45,40,0,Haryana,Northern,Banking,Clothing & Apparel,4,7157.0,,
1000355,P00127942,F,18-25,24,0,Uttar Pradesh,Central,Lawyer,Clothing & Apparel,3,7157.0,,
1004407,P00075742,F,18-25,22,0,AndhraÂ Pradesh,Southern,Healthcare,Clothing & Apparel,4,7156.0,,
1003955,P00241642,F,36-45,44,0,Himachal Pradesh,Northern,Lawyer,Clothing & Apparel,2,7156.0,,
1003180,P00130842,F,26-35,27,0,Karnataka,Southern,Chemical,Clothing & Apparel,3,7156.0,,
1005256,P00118142,F,26-35,34,0,Bihar,Eastern,Agriculture,Clothing & Apparel,3,7155.0,,
1000746,P00155442,M,18-25,19,1,Himachal Pradesh,Northern,IT Sector,Clothing & Apparel,4,7155.0,,
1002583,P00217442,F,36-45,44,0,Himachal Pradesh,Northern,IT Sector,Clothing & Apparel,4,7155.0,,
1005982,P00070042,M,36-45,44,0,Maharashtra,Western,Aviation,Clothing & Apparel,4,7155.0,,
1001733,P00303142,F,18-25,21,1,Uttar Pradesh,Central,Healthcare,Clothing & Apparel,4,7155.0,,
1004671,P00334242,F,26-35,29,1,Uttar Pradesh,Central,Chemical,Clothing & Apparel,1,7155.0,,
1002595,P00352242,F,18-25,20,1,Karnataka,Southern,Healthcare,Clothing & Apparel,3,7154.0,,
1000588,P00024142,M,26-35,27,1,Madhya Pradesh,Central,Govt,Clothing & Apparel,3,7154.0,,
1002737,P00138342,F,26-35,30,0,Maharashtra,Western,Lawyer,Clothing & Apparel,1,7154.0,,
1004015,P00289042,M,46-50,49,0,Uttar Pradesh,Central,Construction,Clothing & Apparel,3,7154.0,,
1001875,P00000742,F,36-45,41,1,Gujarat,Western,IT Sector,Clothing & Apparel,2,7153.0,,
1002581,P00067942,M,26-35,32,0,Madhya Pradesh,Central,Aviation,Clothing & Apparel,2,7153.0,,
1002393,P00196742,F,55+,77,0,Maharashtra,Western,Banking,Clothing & Apparel,3,7153.0,,
1005100,P00295842,F,51-55,54,0,Gujarat,Western,Healthcare,Clothing & Apparel,2,7152.0,,
1003557,P00263142,M,18-25,18,0,Haryana,Northern,Automobile,Clothing & Apparel,2,7152.0,,
1005942,P00113142,F,46-50,47,0,Uttar Pradesh,Central,Banking,Clothing & Apparel,1,7152.0,,
1001962,P00016342,M,18-25,18,0,Bihar,Eastern,IT Sector,Clothing & Apparel,4,7151.0,,
1003971,P00009242,M,18-25,19,0,Maharashtra,Western,Govt,Clothing & Apparel,2,7151.0,,
1002968,P00251242,M,18-25,24,0,Maharashtra,Western,Hospitality,Clothing & Apparel,4,7151.0,,
1005831,P00267542,F,26-35,34,1,Bihar,Eastern,Chemical,Clothing & Apparel,3,7150.0,,
1005558,P00320942,M,0-17,13,1,Maharashtra,Western,Healthcare,Clothing & Apparel,3,7150.0,,
1003626,P00015642,F,26-35,26,0,Maharashtra,Western,Govt,Clothing & Apparel,3,7150.0,,
1004823,P00010742,F,18-25,19,0,Maharashtra,Western,IT Sector,Clothing & Apparel,3,7149.0,,
1000727,P00220642,F,36-45,37,0,Uttar Pradesh,Central,Agriculture,Clothing & Apparel,4,7149.0,,
1001952,P00351842,F,36-45,39,0,Uttar Pradesh,Central,IT Sector,Clothing & Apparel,4,7149.0,,
1005196,P00022942,F,55+,87,0,Uttarakhand,Central,Healthcare,Clothing & Apparel,3,7149.0,,
1004673,P00065342,F,36-45,44,0,Himachal Pradesh,Northern,Chemical,Clothing & Apparel,2,7147.0,,
1001611,P00174142,F,26-35,27,1,Maharashtra,Western,Banking,Clothing & Apparel,3,7146.0,,
1003118,P00368442,F,26-35,30,0,Uttar Pradesh,Central,Govt,Clothing & Apparel,2,7146.0,,
1004798,P00351342,F,26-35,31,0,Uttarakhand,Central,Retail,Clothing & Apparel,4,7146.0,,
1002313,P00270942,M,51-55,53,0,Telangana,Southern,IT Sector,Clothing & Apparel,2,7145.0,,
1000391,P00315442,F,46-50,48,0,Punjab,Northern,IT Sector,Clothing & Apparel,1,7144.0,,
1005989,P00036542,F,0-17,15,0,Uttar Pradesh,Central,Aviation,Clothing & Apparel,1,7144.0,,
1003850,P00001642,F,18-25,24,1,Delhi,Central,Construction,Clothing & Apparel,4,7143.0,,
1003697,P00118442,F,26-35,35,0,Karnataka,Southern,Retail,Clothing & Apparel,3,7143.0,,
1000349,P00057742,F,0-17,16,1,Jharkhand,Eastern,Banking,Clothing & Apparel,3,7142.0,,
1001780,P00217342,F,36-45,40,0,Uttar Pradesh,Central,Automobile,Clothing & Apparel,1,7142.0,,
1001687,P00109242,F,26-35,32,1,Himachal Pradesh,Northern,Banking,Clothing & Apparel,4,7141.0,,
1003391,P00336942,F,18-25,20,1,Karnataka,Southern,Aviation,Clothing & Apparel,4,7141.0,,
1005305,P00003942,M,18-25,25,0,AndhraÂ Pradesh,Southern,IT Sector,Clothing & Apparel,2,7140.0,,
1000352,P00316042,F,18-25,23,1,Delhi,Central,Banking,Clothing & Apparel,1,7140.0,,
1005684,P00278642,F,18-25,20,0,Delhi,Central,Healthcare,Clothing & Apparel,2,7139.0,,
1001465,P00272242,F,51-55,53,0,Delhi,Central,Agriculture,Clothing & Apparel,2,7139.0,,
1001087,P00047942,F,26-35,32,0,Himachal Pradesh,Northern,Lawyer,Clothing & Apparel,1,7139.0,,
1000678,P00002942,F,26-35,29,0,Karnataka,Southern,Food Processing,Clothing & Apparel,1,7139.0,,
1003109,P00364842,M,26-35,28,0,Bihar,Eastern,IT Sector,Clothing & Apparel,2,7138.0,,
1003557,P00128042,F,18-25,22,0,Haryana,Northern,Automobile,Clothing & Apparel,4,7138.0,,
1001807,P00120042,F,18-25,22,1,Himachal Pradesh,Northern,IT Sector,Clothing & Apparel,2,7138.0,,
1001485,P00251242,M,26-35,29,0,Karnataka,Southern,Chemical,Clothing & Apparel,4,7138.0,,
1005193,P00040442,F,36-45,37,0,Kerala,Southern,Construction,Clothing & Apparel,3,7138.0,,
1001733,P00160242,F,18-25,20,1,Madhya Pradesh,Central,Govt,Clothing & Apparel,3,7138.0,,
1005433,P00237542,M,36-45,43,1,Uttar Pradesh,Central,Banking,Clothing & Apparel,4,7138.0,,
1005378,P00339442,F,36-45,44,1,AndhraÂ Pradesh,Southern,Healthcare,Clothing & Apparel,4,7137.0,,
1001988,P00118542,M,26-35,28,0,Delhi,Central,Chemical,Clothing & Apparel,1,7137.0,,
1001741,P00111042,F,36-45,43,0,Karnataka,Southern,Healthcare,Clothing & Apparel,1,7137.0,,
1002468,P00289042,F,51-55,51,0,Haryana,Northern,Aviation,Clothing & Apparel,1,7135.0,,
1000398,P00147942,F,26-35,30,0,Uttar Pradesh,Central,Govt,Clothing & Apparel,3,7135.0,,
1001203,P00045842,M,26-35,32,0,Kerala,Southern,Healthcare,Clothing & Apparel,1,7134.0,,
1002886,P00034042,F,18-25,20,0,Maharashtra,Western,Retail,Clothing & Apparel,1,7133.0,,
1001837,P00211442,F,26-35,35,1,Maharashtra,Western,IT Sector,Clothing & Apparel,4,7133.0,,
1002455,P00105242,F,36-45,39,0,Uttar Pradesh,Central,IT Sector,Clothing & Apparel,2,7133.0,,
1002783,P00086442,F,46-50,47,1,Bihar,Eastern,IT Sector,Clothing & Apparel,2,7132.0,,
1003476,P00103242,F,51-55,51,0,Delhi,Central,Media,Clothing & Apparel,3,7132.0,,
1005193,P00004342,F,36-45,40,0,Karnataka,Southern,Construction,Clothing & Apparel,2,7132.0,,
1000326,P00110842,F,51-55,53,1,Bihar,Eastern,Media,Clothing & Apparel,4,7131.0,,
1003283,P00128042,F,36-45,40,1,Gujarat,Western,Aviation,Clothing & Apparel,2,7131.0,,
1001049,P00071242,F,46-50,50,0,Gujarat,Western,Hospitality,Clothing & Apparel,4,7131.0,,
1004557,P00267742,F,26-35,29,0,Haryana,Northern,Hospitality,Clothing & Apparel,1,7131.0,,
1004428,P00124342,F,26-35,35,1,Maharashtra,Western,Aviation,Clothing & Apparel,3,7131.0,,
1002905,P00185442,M,36-45,41,0,Maharashtra,Western,Aviation,Clothing & Apparel,4,7131.0,,
1001694,P00114942,F,26-35,32,0,Uttar Pradesh,Central,Aviation,Clothing & Apparel,4,7131.0,,
1001447,P00180442,F,18-25,22,0,Kerala,Southern,Aviation,Clothing & Apparel,1,7130.0,,
1004808,P00146842,F,36-45,39,0,Kerala,Southern,Banking,Clothing & Apparel,3,7130.0,,
1004233,P00118742,F,36-45,36,1,Uttar Pradesh,Central,Food Processing,Clothing & Apparel,2,7130.0,,
1004014,P00274242,F,26-35,34,1,Himachal Pradesh,Northern,Automobile,Clothing & Apparel,2,7129.0,,
1001281,P00057042,F,26-35,33,1,Jharkhand,Eastern,Healthcare,Clothing & Apparel,4,7128.0,,
1002520,P00116042,M,55+,61,0,Jharkhand,Eastern,IT Sector,Clothing & Apparel,3,7128.0,,
1000347,P00036842,M,55+,69,1,Uttar Pradesh,Central,Healthcare,Clothing & Apparel,3,7128.0,,
1003361,P00101942,F,26-35,27,0,Madhya Pradesh,Central,Lawyer,Clothing & Apparel,2,7127.0,,
1003216,P00305942,F,36-45,40,1,Haryana,Northern,Lawyer,Clothing & Apparel,3,7126.0,,
1001901,P00177342,F,51-55,53,0,Himachal Pradesh,Northern,Healthcare,Clothing & Apparel,3,7126.0,,
1000053,P00191342,F,26-35,32,1,AndhraÂ Pradesh,Southern,IT Sector,Clothing & Apparel,3,7125.0,,
1000838,P00139542,F,51-55,54,1,AndhraÂ Pradesh,Southern,Banking,Clothing & Apparel,4,7125.0,,
1001671,P00176942,F,36-45,37,0,Madhya Pradesh,Central,Textile,Clothing & Apparel,3,7125.0,,
1003261,P00112142,F,46-50,50,1,Uttar Pradesh,Central,Banking,Clothing & Apparel,4,7125.0,,
1000551,P00278642,F,36-45,45,1,Himachal Pradesh,Northern,Healthcare,Clothing & Apparel,2,7124.0,,
1002620,P00143342,F,18-25,20,0,Uttarakhand,Central,Retail,Clothing & Apparel,1,7124.0,,
1003363,P00250842,M,36-45,40,0,Kerala,Southern,Hospitality,Clothing & Apparel,1,7123.0,,
1001501,P00113142,F,26-35,26,1,Madhya Pradesh,Central,Agriculture,Clothing & Apparel,4,7123.0,,
1001242,P00031442,M,36-45,45,1,Madhya Pradesh,Central,Retail,Clothing & Apparel,3,7123.0,,
1004407,P00052042,F,18-25,18,0,Jharkhand,Eastern,Construction,Clothing & Apparel,3,7122.0,,
1004785,P00157642,M,26-35,26,1,Karnataka,Southern,Banking,Clothing & Apparel,4,7122.0,,
1005648,P00193542,F,26-35,34,0,Maharashtra,Western,Healthcare,Clothing & Apparel,2,7122.0,,
1004277,P0099342,F,36-45,40,0,Maharashtra,Western,Chemical,Clothing & Apparel,4,7122.0,,
1002603,P00054042,F,26-35,31,0,Uttar Pradesh,Central,Banking,Clothing & Apparel,1,7122.0,,
1004738,P00233542,F,55+,90,0,Uttar Pradesh,Central,Aviation,Clothing & Apparel,2,7122.0,,
1001805,P00251342,F,18-25,24,0,AndhraÂ Pradesh,Southern,Textile,Clothing & Apparel,4,7121.0,,
1003858,P00086842,M,46-50,46,0,Jharkhand,Eastern,Healthcare,Clothing & Apparel,3,7121.0,,
1002927,P00085242,M,26-35,30,0,Kerala,Southern,Agriculture,Clothing & Apparel,1,7121.0,,
1002820,P00021942,M,36-45,41,0,Uttar Pradesh,Central,Retail,Clothing & Apparel,3,7121.0,,
1002489,P00346742,M,36-45,39,1,Uttarakhand,Central,Aviation,Clothing & Apparel,1,7121.0,,
1004408,P00289542,M,46-50,50,0,Haryana,Northern,Healthcare,Clothing & Apparel,1,7120.0,,
1004715,P00216142,F,26-35,34,1,Jharkhand,Eastern,Govt,Clothing & Apparel,4,7120.0,,
1000182,P00145042,F,18-25,18,0,Uttar Pradesh,Central,Healthcare,Clothing & Apparel,3,7120.0,,
1003423,P00059742,F,26-35,31,0,Delhi,Central,IT Sector,Clothing & Apparel,1,7119.0,,
1001101,P00173842,F,36-45,38,1,Haryana,Northern,Hospitality,Clothing & Apparel,3,7119.0,,
1001422,P00156742,F,36-45,45,0,Karnataka,Southern,Aviation,Clothing & Apparel,3,7119.0,,
1003507,P00182642,F,26-35,34,0,Maharashtra,Western,Banking,Clothing & Apparel,3,7119.0,,
1001148,P00251242,F,36-45,41,0,Bihar,Eastern,Lawyer,Clothing & Apparel,4,7118.0,,
1006005,P00269542,M,26-35,30,1,Madhya Pradesh,Central,Hospitality,Clothing & Apparel,2,7118.0,,
1000261,P00125942,F,26-35,26,0,Maharashtra,Western,Healthcare,Clothing & Apparel,1,7118.0,,
1004510,P00132442,F,46-50,46,1,Uttar Pradesh,Central,Banking,Clothing & Apparel,1,7118.0,,
1004611,P00106042,M,18-25,24,1,Karnataka,Southern,Aviation,Clothing & Apparel,1,7117.0,,
1002415,P00001942,F,26-35,34,1,Bihar,Eastern,IT Sector,Clothing & Apparel,3,7116.0,,
1002811,P00237942,F,26-35,32,0,AndhraÂ Pradesh,Southern,Lawyer,Clothing & Apparel,4,7115.0,,
1000816,P00245642,F,46-50,49,1,Uttar Pradesh,Central,Healthcare,Clothing & Apparel,2,7114.0,,
1004482,P00046742,M,36-45,40,0,Jharkhand,Eastern,Banking,Clothing & Apparel,2,7113.0,,
1001016,P00092442,F,55+,86,0,Maharashtra,Western,Healthcare,Clothing & Apparel,1,7113.0,,
1000514,P00289942,F,26-35,32,0,Himachal Pradesh,Northern,Banking,Clothing & Apparel,1,7112.0,,
1005054,P00052642,F,36-45,42,1,Himachal Pradesh,Northern,Banking,Clothing & Apparel,1,7112.0,,
1004907,P00085642,M,51-55,54,0,Himachal Pradesh,Northern,IT Sector,Clothing & Apparel,2,7112.0,,
1004210,P00161542,M,26-35,27,1,Madhya Pradesh,Central,Govt,Clothing & Apparel,1,7112.0,,
1006011,P00042242,F,36-45,45,0,Maharashtra,Western,Hospitality,Clothing & Apparel,3,7112.0,,
1004131,P00301342,F,46-50,47,0,Bihar,Eastern,Agriculture,Clothing & Apparel,3,7111.0,,
1003319,P00215342,M,55+,75,0,Delhi,Central,Hospitality,Clothing & Apparel,3,7111.0,,
1003778,P00223042,F,26-35,29,1,Karnataka,Southern,Media,Clothing & Apparel,2,7111.0,,
1002015,P00130442,F,18-25,23,0,Uttar Pradesh,Central,Aviation,Clothing & Apparel,1,7111.0,,
1004635,P00196442,F,18-25,20,1,Karnataka,Southern,Banking,Clothing & Apparel,2,7109.0,,
1001937,P0096542,F,26-35,29,0,Uttarakhand,Central,Chemical,Clothing & Apparel,2,7109.0,,
1001495,P00191342,F,18-25,24,0,Delhi,Central,Textile,Clothing & Apparel,1,7108.0,,
1004666,P00327242,F,36-45,38,1,Maharashtra,Western,IT Sector,Clothing & Apparel,4,7108.0,,
1005831,P00025342,F,26-35,27,1,Uttar Pradesh,Central,Construction,Clothing & Apparel,4,7108.0,,
1001232,P0097742,M,18-25,24,0,AndhraÂ Pradesh,Southern,IT Sector,Clothing & Apparel,4,7107.0,,
1000026,P00221742,F,26-35,29,0,Uttar Pradesh,Central,Automobile,Clothing & Apparel,1,7107.0,,
1003777,P00100442,F,18-25,24,0,Uttarakhand,Central,Hospitality,Clothing & Apparel,2,7107.0,,
1000746,P00064142,M,18-25,21,1,Rajasthan,Northern,Banking,Clothing & Apparel,1,7106.0,,
1004508,P00196142,F,26-35,29,0,Himachal Pradesh,Northern,Media,Clothing & Apparel,2,7105.0,,
1005153,P00313042,F,26-35,31,1,Rajasthan,Northern,Govt,Clothing & Apparel,2,7105.0,,
1002098,P00160242,F,36-45,36,0,Jharkhand,Eastern,Automobile,Clothing & Apparel,1,7104.0,,
1005487,P00110942,F,26-35,30,0,Kerala,Southern,Healthcare,Clothing & Apparel,4,7104.0,,
1005359,P00221742,F,18-25,22,0,Uttar Pradesh,Central,Govt,Clothing & Apparel,1,7104.0,,
1001715,P00332242,F,26-35,32,1,Uttar Pradesh,Central,IT Sector,Clothing & Apparel,4,7104.0,,
1002380,P00085442,F,26-35,34,0,AndhraÂ Pradesh,Southern,Aviation,Clothing & Apparel,1,7103.0,,
1005056,P00067942,F,46-50,46,0,Himachal Pradesh,Northern,Food Processing,Clothing & Apparel,3,7103.0,,
1004312,P00113842,F,26-35,26,0,Maharashtra,Western,Aviation,Clothing & Apparel,4,7103.0,,
1001194,P00102642,M,26-35,35,1,Uttar Pradesh,Central,Agriculture,Clothing & Apparel,1,7103.0,,
1005018,P00088342,M,55+,58,0,Maharashtra,Western,Aviation,Clothing & Apparel,1,7102.0,,
1002098,P00146842,F,36-45,44,0,Himachal Pradesh,Northern,Healthcare,Clothing & Apparel,1,7100.0,,
1004183,P00135642,F,26-35,30,0,Kerala,Southern,Healthcare,Clothing & Apparel,1,7100.0,,
1005418,P00125942,M,26-35,33,1,Delhi,Central,Banking,Clothing & Apparel,3,7099.0,,
1001549,P00053842,F,36-45,39,0,Himachal Pradesh,Northern,Aviation,Clothing & Apparel,3,7099.0,,
1001974,P00121342,F,36-45,38,0,Jharkhand,Eastern,Textile,Clothing & Apparel,3,7099.0,,
1003417,P00108842,M,18-25,20,0,Kerala,Southern,IT Sector,Clothing & Apparel,3,7099.0,,
1001051,P00123142,M,26-35,32,1,Delhi,Central,Hospitality,Clothing & Apparel,1,7098.0,,
1000002,P00115342,F,55+,56,0,Gujarat,Western,Agriculture,Clothing & Apparel,3,7098.0,,
1004234,P00087542,M,46-50,49,1,Himachal Pradesh,Northern,Hospitality,Clothing & Apparel,1,7098.0,,
1002042,P00035842,M,0-17,13,1,Karnataka,Southern,Retail,Clothing & Apparel,2,7098.0,,
1004508,P00190942,F,26-35,34,0,Himachal Pradesh,Northern,Retail,Clothing & Apparel,3,7097.0,,
1003180,P00218342,F,26-35,28,1,Uttar Pradesh,Central,Hospitality,Clothing & Apparel,1,7097.0,,
1002941,P00201342,F,36-45,37,1,Uttarakhand,Central,Govt,Clothing & Apparel,2,7097.0,,
1005490,P00191242,F,46-50,48,0,Karnataka,Southern,Govt,Clothing & Apparel,3,7096.0,,
1003337,P00230942,F,26-35,29,0,Maharashtra,Western,Govt,Clothing & Apparel,1,7096.0,,
1001303,P00090942,F,26-35,32,0,Gujarat,Western,IT Sector,Clothing & Apparel,3,7095.0,,
1004495,P00302742,F,18-25,20,0,Uttarakhand,Central,Hospitality,Clothing & Apparel,3,7095.0,,
1003512,P00362342,F,18-25,22,0,Gujarat,Western,Food Processing,Clothing & Apparel,3,7094.0,,
1004621,P00112142,F,26-35,29,0,Jharkhand,Eastern,Textile,Clothing & Apparel,3,7094.0,,
1000731,P00328442,F,46-50,50,0,Jharkhand,Eastern,Govt,Clothing & Apparel,1,7094.0,,
1004167,P00123742,F,26-35,28,1,Karnataka,Southern,Healthcare,Clothing & Apparel,4,7094.0,,
1003654,P00242142,F,26-35,26,1,Madhya Pradesh,Central,Chemical,Clothing & Apparel,3,7094.0,,
1003793,P00192842,F,18-25,21,1,Bihar,Eastern,Lawyer,Clothing & Apparel,1,7093.0,,
1004458,P00150542,M,26-35,30,1,Bihar,Eastern,Banking,Clothing & Apparel,4,7093.0,,
1001069,P00014242,F,26-35,35,0,Kerala,Southern,Banking,Clothing & Apparel,3,7093.0,,
1005843,P00070942,F,36-45,36,1,Uttar Pradesh,Central,IT Sector,Clothing & Apparel,3,7093.0,,
1002060,P00054942,M,0-17,12,1,Karnataka,Southern,Media,Clothing & Apparel,2,7092.0,,
1001645,P0095042,M,18-25,24,0,Karnataka,Southern,Chemical,Clothing & Apparel,2,7092.0,,
1003202,P00051842,M,18-25,25,0,Madhya Pradesh,Central,Healthcare,Clothing & Apparel,1,7092.0,,
1004747,P00046742,F,18-25,25,0,Bihar,Eastern,Media,Clothing & Apparel,3,7091.0,,
1004979,P00292742,F,36-45,38,1,Haryana,Northern,Aviation,Clothing & Apparel,2,7090.0,,
1003515,P00362842,F,36-45,36,0,Maharashtra,Western,IT Sector,Clothing & Apparel,4,7089.0,,
1001586,P00357242,M,46-50,46,1,Maharashtra,Western,Automobile,Clothing & Apparel,2,7089.0,,
1000634,P00198142,F,0-17,16,1,Uttar Pradesh,Central,Hospitality,Clothing & Apparel,3,7089.0,,
1004568,P00164642,M,26-35,29,0,Uttar Pradesh,Central,Construction,Clothing & Apparel,4,7089.0,,
1005561,P00317842,M,26-35,35,0,Uttar Pradesh,Central,Automobile,Clothing & Apparel,1,7089.0,,
1000754,P00357842,F,36-45,41,0,Uttar Pradesh,Central,Healthcare,Clothing & Apparel,4,7089.0,,
1004510,P00299842,F,46-50,46,0,Uttar Pradesh,Central,Aviation,Clothing & Apparel,2,7089.0,,
1002410,P00033642,F,55+,63,1,Gujarat,Western,Textile,Clothing & Apparel,4,7088.0,,
1000648,P00129442,M,26-35,29,1,Madhya Pradesh,Central,Chemical,Clothing & Apparel,1,7088.0,,
1004641,P00141942,F,26-35,31,0,AndhraÂ Pradesh,Southern,Automobile,Clothing & Apparel,4,7087.0,,
1005435,P00282442,F,46-50,46,0,AndhraÂ Pradesh,Southern,Chemical,Clothing & Apparel,3,7087.0,,
1005728,P00244142,M,36-45,44,1,Delhi,Central,Healthcare,Clothing & Apparel,4,7087.0,,
1004706,P00074642,F,26-35,29,0,Gujarat,Western,Chemical,Clothing & Apparel,3,7087.0,,
1000996,P00044142,F,26-35,34,0,Himachal Pradesh,Northern,Healthcare,Clothing & Apparel,3,7087.0,,
1002878,P00194542,M,51-55,51,1,Madhya Pradesh,Central,Food Processing,Clothing & Apparel,4,7087.0,,
1004116,P00208242,F,36-45,45,0,AndhraÂ Pradesh,Southern,Banking,Clothing & Apparel,3,7086.0,,
1003922,P00214342,F,18-25,25,1,Haryana,Northern,IT Sector,Clothing & Apparel,1,7086.0,,
1004064,P00069042,F,46-50,48,0,Haryana,Northern,Healthcare,Clothing & Apparel,4,7086.0,,
1003771,P00236542,F,26-35,35,0,Jharkhand,Eastern,Automobile,Clothing & Apparel,3,7086.0,,
1003761,P00102442,F,26-35,35,1,Madhya Pradesh,Central,Food Processing,Clothing & Apparel,4,7086.0,,
1005186,P00052842,F,36-45,42,1,Maharashtra,Western,Banking,Clothing & Apparel,2,7086.0,,
1002172,P00294242,F,18-25,23,0,Uttar Pradesh,Central,Healthcare,Clothing & Apparel,3,7086.0,,
1000118,P00220442,F,36-45,45,1,Uttar Pradesh,Central,IT Sector,Clothing & Apparel,4,7086.0,,
1001331,P00227542,F,46-50,46,0,Uttarakhand,Central,Govt,Clothing & Apparel,1,7086.0,,
1003732,P0096742,F,26-35,35,0,Jharkhand,Eastern,Healthcare,Clothing & Apparel,4,7085.0,,
1003519,P00034842,M,26-35,29,1,Uttar Pradesh,Central,Aviation,Clothing & Apparel,4,7085.0,,
1004649,P00003042,F,55+,58,1,Uttarakhand,Central,Hospitality,Clothing & Apparel,1,7084.0,,
1005846,P00148642,F,46-50,49,0,Himachal Pradesh,Northern,Automobile,Clothing & Apparel,4,7083.0,,
1000301,P00213242,F,18-25,19,1,Kerala,Southern,IT Sector,Clothing & Apparel,4,7083.0,,
1001865,P00265242,M,18-25,19,0,Kerala,Southern,Aviation,Clothing & Apparel,2,7083.0,,
1005586,P00184942,F,36-45,39,1,Maharashtra,Western,Govt,Clothing & Apparel,4,7083.0,,
1006035,P00212042,M,26-35,31,0,Uttar Pradesh,Central,Healthcare,Clothing & Apparel,4,7082.0,,
1004633,P00051842,F,0-17,16,1,AndhraÂ Pradesh,Southern,Healthcare,Clothing & Apparel,1,7080.0,,
1004344,P00016742,F,26-35,32,0,AndhraÂ Pradesh,Southern,Healthcare,Clothing & Apparel,4,7080.0,,
1000272,P00238442,F,18-25,22,1,Delhi,Central,Chemical,Clothing & Apparel,3,7080.0,,
1001889,P00139942,F,18-25,25,0,Uttar Pradesh,Central,Construction,Clothing & Apparel,4,7080.0,,
1005971,P00080042,F,36-45,38,1,Delhi,Central,Agriculture,Clothing & Apparel,3,7078.0,,
1001941,P00192042,M,36-45,26,1,Himachal Pradesh,Northern,Automobile,Clothing & Apparel,2,7078.0,,
1002043,P00338542,F,26-35,29,0,Himachal Pradesh,Northern,Agriculture,Clothing & Apparel,1,7078.0,,
1005938,P00248142,F,26-35,34,0,Kerala,Southern,IT Sector,Clothing & Apparel,4,7078.0,,
1000624,P00352842,F,26-35,29,1,Gujarat,Western,Banking,Clothing & Apparel,4,7077.0,,
1001496,P00127342,F,26-35,31,1,Kerala,Southern,Retail,Clothing & Apparel,2,7077.0,,
1002328,P00057642,F,55+,85,0,Kerala,Southern,Healthcare,Clothing & Apparel,4,7077.0,,
1000791,P00344542,F,36-45,43,1,Madhya Pradesh,Central,Healthcare,Clothing & Apparel,2,7077.0,,
1005437,P00108542,F,26-35,26,0,Uttarakhand,Central,Hospitality,Clothing & Apparel,1,7077.0,,
1004832,P00226342,F,26-35,31,0,Maharashtra,Western,Banking,Clothing & Apparel,3,7076.0,,
1000945,P00260142,F,46-50,50,0,Maharashtra,Western,Media,Clothing & Apparel,2,7076.0,,
1005450,P00216342,F,18-25,23,0,Bihar,Eastern,Food Processing,Clothing & Apparel,4,7075.0,,
1000877,P00146842,F,26-35,30,0,Haryana,Northern,Aviation,Clothing & Apparel,1,7075.0,,
1005222,P00057442,F,26-35,34,1,Jharkhand,Eastern,Healthcare,Clothing & Apparel,4,7075.0,,
1001279,P00014142,F,36-45,43,0,Kerala,Southern,Chemical,Clothing & Apparel,4,7075.0,,
1001101,P00182342,F,36-45,37,1,AndhraÂ Pradesh,Southern,IT Sector,Clothing & Apparel,3,7074.0,,
1001018,P00057642,F,18-25,23,0,Kerala,Southern,Healthcare,Clothing & Apparel,3,7074.0,,
1005801,P00145042,F,26-35,29,0,Jharkhand,Eastern,Banking,Clothing & Apparel,4,7073.0,,
1005561,P00240142,M,26-35,32,1,Maharashtra,Western,Construction,Clothing & Apparel,1,7073.0,,
1005026,P00021942,F,26-35,27,0,Maharashtra,Western,Govt,Clothing & Apparel,2,7072.0,,
1000587,P00196442,F,26-35,28,1,Delhi,Central,Food Processing,Clothing & Apparel,4,7071.0,,
1001395,P00183342,F,26-35,34,0,Gujarat,Western,Healthcare,Clothing & Apparel,1,7070.0,,
1003414,P00070042,F,26-35,27,0,Madhya Pradesh,Central,IT Sector,Clothing & Apparel,1,7070.0,,
1003618,P00334642,M,18-25,19,0,Jharkhand,Eastern,Aviation,Clothing & Apparel,2,7069.0,,
1002804,P00046742,M,36-45,43,1,Uttar Pradesh,Central,IT Sector,Clothing & Apparel,4,7069.0,,
1004118,P00172842,F,26-35,32,0,Uttarakhand,Central,Media,Clothing & Apparel,4,7069.0,,
1002544,P00127642,F,46-50,46,0,Madhya Pradesh,Central,IT Sector,Clothing & Apparel,1,7068.0,,
1003916,P00241642,F,26-35,32,1,Maharashtra,Western,Hospitality,Clothing & Apparel,3,7068.0,,
1001666,P00102142,F,26-35,27,0,Delhi,Central,Banking,Clothing & Apparel,2,7067.0,,
1004116,P00288942,F,36-45,39,0,Uttar Pradesh,Central,Banking,Clothing & Apparel,2,7067.0,,
1004933,P00175642,F,26-35,31,0,Uttar Pradesh,Central,Aviation,Clothing & Apparel,4,7066.0,,
1004167,P00225842,M,26-35,31,1,Uttarakhand,Central,Aviation,Clothing & Apparel,2,7066.0,,
1004832,P00115542,F,26-35,26,1,Gujarat,Western,Banking,Clothing & Apparel,3,7065.0,,
1004079,P00315842,F,36-45,39,1,Maharashtra,Western,Healthcare,Clothing & Apparel,2,7065.0,,
1003809,P00110742,F,36-45,43,1,Uttar Pradesh,Central,Aviation,Clothing & Apparel,2,7065.0,,
1001969,P00206442,M,26-35,26,0,Maharashtra,Western,Chemical,Clothing & Apparel,4,7064.0,,
1001303,P00211042,F,26-35,34,0,Maharashtra,Western,Aviation,Clothing & Apparel,3,7064.0,,
1002909,P00007542,F,26-35,27,0,Uttar Pradesh,Central,Healthcare,Clothing & Apparel,1,7064.0,,
1001444,P00317842,M,26-35,27,0,AndhraÂ Pradesh,Southern,Construction,Clothing & Apparel,2,7063.0,,
1002899,P00145742,F,36-45,44,1,Karnataka,Southern,Hospitality,Clothing & Apparel,4,7063.0,,
1002621,P00133442,F,18-25,23,0,Gujarat,Western,Govt,Clothing & Apparel,2,7062.0,,
1001958,P00057442,M,26-35,30,0,Rajasthan,Northern,Automobile,Clothing & Apparel,2,7062.0,,
1005466,P00268442,F,26-35,29,1,Uttarakhand,Central,Healthcare,Clothing & Apparel,2,7062.0,,
1004418,P00192842,M,51-55,55,0,AndhraÂ Pradesh,Southern,Aviation,Clothing & Apparel,4,7061.0,,
1001546,P00216142,F,26-35,34,1,Gujarat,Western,Retail,Clothing & Apparel,3,7061.0,,
1004870,P00054742,M,36-45,44,0,Maharashtra,Western,Healthcare,Clothing & Apparel,3,7061.0,,
1000593,P00350942,M,51-55,55,1,Delhi,Central,Banking,Clothing & Apparel,4,7060.0,,
1005786,P00100742,F,26-35,33,0,Maharashtra,Western,Banking,Clothing & Apparel,3,7060.0,,
1000161,P00310342,F,46-50,48,1,Uttar Pradesh,Central,Aviation,Clothing & Apparel,2,7060.0,,
1001271,P00004842,M,46-50,49,1,Karnataka,Southern,Banking,Clothing & Apparel,3,7059.0,,
1005833,P00248742,M,36-45,45,1,Maharashtra,Western,IT Sector,Clothing & Apparel,3,7058.0,,
1000319,P00113642,M,51-55,51,0,Punjab,Northern,Govt,Clothing & Apparel,4,7058.0,,
1001611,P00293342,F,26-35,33,1,Bihar,Eastern,Healthcare,Clothing & Apparel,4,7057.0,,
1001350,P00230942,M,36-45,39,0,Maharashtra,Western,Lawyer,Clothing & Apparel,2,7057.0,,
1002866,P00176842,F,26-35,35,0,Uttarakhand,Central,IT Sector,Clothing & Apparel,2,7057.0,,
1004173,P0097142,M,18-25,18,1,Bihar,Eastern,Aviation,Clothing & Apparel,2,7056.0,,
1005948,P00129542,F,55+,67,0,Himachal Pradesh,Northern,Banking,Clothing & Apparel,2,7055.0,,
1002909,P00321342,F,26-35,34,0,Maharashtra,Western,Healthcare,Clothing & Apparel,4,7055.0,,
1001322,P00106042,F,55+,59,0,Maharashtra,Western,Banking,Clothing & Apparel,2,7055.0,,
1002203,P00161942,F,46-50,50,0,Bihar,Eastern,Banking,Clothing & Apparel,3,7054.0,,
1002407,P00085942,F,36-45,44,0,Gujarat,Western,Govt,Clothing & Apparel,2,7054.0,,
1001051,P00289342,M,26-35,26,0,AndhraÂ Pradesh,Southern,Chemical,Clothing & Apparel,1,7053.0,,
1004448,P00000242,F,26-35,30,1,Bihar,Eastern,Automobile,Clothing & Apparel,3,7053.0,,
1002857,P00284942,F,26-35,33,1,Delhi,Central,Agriculture,Clothing & Apparel,1,7053.0,,
1001926,P00248242,M,0-17,16,1,Karnataka,Southern,Media,Clothing & Apparel,1,7053.0,,
1000302,P00163442,F,18-25,24,1,Uttar Pradesh,Central,Hospitality,Clothing & Apparel,1,7053.0,,
1002069,P00018442,F,55+,65,0,Uttarakhand,Central,Textile,Clothing & Apparel,4,7053.0,,
1001697,P00051842,M,18-25,24,1,Delhi,Central,Media,Clothing & Apparel,3,7052.0,,
1004569,P00173342,F,26-35,32,1,Jharkhand,Eastern,Construction,Clothing & Apparel,4,7052.0,,
1000291,P00091142,F,36-45,45,1,Karnataka,Southern,Aviation,Clothing & Apparel,1,7052.0,,
1000692,P00155742,M,26-35,27,0,Kerala,Southern,Healthcare,Clothing & Apparel,1,7052.0,,
1000225,P00129842,F,26-35,32,0,Uttarakhand,Central,Chemical,Clothing & Apparel,2,7052.0,,
1001088,P00197342,M,0-17,12,0,Haryana,Northern,Agriculture,Clothing & Apparel,4,7051.0,,
1000678,P00034842,F,26-35,29,1,Karnataka,Southern,Lawyer,Clothing & Apparel,1,7051.0,,
1002972,P00017142,F,26-35,33,1,Maharashtra,Western,Media,Clothing & Apparel,1,7051.0,,
1003121,P00187842,F,26-35,30,1,Karnataka,Southern,Hospitality,Clothing & Apparel,4,7050.0,,
1002116,P00265242,F,18-25,20,1,Delhi,Central,Healthcare,Clothing & Apparel,1,7049.0,,
1002581,P00109542,F,26-35,27,0,Kerala,Southern,Govt,Clothing & Apparel,2,7049.0,,
1001377,P00277942,F,36-45,42,0,Uttarakhand,Central,Banking,Clothing & Apparel,3,7049.0,,
1002806,P00085942,M,0-17,13,1,Delhi,Central,Aviation,Clothing & Apparel,3,7048.0,,
1002239,P00021742,F,18-25,23,0,Bihar,Eastern,IT Sector,Clothing & Apparel,1,7047.0,,
1002433,P00085242,F,26-35,29,1,Bihar,Eastern,Aviation,Clothing & Apparel,3,7047.0,,
1002911,P00137042,M,26-35,32,1,Madhya Pradesh,Central,Media,Clothing & Apparel,1,7047.0,,
1000604,P00112542,F,46-50,46,0,Uttar Pradesh,Central,Retail,Clothing & Apparel,1,7047.0,,
1003094,P00125142,F,36-45,41,0,Bihar,Eastern,Construction,Clothing & Apparel,2,7046.0,,
1002175,P00050342,F,26-35,31,0,Haryana,Northern,Banking,Clothing & Apparel,3,7046.0,,
1000424,P00233542,F,26-35,26,0,Uttar Pradesh,Central,Construction,Clothing & Apparel,1,7046.0,,
1003159,P00051442,M,26-35,28,0,AndhraÂ Pradesh,Southern,Retail,Clothing & Apparel,4,7045.0,,
1000560,P00222242,F,46-50,48,0,Bihar,Eastern,Healthcare,Clothing & Apparel,3,7045.0,,
1003813,P00285842,M,36-45,43,0,Himachal Pradesh,Northern,IT Sector,Clothing & Apparel,2,7045.0,,
1005938,P00350942,F,26-35,30,0,Karnataka,Southern,IT Sector,Clothing & Apparel,3,7045.0,,
1003279,P00348842,F,46-50,48,0,Kerala,Southern,Automobile,Clothing & Apparel,4,7045.0,,
1004784,P00230442,M,36-45,41,0,Rajasthan,Northern,Lawyer,Clothing & Apparel,1,7045.0,,
1003813,P00285842,M,36-45,43,0,Uttar Pradesh,Central,IT Sector,Clothing & Apparel,1,7045.0,,
1003513,P00348242,F,26-35,27,0,Bihar,Eastern,Healthcare,Clothing & Apparel,2,7044.0,,
1003116,P00057642,F,26-35,27,0,Himachal Pradesh,Northern,Agriculture,Clothing & Apparel,2,7044.0,,
1004125,P00293242,F,36-45,44,1,Himachal Pradesh,Northern,Aviation,Clothing & Apparel,3,7044.0,,
1000080,P00130742,F,55+,90,0,Bihar,Eastern,Hospitality,Clothing & Apparel,4,7043.0,,
1003467,P00120142,F,26-35,33,0,Uttar Pradesh,Central,Healthcare,Clothing & Apparel,1,7043.0,,
1004945,P00178142,F,51-55,54,1,Madhya Pradesh,Central,Hospitality,Clothing & Apparel,1,7042.0,,
1001230,P00295842,F,26-35,33,1,Maharashtra,Western,Lawyer,Clothing & Apparel,2,7041.0,,
1003147,P00132042,F,26-35,30,0,Uttar Pradesh,Central,Textile,Clothing & Apparel,1,7041.0,,
1002859,P00247042,F,18-25,21,1,AndhraÂ Pradesh,Southern,IT Sector,Clothing & Apparel,2,7040.0,,
1005643,P00037142,M,36-45,40,0,Himachal Pradesh,Northern,Hospitality,Clothing & Apparel,4,7040.0,,
1005650,P00343442,M,36-45,40,1,Uttar Pradesh,Central,Healthcare,Clothing & Apparel,3,7040.0,,
1002537,P00100742,F,36-45,41,1,AndhraÂ Pradesh,Southern,Govt,Clothing & Apparel,4,7039.0,,
1005111,P00319142,F,36-45,38,1,Jharkhand,Eastern,Food Processing,Clothing & Apparel,1,7039.0,,
1005626,P00145042,F,55+,74,1,Karnataka,Southern,Lawyer,Clothing & Apparel,3,7039.0,,
1004957,P00149142,F,26-35,35,0,Maharashtra,Western,Food Processing,Clothing & Apparel,1,7039.0,,
1003760,P00100642,F,51-55,52,1,Uttar Pradesh,Central,Aviation,Clothing & Apparel,2,7039.0,,
1000796,P00145342,F,51-55,54,0,AndhraÂ Pradesh,Southern,Food Processing,Clothing & Apparel,3,7038.0,,
1004408,P00083842,M,46-50,46,1,Delhi,Central,Aviation,Clothing & Apparel,2,7038.0,,
1001415,P00121342,F,46-50,50,1,Haryana,Northern,IT Sector,Clothing & Apparel,1,7038.0,,
1001647,P00352542,M,18-25,19,0,Himachal Pradesh,Northern,Healthcare,Clothing & Apparel,4,7038.0,,
1000770,P00048142,F,18-25,25,0,Maharashtra,Western,Banking,Clothing & Apparel,4,7038.0,,
1000939,P00118142,M,26-35,27,1,AndhraÂ Pradesh,Southern,Aviation,Clothing & Apparel,4,7037.0,,
1000434,P00121342,M,46-50,47,0,Himachal Pradesh,Northern,Retail,Clothing & Apparel,1,7037.0,,
1002511,P00112142,F,26-35,32,1,Maharashtra,Western,Automobile,Clothing & Apparel,1,7037.0,,
1002643,P00100942,F,46-50,46,1,Maharashtra,Western,Aviation,Clothing & Apparel,1,7037.0,,
1005156,P00195742,F,18-25,18,1,Punjab,Northern,Aviation,Clothing & Apparel,1,7037.0,,
1000086,P00242742,M,0-17,15,0,Uttar Pradesh,Central,IT Sector,Clothing & Apparel,3,7037.0,,
1001172,P00284042,M,26-35,34,0,Uttar Pradesh,Central,Healthcare,Clothing & Apparel,3,7037.0,,
1000513,P00110542,F,26-35,27,0,Uttarakhand,Central,Healthcare,Clothing & Apparel,3,7037.0,,
1000658,P00058242,M,26-35,30,1,AndhraÂ Pradesh,Southern,Chemical,Clothing & Apparel,1,7036.0,,
1004261,P00014842,M,36-45,40,0,AndhraÂ Pradesh,Southern,Chemical,Clothing & Apparel,4,7036.0,,
1004823,P00338542,F,18-25,21,0,Himachal Pradesh,Northern,Construction,Clothing & Apparel,4,7036.0,,
1002072,P00086842,M,51-55,55,0,AndhraÂ Pradesh,Southern,Govt,Clothing & Apparel,2,7035.0,,
1003418,P00238442,M,18-25,25,0,Delhi,Central,IT Sector,Clothing & Apparel,3,7035.0,,
1003499,P00144642,F,26-35,33,1,Himachal Pradesh,Northern,Lawyer,Clothing & Apparel,3,7035.0,,
1001980,P00150542,F,36-45,40,1,Himachal Pradesh,Northern,Construction,Clothing & Apparel,4,7035.0,,
1003573,P00193642,F,0-17,17,0,Jharkhand,Eastern,Hospitality,Clothing & Apparel,4,7035.0,,
1006036,P00051842,M,26-35,30,1,Maharashtra,Western,Aviation,Clothing & Apparel,3,7035.0,,
1003786,P00052242,M,26-35,32,0,Uttarakhand,Central,Aviation,Clothing & Apparel,1,7035.0,,
1005561,P00117742,M,26-35,28,1,Delhi,Central,Aviation,Clothing & Apparel,4,7034.0,,
1001885,P00245642,M,51-55,52,0,Maharashtra,Western,Lawyer,Clothing & Apparel,3,7034.0,,
1004375,P00248542,M,26-35,31,0,Uttar Pradesh,Central,Automobile,Clothing & Apparel,1,7034.0,,
1000555,P00172842,F,18-25,20,1,Bihar,Eastern,Textile,Clothing & Apparel,4,7033.0,,
1005686,P00093342,F,55+,68,0,Bihar,Eastern,Aviation,Clothing & Apparel,1,7033.0,,
1004223,P00052142,M,36-45,36,1,Delhi,Central,Food Processing,Clothing & Apparel,4,7033.0,,
1001285,P00280442,M,36-45,39,0,Jharkhand,Eastern,Media,Clothing & Apparel,3,7033.0,,
1001776,P00057942,F,26-35,35,0,Maharashtra,Western,Banking,Clothing & Apparel,3,7033.0,,
1002012,P00320942,F,26-35,29,1,Bihar,Eastern,IT Sector,Clothing & Apparel,3,7032.0,,
1000749,P00190542,F,36-45,36,1,Gujarat,Western,Govt,Clothing & Apparel,4,7032.0,,
1001059,P00183442,M,26-35,27,0,Karnataka,Southern,Retail,Clothing & Apparel,3,7032.0,,
1000462,P00369042,F,18-25,24,1,Uttar Pradesh,Central,Automobile,Clothing & Apparel,2,7032.0,,
1003491,P00137542,F,26-35,31,0,Maharashtra,Western,Healthcare,Clothing & Apparel,3,7031.0,,
1002953,P00247142,F,26-35,32,1,Uttar Pradesh,Central,IT Sector,Clothing & Apparel,3,7031.0,,
1001088,P00045642,M,0-17,17,0,Uttar Pradesh,Central,Textile,Clothing & Apparel,2,7030.0,,
1003475,P00024642,F,26-35,26,0,Uttar Pradesh,Central,Retail,Clothing & Apparel,1,7030.0,,
1004288,P00182242,M,26-35,35,1,AndhraÂ Pradesh,Southern,Aviation,Clothing & Apparel,3,7029.0,,
1003648,P00110842,F,18-25,21,1,Maharashtra,Western,Food Processing,Clothing & Apparel,2,7028.0,,
1004180,P00286742,F,55+,57,1,Uttar Pradesh,Central,Textile,Clothing & Apparel,2,7028.0,,
1004568,P00248542,M,26-35,33,1,Karnataka,Southern,Aviation,Clothing & Apparel,3,7027.0,,
1000842,P00295842,M,18-25,23,0,Delhi,Central,Healthcare,Clothing & Apparel,3,7026.0,,
1000493,P00219942,F,51-55,52,1,Himachal Pradesh,Northern,Textile,Clothing & Apparel,4,7026.0,,
1003687,P00357742,M,51-55,55,0,Karnataka,Southern,Hospitality,Clothing & Apparel,1,7026.0,,
1000677,P00212242,F,51-55,54,0,Madhya Pradesh,Central,Aviation,Clothing & Apparel,3,7026.0,,
1003500,P00118142,F,36-45,44,0,Uttar Pradesh,Central,Banking,Clothing & Apparel,4,7026.0,,
1003138,P00113642,F,36-45,45,0,Uttar Pradesh,Central,Retail,Clothing & Apparel,3,7026.0,,
1005788,P00123042,M,26-35,30,0,Karnataka,Southern,Construction,Clothing & Apparel,2,7025.0,,
1001741,P00127742,F,36-45,42,0,Karnataka,Southern,Aviation,Clothing & Apparel,1,7025.0,,
1003479,P00184042,F,18-25,22,1,Himachal Pradesh,Northern,Hospitality,Clothing & Apparel,1,7024.0,,
1002496,P00016442,F,51-55,52,0,Himachal Pradesh,Northern,Aviation,Clothing & Apparel,3,7024.0,,
1002015,P00110542,F,18-25,18,0,Karnataka,Southern,Healthcare,Clothing & Apparel,3,7024.0,,
1001666,P00214142,F,26-35,27,1,Uttar Pradesh,Central,IT Sector,Clothing & Apparel,2,7024.0,,
1001738,P00317842,F,36-45,41,1,AndhraÂ Pradesh,Southern,Aviation,Clothing & Apparel,1,7023.0,,
1004277,P00334642,F,36-45,45,0,Himachal Pradesh,Northern,Media,Clothing & Apparel,4,7023.0,,
1001492,P00320742,F,26-35,33,1,Kerala,Southern,Banking,Clothing & Apparel,1,7023.0,,
1004607,P00339542,F,26-35,35,1,Madhya Pradesh,Central,Lawyer,Clothing & Apparel,1,7023.0,,
1002353,P00349742,M,36-45,45,0,Maharashtra,Western,IT Sector,Clothing & Apparel,4,7023.0,,
1001752,P00196542,M,26-35,28,0,Uttar Pradesh,Central,Aviation,Clothing & Apparel,4,7023.0,,
1002748,P00042142,F,26-35,34,1,AndhraÂ Pradesh,Southern,Lawyer,Clothing & Apparel,4,7022.0,,
1001137,P00327242,F,18-25,19,0,Kerala,Southern,Healthcare,Clothing & Apparel,3,7022.0,,
1004310,P00154642,F,26-35,33,1,Kerala,Southern,IT Sector,Clothing & Apparel,4,7022.0,,
1003819,P00080042,F,26-35,26,0,Madhya Pradesh,Central,Food Processing,Clothing & Apparel,4,7022.0,,
1004412,P00145642,M,18-25,19,0,Maharashtra,Western,Aviation,Clothing & Apparel,1,7022.0,,
1004448,P00085042,F,26-35,33,0,Maharashtra,Western,Retail,Clothing & Apparel,1,7022.0,,
1000346,P00351142,M,26-35,29,0,Delhi,Central,Food Processing,Clothing & Apparel,1,7020.0,,
1003354,P00102642,F,26-35,28,0,Himachal Pradesh,Northern,Hospitality,Clothing & Apparel,1,7020.0,,
1001120,P00130642,F,18-25,25,1,Karnataka,Southern,Food Processing,Clothing & Apparel,4,7020.0,,
1003615,P00313542,F,26-35,27,0,Delhi,Central,Media,Clothing & Apparel,4,7019.0,,
1004964,P00090942,F,36-45,39,1,Madhya Pradesh,Central,Media,Clothing & Apparel,1,7019.0,,
1003391,P00168542,F,18-25,22,1,Uttar Pradesh,Central,Govt,Clothing & Apparel,1,7019.0,,
1002383,P00197342,M,26-35,35,1,Uttar Pradesh,Central,Banking,Clothing & Apparel,1,7019.0,,
1000378,P0097742,M,18-25,19,0,Uttar Pradesh,Central,Agriculture,Clothing & Apparel,3,7018.0,,
1000262,P00155442,M,26-35,31,1,Uttar Pradesh,Central,Aviation,Clothing & Apparel,3,7018.0,,
1002131,P00131042,F,26-35,28,1,AndhraÂ Pradesh,Southern,Aviation,Clothing & Apparel,2,7017.0,,
1004448,P00220742,F,26-35,32,0,Kerala,Southern,Textile,Clothing & Apparel,4,7017.0,,
1003283,P00037442,F,36-45,40,1,Maharashtra,Western,Aviation,Clothing & Apparel,2,7017.0,,
1000797,P00004642,M,51-55,53,1,Maharashtra,Western,IT Sector,Clothing & Apparel,2,7017.0,,
1002116,P00017042,M,18-25,22,0,Uttar Pradesh,Central,Hospitality,Clothing & Apparel,3,7017.0,,
1002820,P00047942,M,36-45,43,0,Himachal Pradesh,Northern,IT Sector,Clothing & Apparel,4,7016.0,,
1003501,P00362642,M,36-45,42,0,Uttar Pradesh,Central,IT Sector,Clothing & Apparel,3,7016.0,,
1002221,P00101842,F,55+,71,0,Uttar Pradesh,Central,Banking,Clothing & Apparel,4,7016.0,,
1002072,P00033042,M,51-55,51,0,Delhi,Central,IT Sector,Clothing & Apparel,2,7015.0,,
1001834,P00350942,F,36-45,40,0,Gujarat,Western,Agriculture,Clothing & Apparel,3,7015.0,,
1004386,P00331942,F,26-35,30,0,Karnataka,Southern,Aviation,Clothing & Apparel,4,7015.0,,
1000326,P00278042,F,51-55,52,0,Himachal Pradesh,Northern,Healthcare,Clothing & Apparel,4,7014.0,,
1000198,P00321742,F,26-35,33,0,Uttar Pradesh,Central,Chemical,Clothing & Apparel,1,7014.0,,
1003272,P00129542,F,36-45,44,0,Maharashtra,Western,IT Sector,Clothing & Apparel,3,7013.0,,
1004161,P00276642,F,46-50,47,1,Rajasthan,Northern,Aviation,Clothing & Apparel,3,7013.0,,
1000669,P00248942,F,26-35,32,1,Uttarakhand,Central,Textile,Clothing & Apparel,2,7013.0,,
1004824,P00031142,F,26-35,31,1,Bihar,Eastern,Healthcare,Clothing & Apparel,3,7012.0,,
1005675,P00221442,F,36-45,42,0,Madhya Pradesh,Central,Aviation,Clothing & Apparel,2,7012.0,,
1001313,P00127242,F,18-25,19,0,AndhraÂ Pradesh,Southern,Banking,Clothing & Apparel,3,7011.0,,
1003885,P00246242,F,26-35,32,0,Himachal Pradesh,Northern,Banking,Clothing & Apparel,2,7011.0,,
1001618,P00114142,F,51-55,52,1,Jharkhand,Eastern,Agriculture,Clothing & Apparel,3,7011.0,,
1005809,P00044442,F,26-35,31,0,Karnataka,Southern,Healthcare,Clothing & Apparel,4,7011.0,,
1000308,P00110742,F,26-35,30,1,Kerala,Southern,Automobile,Clothing & Apparel,1,7011.0,,
1000271,P00065042,F,18-25,24,1,Uttar Pradesh,Central,Media,Clothing & Apparel,1,7011.0,,
1006036,P00052142,M,26-35,31,0,Uttar Pradesh,Central,Lawyer,Clothing & Apparel,1,7011.0,,
1002589,P00250242,F,26-35,35,1,Bihar,Eastern,Govt,Clothing & Apparel,2,7010.0,,
1003462,P0097342,M,26-35,30,0,Karnataka,Southern,IT Sector,Clothing & Apparel,3,7010.0,,
1004767,P00025642,M,36-45,45,0,Maharashtra,Western,Lawyer,Clothing & Apparel,2,7010.0,,
1003692,P00110842,F,36-45,40,0,Uttar Pradesh,Central,Agriculture,Clothing & Apparel,3,7010.0,,
1002110,P00035942,F,51-55,51,0,Uttar Pradesh,Central,Hospitality,Clothing & Apparel,3,7010.0,,
1001051,P00142942,M,26-35,26,0,Uttarakhand,Central,Retail,Clothing & Apparel,3,7010.0,,
1005978,P00117642,F,36-45,39,1,Karnataka,Southern,Construction,Clothing & Apparel,3,7009.0,,
1001449,P00066242,F,36-45,37,0,Himachal Pradesh,Northern,Healthcare,Clothing & Apparel,4,7008.0,,
1004022,P00218542,F,36-45,39,0,Himachal Pradesh,Northern,Govt,Clothing & Apparel,2,7008.0,,
1002092,P00271142,F,55+,83,1,Kerala,Southern,Lawyer,Clothing & Apparel,2,7008.0,,
1001019,P00058642,F,36-45,38,1,Uttar Pradesh,Central,Banking,Clothing & Apparel,1,7007.0,,
1004224,P00331242,M,46-50,48,0,Uttarakhand,Central,Media,Clothing & Apparel,4,7007.0,,
1001019,P00001442,F,36-45,36,0,Haryana,Northern,Textile,Clothing & Apparel,4,7006.0,,
1000257,P00369742,F,18-25,18,0,Karnataka,Southern,Agriculture,Clothing & Apparel,4,7006.0,,
1005981,P00278042,F,36-45,45,1,Maharashtra,Western,IT Sector,Clothing & Apparel,4,7006.0,,
1003688,P00116142,F,18-25,20,0,Uttar Pradesh,Central,Govt,Clothing & Apparel,1,7006.0,,
1001129,P00329442,F,36-45,44,0,AndhraÂ Pradesh,Southern,Lawyer,Clothing & Apparel,3,7005.0,,
1004626,P00146742,F,26-35,30,0,Bihar,Eastern,Chemical,Clothing & Apparel,1,7005.0,,
1006024,P00233342,F,26-35,32,1,Haryana,Northern,Govt,Clothing & Apparel,2,7005.0,,
1003472,P00112542,M,26-35,32,0,Uttar Pradesh,Central,Media,Clothing & Apparel,3,7005.0,,
1001632,P00158342,F,26-35,35,0,Uttar Pradesh,Central,Construction,Clothing & Apparel,3,7005.0,,
1001780,P00220342,F,36-45,41,0,Uttarakhand,Central,IT Sector,Clothing & Apparel,4,7005.0,,
1005847,P00014642,M,18-25,18,1,Karnataka,Southern,Hospitality,Clothing & Apparel,3,7004.0,,
1002926,P00249642,M,18-25,25,1,Karnataka,Southern,Hospitality,Clothing & Apparel,3,7004.0,,
1004485,P00005042,F,26-35,31,0,Gujarat,Western,Construction,Clothing & Apparel,4,7003.0,,
1005198,P00035242,M,18-25,24,0,Madhya Pradesh,Central,IT Sector,Clothing & Apparel,2,7003.0,,
1000410,P00319042,M,26-35,28,1,Maharashtra,Western,Construction,Clothing & Apparel,2,7003.0,,
1005969,P00108842,F,46-50,49,0,Maharashtra,Western,Agriculture,Clothing & Apparel,4,7003.0,,
1002933,P00129642,F,36-45,38,1,Jharkhand,Eastern,Govt,Clothing & Apparel,1,7002.0,,
1003476,P00106042,F,51-55,53,0,Kerala,Southern,Govt,Clothing & Apparel,2,7002.0,,
1000053,P00034742,F,26-35,33,1,Gujarat,Western,Hospitality,Clothing & Apparel,1,7001.0,,
1004817,P00075542,F,26-35,28,0,Madhya Pradesh,Central,Automobile,Clothing & Apparel,1,7001.0,,
1004298,P00339342,M,18-25,22,0,Punjab,Northern,Textile,Clothing & Apparel,3,7001.0,,
1005571,P00100842,M,26-35,30,0,Haryana,Northern,Healthcare,Clothing & Apparel,3,7000.0,,
1001451,P00127342,F,36-45,45,0,Uttar Pradesh,Central,Banking,Clothing & Apparel,1,6999.0,,
1002445,P00345742,F,26-35,34,0,Gujarat,Western,Media,Clothing & Apparel,4,6998.0,,
1001905,P00293742,M,36-45,40,1,Uttar Pradesh,Central,IT Sector,Clothing & Apparel,4,6998.0,,
1002629,P00196642,F,26-35,26,0,Maharashtra,Western,Automobile,Clothing & Apparel,1,6996.0,,
1002599,P00111142,F,26-35,28,1,Uttar Pradesh,Central,Govt,Clothing & Apparel,3,6996.0,,
1002492,P00259342,M,46-50,50,1,Maharashtra,Western,Healthcare,Clothing & Apparel,4,6995.0,,
1005367,P00142942,F,18-25,18,0,Uttar Pradesh,Central,Lawyer,Clothing & Apparel,1,6995.0,,
1000010,P00106042,M,36-45,39,0,Uttar Pradesh,Central,Automobile,Clothing & Apparel,2,6995.0,,
1003996,P00070342,F,18-25,18,1,AndhraÂ Pradesh,Southern,Healthcare,Clothing & Apparel,1,6994.0,,
1003796,P00104842,F,46-50,46,1,Bihar,Eastern,Media,Clothing & Apparel,3,6994.0,,
1004801,P00165442,F,26-35,31,0,Gujarat,Western,Banking,Clothing & Apparel,1,6994.0,,
1003011,P00355142,F,26-35,31,0,Uttar Pradesh,Central,Construction,Clothing & Apparel,4,6994.0,,
1003685,P00338542,F,26-35,28,1,Himachal Pradesh,Northern,IT Sector,Clothing & Apparel,1,6993.0,,
1002213,P00367142,M,26-35,31,0,Maharashtra,Western,Healthcare,Clothing & Apparel,4,6993.0,,
1004093,P00121142,F,26-35,29,1,Punjab,Northern,Govt,Clothing & Apparel,4,6993.0,,
1000305,P00128342,M,18-25,22,1,Bihar,Eastern,Construction,Clothing & Apparel,4,6992.0,,
1002888,P00124042,F,26-35,28,1,Maharashtra,Western,Aviation,Clothing & Apparel,4,6992.0,,
1001960,P00113642,F,46-50,46,1,Madhya Pradesh,Central,Healthcare,Clothing & Apparel,1,6991.0,,
1000673,P00210042,F,26-35,26,0,Uttar Pradesh,Central,Chemical,Clothing & Apparel,3,6991.0,,
1002946,P00270942,F,36-45,37,0,Uttarakhand,Central,Food Processing,Clothing & Apparel,3,6991.0,,
1004395,P00001942,M,51-55,52,0,Bihar,Eastern,Hospitality,Clothing & Apparel,2,6990.0,,
1004117,P00016542,F,18-25,24,0,Uttar Pradesh,Central,Hospitality,Clothing & Apparel,1,6990.0,,
1003414,P00000242,F,26-35,32,0,Uttar Pradesh,Central,IT Sector,Clothing & Apparel,1,6989.0,,
1000796,P00121642,F,51-55,55,1,Jharkhand,Eastern,Lawyer,Clothing & Apparel,2,6988.0,,
1000223,P00145842,F,26-35,31,1,Uttar Pradesh,Central,Media,Clothing & Apparel,2,6988.0,,
1001757,P00057442,F,26-35,34,0,Uttar Pradesh,Central,Healthcare,Clothing & Apparel,2,6988.0,,
1004690,P00123742,M,0-17,17,1,AndhraÂ Pradesh,Southern,Healthcare,Clothing & Apparel,1,6985.0,,
1000319,P00212342,M,51-55,51,1,Uttar Pradesh,Central,Aviation,Clothing & Apparel,2,6985.0,,
1000777,P00249642,M,18-25,22,0,Himachal Pradesh,Northern,Healthcare,Clothing & Apparel,4,6984.0,,
1000899,P00190742,M,26-35,33,0,Uttar Pradesh,Central,Automobile,Clothing & Apparel,2,6983.0,,
1006035,P00237542,M,26-35,26,0,Jharkhand,Eastern,Media,Clothing & Apparel,3,6982.0,,
1000854,P00041542,M,26-35,32,1,AndhraÂ Pradesh,Southern,Banking,Clothing & Apparel,2,6981.0,,
1004160,P00084342,F,36-45,41,0,AndhraÂ Pradesh,Southern,Chemical,Clothing & Apparel,4,6981.0,,
1003778,P00156442,F,26-35,27,1,Bihar,Eastern,Agriculture,Clothing & Apparel,4,6981.0,,
1001680,P00021142,M,26-35,26,0,Gujarat,Western,Healthcare,Clothing & Apparel,1,6981.0,,
1002472,P00150342,F,26-35,28,0,Haryana,Northern,Agriculture,Clothing & Apparel,2,6981.0,,
1003390,P00070942,M,46-50,49,0,Maharashtra,Western,IT Sector,Clothing & Apparel,2,6981.0,,
1003110,P00288942,F,26-35,31,0,Uttar Pradesh,Central,Retail,Clothing & Apparel,2,6981.0,,
1005526,P00273842,M,36-45,42,0,Karnataka,Southern,Construction,Clothing & Apparel,2,6980.0,,
1004808,P00025942,F,36-45,36,0,Uttarakhand,Central,Media,Clothing & Apparel,4,6980.0,,
1003058,P00070942,F,18-25,20,1,Bihar,Eastern,IT Sector,Clothing & Apparel,4,6979.0,,
1004832,P00199442,F,26-35,27,0,Haryana,Northern,Retail,Clothing & Apparel,2,6978.0,,
1000926,P00085942,F,0-17,14,0,Himachal Pradesh,Northern,Hospitality,Clothing & Apparel,3,6978.0,,
1005011,P00120642,F,18-25,22,1,Karnataka,Southern,IT Sector,Clothing & Apparel,1,6978.0,,
1005950,P00177642,F,26-35,29,0,Karnataka,Southern,Chemical,Clothing & Apparel,4,6978.0,,
1004681,P00005042,M,36-45,40,1,Karnataka,Southern,IT Sector,Clothing & Apparel,2,6978.0,,
1001737,P00273542,M,36-45,36,0,Bihar,Eastern,Media,Clothing & Apparel,4,6977.0,,
1002774,P00221542,F,26-35,26,1,Haryana,Northern,Lawyer,Clothing & Apparel,2,6977.0,,
1003720,P00208742,F,46-50,47,0,Karnataka,Southern,Aviation,Clothing & Apparel,2,6977.0,,
1001333,P00085342,F,26-35,31,0,Uttar Pradesh,Central,Construction,Clothing & Apparel,4,6977.0,,
1000424,P00000642,F,26-35,26,0,Uttarakhand,Central,Aviation,Clothing & Apparel,3,6977.0,,
1000179,P00003242,F,26-35,30,0,Jharkhand,Eastern,Automobile,Clothing & Apparel,4,6976.0,,
1001392,P00113142,F,46-50,49,0,Uttarakhand,Central,Banking,Clothing & Apparel,4,6976.0,,
1005172,P00087042,M,36-45,38,0,Maharashtra,Western,Automobile,Clothing & Apparel,4,6975.0,,
1001338,P00112942,F,26-35,28,1,Maharashtra,Western,Banking,Clothing & Apparel,1,6974.0,,
1003328,P00246742,M,55+,76,0,Gujarat,Western,Textile,Clothing & Apparel,2,6973.0,,
1000086,P00145042,F,0-17,14,0,Uttar Pradesh,Central,Govt,Clothing & Apparel,4,6973.0,,
1005987,P00001942,F,26-35,33,1,Delhi,Central,Hospitality,Clothing & Apparel,4,6972.0,,
1002904,P00102142,M,26-35,33,0,Uttar Pradesh,Central,Banking,Clothing & Apparel,2,6972.0,,
1000721,P0099042,M,36-45,36,1,AndhraÂ Pradesh,Southern,Agriculture,Clothing & Apparel,1,6971.0,,
1004137,P00220342,F,26-35,27,1,Bihar,Eastern,Banking,Clothing & Apparel,2,6971.0,,
1002411,P00159442,M,36-45,37,0,Karnataka,Southern,Media,Clothing & Apparel,4,6971.0,,
1004054,P00288042,F,36-45,39,1,Haryana,Northern,Chemical,Clothing & Apparel,1,6970.0,,
1003579,P00016042,F,18-25,25,1,Himachal Pradesh,Northern,Agriculture,Clothing & Apparel,3,6970.0,,
1003878,P00163442,F,36-45,40,0,Jharkhand,Eastern,Automobile,Clothing & Apparel,4,6970.0,,
1004710,P00155042,M,36-45,42,1,Uttar Pradesh,Central,Banking,Clothing & Apparel,2,6970.0,,
1003889,P00116942,F,46-50,50,1,Jharkhand,Eastern,Govt,Clothing & Apparel,2,6969.0,,
1002772,P00145042,F,36-45,41,1,Kerala,Southern,Chemical,Clothing & Apparel,4,6969.0,,
1003729,P00251342,F,18-25,24,0,Kerala,Southern,Govt,Clothing & Apparel,2,6968.0,,
1003981,P00148342,M,46-50,48,1,Madhya Pradesh,Central,Healthcare,Clothing & Apparel,3,6968.0,,
1002033,P00364042,M,46-50,50,0,Uttar Pradesh,Central,Govt,Clothing & Apparel,4,6968.0,,
1003032,P00179642,F,26-35,31,0,Maharashtra,Western,Hospitality,Clothing & Apparel,2,6967.0,,
1004237,P00295942,F,26-35,35,0,Gujarat,Western,Aviation,Clothing & Apparel,2,6966.0,,
1001586,P00282442,F,46-50,46,0,Haryana,Northern,IT Sector,Clothing & Apparel,4,6966.0,,
1002733,P00010742,F,46-50,48,1,Maharashtra,Western,IT Sector,Clothing & Apparel,3,6966.0,,
1001058,P00110042,F,26-35,30,0,Himachal Pradesh,Northern,Retail,Clothing & Apparel,3,6965.0,,
1006036,P00233942,M,26-35,27,1,Karnataka,Southern,Govt,Clothing & Apparel,2,6965.0,,
1005270,P00146042,F,26-35,33,0,Kerala,Southern,Aviation,Clothing & Apparel,4,6965.0,,
1003546,P00042842,F,26-35,35,0,Uttar Pradesh,Central,Healthcare,Clothing & Apparel,2,6965.0,,
1005187,P00025942,F,18-25,21,0,AndhraÂ Pradesh,Southern,Healthcare,Clothing & Apparel,4,6964.0,,
1002453,P00194042,F,26-35,26,1,AndhraÂ Pradesh,Southern,Govt,Games & Toys,4,6964.0,,
1004277,P00044142,F,36-45,45,1,Kerala,Southern,Food Processing,Clothing & Apparel,3,6964.0,,
1005605,P00016642,M,18-25,23,0,Uttar Pradesh,Central,Textile,Clothing & Apparel,1,6964.0,,
1000524,P00230842,F,18-25,18,0,Uttar Pradesh,Central,Lawyer,Clothing & Apparel,3,6963.0,,
1003829,P00184742,M,26-35,29,0,Uttar Pradesh,Central,Banking,Clothing & Apparel,2,6963.0,,
1005536,P00251342,F,26-35,34,0,Haryana,Northern,Food Processing,Clothing & Apparel,1,6962.0,,
1004699,P00163242,M,18-25,23,0,Maharashtra,Western,Healthcare,Clothing & Apparel,4,6962.0,,
1004335,P00220742,F,36-45,43,1,Maharashtra,Western,Chemical,Clothing & Apparel,1,6962.0,,
1001775,P00182242,F,26-35,28,0,Uttar Pradesh,Central,Banking,Clothing & Apparel,2,6962.0,,
1004083,P00338442,F,55+,87,0,Gujarat,Western,Retail,Clothing & Apparel,2,6960.0,,
1005408,P00344342,F,26-35,29,0,Uttar Pradesh,Central,Lawyer,Clothing & Apparel,3,6960.0,,
1000476,P00243942,F,36-45,38,0,Uttarakhand,Central,Aviation,Clothing & Apparel,1,6960.0,,
1004021,P00101242,F,51-55,51,0,Himachal Pradesh,Northern,IT Sector,Clothing & Apparel,2,6959.0,,
1005759,P00194542,M,26-35,30,0,Kerala,Southern,Textile,Clothing & Apparel,1,6959.0,,
1005759,P00194542,M,26-35,30,0,Rajasthan,Northern,Textile,Clothing & Apparel,2,6959.0,,
1001339,P00356742,F,36-45,45,0,Haryana,Northern,Lawyer,Clothing & Apparel,4,6958.0,,
1000336,P00019142,F,18-25,22,0,Madhya Pradesh,Central,Food Processing,Clothing & Apparel,1,6958.0,,
1002259,P00362642,M,55+,86,1,Madhya Pradesh,Central,Aviation,Clothing & Apparel,1,6958.0,,
1004467,P00329242,M,51-55,51,0,Maharashtra,Western,Chemical,Clothing & Apparel,3,6957.0,,
1002793,P00120442,F,36-45,43,1,Himachal Pradesh,Northern,Chemical,Clothing & Apparel,4,6956.0,,
1003416,P00250842,F,26-35,34,0,Kerala,Southern,Construction,Clothing & Apparel,4,6956.0,,
1002010,P00129242,F,18-25,22,0,Uttar Pradesh,Central,Healthcare,Clothing & Apparel,2,6956.0,,
1001465,P00146842,F,51-55,52,1,Uttar Pradesh,Central,Lawyer,Clothing & Apparel,1,6956.0,,
1002129,P00333642,F,26-35,29,1,Himachal Pradesh,Northern,Automobile,Clothing & Apparel,4,6955.0,,
1003202,P00173842,M,18-25,20,0,AndhraÂ Pradesh,Southern,Aviation,Clothing & Apparel,3,6954.0,,
1003014,P00101342,F,36-45,40,0,AndhraÂ Pradesh,Southern,Media,Clothing & Apparel,2,6954.0,,
1004422,P00085242,F,26-35,30,1,Gujarat,Western,Aviation,Clothing & Apparel,4,6954.0,,
1005763,P00250642,M,26-35,31,0,Karnataka,Southern,Textile,Clothing & Apparel,4,6954.0,,
1004369,P00158542,F,51-55,53,0,Maharashtra,Western,Healthcare,Clothing & Apparel,3,6954.0,,
1005312,P00117042,F,26-35,27,1,Uttar Pradesh,Central,Retail,Games & Toys,3,6954.0,,
1005387,P00026142,M,26-35,31,0,Gujarat,Western,Lawyer,Clothing & Apparel,3,6953.0,,
1000225,P00145042,F,26-35,26,1,Kerala,Southern,Govt,Clothing & Apparel,2,6953.0,,
1004476,P00298242,F,46-50,50,0,Maharashtra,Western,Banking,Clothing & Apparel,4,6953.0,,
1004535,P00254442,F,18-25,22,0,Uttar Pradesh,Central,Textile,Clothing & Apparel,1,6952.0,,
1000867,P00120742,F,46-50,49,0,Uttarakhand,Central,Govt,Clothing & Apparel,3,6952.0,,
1000889,P00343742,F,46-50,50,0,Haryana,Northern,Textile,Clothing & Apparel,1,6951.0,,
1001380,P00014542,F,0-17,14,0,Kerala,Southern,Healthcare,Clothing & Apparel,2,6951.0,,
1002116,P00001442,F,18-25,22,0,Uttar Pradesh,Central,Govt,Clothing & Apparel,3,6951.0,,
1002916,P00218042,F,46-50,50,1,Uttarakhand,Central,Food Processing,Clothing & Apparel,4,6951.0,,
1001100,P00048442,F,26-35,29,0,Bihar,Eastern,Aviation,Clothing & Apparel,2,6950.0,,
1001680,P00252942,M,26-35,26,0,Jharkhand,Eastern,Chemical,Clothing & Apparel,2,6950.0,,
1005582,P00284842,F,46-50,47,1,Kerala,Southern,Automobile,Clothing & Apparel,1,6950.0,,
1003916,P00245642,F,26-35,34,0,Bihar,Eastern,Govt,Clothing & Apparel,1,6949.0,,
1001866,P00249142,F,26-35,26,0,Kerala,Southern,Govt,Clothing & Apparel,2,6949.0,,
1001912,P00128942,F,26-35,35,1,Uttar Pradesh,Central,Govt,Clothing & Apparel,1,6949.0,,
1005894,P00128742,F,36-45,44,1,Uttar Pradesh,Central,Banking,Clothing & Apparel,1,6949.0,,
1006035,P00219242,M,26-35,29,1,AndhraÂ Pradesh,Southern,Hospitality,Clothing & Apparel,1,6948.0,,
1005728,P00000542,M,36-45,41,0,AndhraÂ Pradesh,Southern,Chemical,Clothing & Apparel,4,6948.0,,
1000798,P00034842,M,26-35,29,0,Haryana,Northern,Chemical,Clothing & Apparel,1,6948.0,,
1004990,P00265242,M,26-35,33,0,Jharkhand,Eastern,Banking,Clothing & Apparel,1,6948.0,,
1001706,P00102642,F,26-35,34,1,Kerala,Southern,IT Sector,Clothing & Apparel,1,6948.0,,
1004058,P00317842,F,26-35,27,0,Uttarakhand,Central,IT Sector,Clothing & Apparel,1,6948.0,,
1002304,P00265142,F,46-50,49,1,Bihar,Eastern,Govt,Clothing & Apparel,2,6947.0,,
1003836,P00279542,M,51-55,53,0,Jharkhand,Eastern,Healthcare,Clothing & Apparel,3,6947.0,,
1001068,P00337542,M,18-25,20,1,AndhraÂ Pradesh,Southern,Healthcare,Clothing & Apparel,1,6946.0,,
1001268,P00278642,M,51-55,53,0,Delhi,Central,Healthcare,Clothing & Apparel,4,6946.0,,
1000266,P00110742,F,36-45,39,1,Jharkhand,Eastern,Media,Clothing & Apparel,1,6946.0,,
1003931,P00313042,F,26-35,35,1,Bihar,Eastern,Aviation,Clothing & Apparel,2,6945.0,,
1004430,P00057442,M,26-35,27,0,Gujarat,Western,Lawyer,Clothing & Apparel,1,6945.0,,
1001780,P00274242,F,36-45,43,1,Himachal Pradesh,Northern,Healthcare,Clothing & Apparel,2,6945.0,,
1000695,P00359942,M,18-25,18,0,Punjab,Northern,Automobile,Clothing & Apparel,3,6945.0,,
1001974,P00112142,F,36-45,41,1,Punjab,Northern,Aviation,Clothing & Apparel,1,6945.0,,
1001984,P00111542,F,18-25,18,0,Uttar Pradesh,Central,Food Processing,Clothing & Apparel,4,6945.0,,
1001307,P00260242,F,55+,63,0,Himachal Pradesh,Northern,Hospitality,Clothing & Apparel,1,6944.0,,
1001490,P00280842,F,51-55,54,0,Jharkhand,Eastern,Govt,Clothing & Apparel,1,6944.0,,
1003693,P00346142,F,26-35,30,0,Punjab,Northern,Banking,Clothing & Apparel,1,6944.0,,
1000268,P00124242,M,18-25,25,0,AndhraÂ Pradesh,Southern,Healthcare,Clothing & Apparel,1,6943.0,,
1002125,P00146142,M,36-45,38,0,AndhraÂ Pradesh,Southern,Aviation,Clothing & Apparel,3,6943.0,,
1002012,P00053942,F,26-35,35,0,Bihar,Eastern,Retail,Games & Toys,3,6943.0,,
1005026,P00132842,F,26-35,29,0,Madhya Pradesh,Central,Chemical,Clothing & Apparel,2,6943.0,,
1003044,P00112542,F,36-45,40,1,Karnataka,Southern,Hospitality,Clothing & Apparel,1,6942.0,,
1003971,P00178942,M,18-25,25,0,Maharashtra,Western,IT Sector,Clothing & Apparel,3,6942.0,,
1001654,P00265342,M,46-50,46,0,Uttar Pradesh,Central,Healthcare,Clothing & Apparel,4,6942.0,,
1003087,P00221542,M,0-17,14,0,Karnataka,Southern,Food Processing,Clothing & Apparel,4,6941.0,,
1004887,P00048442,F,18-25,23,0,Rajasthan,Northern,Aviation,Clothing & Apparel,1,6941.0,,
1001592,P00065242,M,36-45,40,1,Bihar,Eastern,Aviation,Clothing & Apparel,1,6939.0,,
1004167,P00111742,F,26-35,26,1,Uttar Pradesh,Central,Lawyer,Clothing & Apparel,2,6939.0,,
1005355,P00237542,F,55+,64,0,Delhi,Central,Chemical,Clothing & Apparel,2,6938.0,,
1005812,P00184142,M,26-35,32,0,Jharkhand,Eastern,Banking,Clothing & Apparel,3,6938.0,,
1000308,P00356742,F,26-35,34,0,Bihar,Eastern,Textile,Clothing & Apparel,1,6937.0,,
1003576,P00233442,F,51-55,54,0,Himachal Pradesh,Northern,Aviation,Clothing & Apparel,4,6937.0,,
1003850,P00034942,F,18-25,21,1,Maharashtra,Western,Aviation,Clothing & Apparel,1,6936.0,,
1000754,P00042142,F,36-45,36,1,Telangana,Southern,Retail,Clothing & Apparel,2,6936.0,,
1002043,P00250242,F,26-35,26,1,Himachal Pradesh,Northern,IT Sector,Clothing & Apparel,4,6935.0,,
1003044,P00338442,F,36-45,40,0,Punjab,Northern,Textile,Clothing & Apparel,2,6935.0,,
1003032,P00150842,F,26-35,30,0,Uttar Pradesh,Central,IT Sector,Clothing & Apparel,1,6935.0,,
1000275,P00129642,F,26-35,33,0,AndhraÂ Pradesh,Southern,Media,Clothing & Apparel,2,6934.0,,
1002738,P00294842,M,51-55,51,1,Karnataka,Southern,IT Sector,Clothing & Apparel,1,6933.0,,
1004449,P00214842,F,26-35,27,0,Uttar Pradesh,Central,Construction,Clothing & Apparel,1,6933.0,,
1005450,P00304142,F,18-25,24,0,Uttar Pradesh,Central,Media,Clothing & Apparel,2,6932.0,,
1001752,P00128942,F,26-35,29,1,Karnataka,Southern,IT Sector,Clothing & Apparel,1,6931.0,,
1002316,P00285242,F,36-45,37,1,Uttar Pradesh,Central,Food Processing,Clothing & Apparel,4,6931.0,,
1000156,P00024642,M,46-50,49,0,Bihar,Eastern,Healthcare,Clothing & Apparel,4,6930.0,,
1003829,P00028742,M,26-35,35,1,Kerala,Southern,Media,Clothing & Apparel,3,6930.0,,
1002254,P00113142,F,36-45,41,0,Uttarakhand,Central,Retail,Clothing & Apparel,3,6930.0,,
1000979,P00278242,F,0-17,16,1,Kerala,Southern,Aviation,Clothing & Apparel,2,6929.0,,
1004458,P00057642,M,26-35,33,0,Maharashtra,Western,Govt,Clothing & Apparel,1,6929.0,,
1003618,P00311542,M,18-25,19,1,Uttarakhand,Central,Agriculture,Clothing & Apparel,2,6929.0,,
1001647,P00179842,F,18-25,24,1,Uttarakhand,Central,Banking,Clothing & Apparel,3,6929.0,,
1005172,P00295942,M,36-45,40,1,Delhi,Central,Aviation,Games & Toys,1,6928.0,,
1003481,P00184942,F,18-25,19,1,Uttar Pradesh,Central,Textile,Clothing & Apparel,3,6928.0,,
1005916,P00216142,F,51-55,55,1,Uttar Pradesh,Central,IT Sector,Clothing & Apparel,1,6928.0,,
1002748,P00111642,F,26-35,34,1,Haryana,Northern,Aviation,Clothing & Apparel,4,6927.0,,
1005347,P00021742,F,26-35,31,0,Himachal Pradesh,Northern,Govt,Clothing & Apparel,4,6927.0,,
1004362,P00244142,F,26-35,30,0,Uttar Pradesh,Central,Healthcare,Clothing & Apparel,2,6927.0,,
1002537,P00346342,F,36-45,45,0,Uttar Pradesh,Central,Banking,Clothing & Apparel,2,6927.0,,
1000949,P00174542,F,51-55,51,0,Bihar,Eastern,Govt,Clothing & Apparel,3,6926.0,,
1000753,P00078142,M,0-17,17,0,Gujarat,Western,Agriculture,Clothing & Apparel,4,6926.0,,
1005645,P00101742,F,26-35,27,0,Kerala,Southern,IT Sector,Clothing & Apparel,2,6926.0,,
1001645,P00152742,M,18-25,23,1,Rajasthan,Northern,IT Sector,Clothing & Apparel,4,6925.0,,
1001473,P00001042,M,26-35,31,0,Uttar Pradesh,Central,Healthcare,Clothing & Apparel,1,6925.0,,
1005291,P00114142,F,46-50,48,0,Uttar Pradesh,Central,Banking,Clothing & Apparel,2,6925.0,,
1005426,P00324642,F,26-35,34,1,Karnataka,Southern,IT Sector,Clothing & Apparel,4,6924.0,,
1002743,P00289042,F,26-35,33,0,Jharkhand,Eastern,IT Sector,Clothing & Apparel,2,6923.0,,
1001722,P00116242,F,36-45,36,1,Jharkhand,Eastern,Hospitality,Clothing & Apparel,1,6923.0,,
1002719,P00119342,F,26-35,30,0,Karnataka,Southern,IT Sector,Clothing & Apparel,2,6923.0,,
1001880,P00198042,F,36-45,39,0,Kerala,Southern,Lawyer,Clothing & Apparel,2,6923.0,,
1000550,P00304042,F,46-50,46,1,Kerala,Southern,IT Sector,Clothing & Apparel,4,6923.0,,
1004114,P00271042,F,36-45,42,0,Madhya Pradesh,Central,Banking,Clothing & Apparel,1,6923.0,,
1003592,P00003942,M,55+,80,0,Maharashtra,Western,Aviation,Clothing & Apparel,2,6923.0,,
1001697,P00012242,M,18-25,19,0,Uttar Pradesh,Central,Aviation,Clothing & Apparel,2,6923.0,,
1000207,P00324942,F,26-35,29,0,Kerala,Southern,Hospitality,Clothing & Apparel,4,6922.0,,
1002086,P00256642,F,36-45,42,1,Madhya Pradesh,Central,Hospitality,Clothing & Apparel,2,6922.0,,
1001987,P00062842,F,26-35,30,1,Himachal Pradesh,Northern,Chemical,Clothing & Apparel,2,6921.0,,
1003141,P00220442,F,26-35,28,1,Jharkhand,Eastern,IT Sector,Clothing & Apparel,2,6921.0,,
1003393,P00282442,F,36-45,38,0,Maharashtra,Western,Healthcare,Games & Toys,3,6921.0,,
1004161,P00068642,F,46-50,46,1,Karnataka,Southern,Chemical,Clothing & Apparel,3,6920.0,,
1002810,P00051142,M,0-17,17,0,Uttar Pradesh,Central,Banking,Clothing & Apparel,1,6920.0,,
1004445,P00342142,F,26-35,28,0,Uttar Pradesh,Central,Healthcare,Clothing & Apparel,3,6920.0,,
1003057,P00159442,M,26-35,30,1,Delhi,Central,Healthcare,Clothing & Apparel,2,6919.0,,
1002621,P00169742,F,18-25,25,0,Gujarat,Western,Healthcare,Clothing & Apparel,3,6919.0,,
1001051,P00346842,M,26-35,29,1,Karnataka,Southern,IT Sector,Clothing & Apparel,2,6919.0,,
1000889,P00361642,F,46-50,48,0,Haryana,Northern,Banking,Clothing & Apparel,1,6918.0,,
1000053,P00346342,F,26-35,29,0,Rajasthan,Northern,IT Sector,Clothing & Apparel,4,6918.0,,
1005738,P00265242,M,26-35,28,0,Uttar Pradesh,Central,Hospitality,Clothing & Apparel,1,6918.0,,
1003458,P00251742,F,46-50,50,0,Uttar Pradesh,Central,IT Sector,Clothing & Apparel,3,6918.0,,
1001988,P00133742,M,26-35,35,1,Uttarakhand,Central,Healthcare,Clothing & Apparel,3,6918.0,,
1004470,P00018142,F,36-45,37,0,Karnataka,Southern,Banking,Clothing & Apparel,1,6917.0,,
1004078,P00153842,M,26-35,31,0,Telangana,Southern,Aviation,Clothing & Apparel,1,6917.0,,
1005100,P00102642,F,51-55,52,0,Uttar Pradesh,Central,IT Sector,Clothing & Apparel,2,6916.0,,
1000192,P00028542,F,18-25,25,1,Himachal Pradesh,Northern,Automobile,Clothing & Apparel,2,6915.0,,
1004303,P00101442,F,26-35,26,0,Himachal Pradesh,Northern,Retail,Clothing & Apparel,4,6915.0,,
1003893,P00351042,F,26-35,28,1,Maharashtra,Western,Banking,Clothing & Apparel,1,6915.0,,
1005054,P00212742,M,36-45,40,0,Maharashtra,Western,Healthcare,Clothing & Apparel,1,6915.0,,
1000636,P00145442,F,18-25,19,1,Uttar Pradesh,Central,Lawyer,Clothing & Apparel,2,6915.0,,
1002105,P00221042,F,26-35,35,1,Karnataka,Southern,Govt,Clothing & Apparel,4,6913.0,,
1004459,P00080342,F,26-35,27,1,Uttar Pradesh,Central,Media,Games & Toys,2,6913.0,,
1004323,P00028442,F,18-25,23,0,Uttarakhand,Central,IT Sector,Clothing & Apparel,3,6913.0,,
1003713,P00003242,M,26-35,27,1,AndhraÂ Pradesh,Southern,Healthcare,Clothing & Apparel,4,6912.0,,
1002457,P00111242,F,26-35,28,0,Himachal Pradesh,Northern,IT Sector,Clothing & Apparel,4,6912.0,,
1000374,P00288642,M,36-45,42,1,Maharashtra,Western,Banking,Clothing & Apparel,1,6912.0,,
1003770,P00116542,M,36-45,42,1,Uttar Pradesh,Central,Food Processing,Clothing & Apparel,1,6912.0,,
1000635,P00114142,F,55+,60,0,Karnataka,Southern,Media,Clothing & Apparel,4,6911.0,,
1003158,P00144642,F,26-35,32,0,Uttar Pradesh,Central,Lawyer,Clothing & Apparel,3,6911.0,,
1000123,P00216142,F,36-45,45,1,Uttar Pradesh,Central,Aviation,Clothing & Apparel,4,6911.0,,
1005492,P00240142,F,18-25,22,1,Karnataka,Southern,Govt,Clothing & Apparel,1,6910.0,,
1000285,P0096442,M,36-45,44,1,Karnataka,Southern,IT Sector,Clothing & Apparel,2,6910.0,,
1000162,P00172842,M,18-25,21,1,Kerala,Southern,Agriculture,Clothing & Apparel,1,6910.0,,
1006010,P00221142,F,36-45,39,1,Gujarat,Western,IT Sector,Clothing & Apparel,2,6909.0,,
1002753,P00213242,M,51-55,54,0,Kerala,Southern,Media,Clothing & Apparel,4,6909.0,,
1004345,P00124342,M,26-35,35,0,Uttar Pradesh,Central,IT Sector,Clothing & Apparel,1,6909.0,,
1003477,P00273942,M,51-55,51,0,Karnataka,Southern,Food Processing,Clothing & Apparel,1,6908.0,,
1001584,P00280842,F,26-35,34,0,Kerala,Southern,Healthcare,Clothing & Apparel,2,6908.0,,
1002338,P00272542,F,46-50,46,0,Telangana,Southern,Govt,Clothing & Apparel,3,6908.0,,
1002998,P0095742,M,26-35,31,0,Uttar Pradesh,Central,IT Sector,Clothing & Apparel,3,6908.0,,
1005121,P00075342,F,26-35,35,1,Bihar,Eastern,Hospitality,Clothing & Apparel,3,6907.0,,
1003080,P00202242,F,26-35,32,1,Haryana,Northern,Automobile,Clothing & Apparel,2,6907.0,,
1005875,P00308242,F,26-35,34,0,Jharkhand,Eastern,Aviation,Clothing & Apparel,4,6907.0,,
1001676,P00112142,F,18-25,22,1,Uttar Pradesh,Central,Banking,Clothing & Apparel,3,6906.0,,
1003559,P00326742,F,18-25,24,0,Bihar,Eastern,Lawyer,Clothing & Apparel,4,6905.0,,
1000482,P00176842,F,26-35,35,1,Himachal Pradesh,Northern,IT Sector,Clothing & Apparel,2,6904.0,,
1003314,P00273942,F,26-35,28,1,Uttar Pradesh,Central,Govt,Clothing & Apparel,3,6904.0,,
1005243,P00145042,F,0-17,15,0,Kerala,Southern,IT Sector,Clothing & Apparel,3,6903.0,,
1004386,P00118542,F,26-35,32,1,Maharashtra,Western,Healthcare,Clothing & Apparel,4,6903.0,,
1000977,P00150942,F,26-35,33,0,Maharashtra,Western,Chemical,Clothing & Apparel,2,6903.0,,
1003768,P00063342,F,26-35,34,0,Jharkhand,Eastern,Textile,Clothing & Apparel,4,6902.0,,
1001449,P00178642,F,36-45,45,1,Uttar Pradesh,Central,Lawyer,Clothing & Apparel,1,6902.0,,
1003354,P00059642,F,26-35,34,0,Uttarakhand,Central,Healthcare,Clothing & Apparel,2,6902.0,,
1003458,P00069042,F,46-50,50,1,Jharkhand,Eastern,Retail,Clothing & Apparel,4,6901.0,,
1005675,P00093642,F,36-45,38,1,Kerala,Southern,Govt,Clothing & Apparel,3,6901.0,,
1002340,P00250242,F,36-45,37,0,Uttar Pradesh,Central,Construction,Clothing & Apparel,2,6901.0,,
1002831,P00289942,F,26-35,33,0,AndhraÂ Pradesh,Southern,Healthcare,Clothing & Apparel,2,6900.0,,
1002928,P00304842,F,26-35,30,1,Jharkhand,Eastern,Aviation,Clothing & Apparel,3,6900.0,,
1000420,P00136842,F,36-45,45,0,Maharashtra,Western,Banking,Clothing & Apparel,4,6900.0,,
1001422,P00298542,F,36-45,42,1,AndhraÂ Pradesh,Southern,Aviation,Clothing & Apparel,1,6899.0,,
1001362,P00037042,F,36-45,36,1,Himachal Pradesh,Northern,Chemical,Clothing & Apparel,1,6899.0,,
1001912,P00354942,F,26-35,35,0,Karnataka,Southern,Media,Clothing & Apparel,1,6899.0,,
1002055,P00113242,F,51-55,53,0,Maharashtra,Western,Aviation,Clothing & Apparel,4,6899.0,,
1002626,P00110542,F,55+,87,0,Maharashtra,Western,IT Sector,Clothing & Apparel,3,6899.0,,
1001449,P00057342,F,36-45,43,0,Uttarakhand,Central,Food Processing,Clothing & Apparel,2,6899.0,,
1005333,P00118442,M,26-35,26,0,Maharashtra,Western,Aviation,Clothing & Apparel,4,6898.0,,
1001141,P00169642,M,26-35,29,1,Maharashtra,Western,Chemical,Clothing & Apparel,2,6898.0,,
1000216,P00111842,F,46-50,50,1,Uttarakhand,Central,Media,Clothing & Apparel,2,6897.0,,
1001300,P00240142,F,0-17,15,0,Bihar,Eastern,Banking,Clothing & Apparel,1,6895.0,,
1001155,P00321342,M,26-35,34,1,Kerala,Southern,Aviation,Clothing & Apparel,2,6895.0,,
1004994,P00226342,M,46-50,48,1,AndhraÂ Pradesh,Southern,Banking,Clothing & Apparel,1,6894.0,,
1000816,P00147942,F,46-50,48,0,Karnataka,Southern,Aviation,Clothing & Apparel,1,6894.0,,
1002840,P00251942,F,26-35,31,0,Uttarakhand,Central,Banking,Clothing & Apparel,1,6894.0,,
1003808,P00053342,F,26-35,29,0,Himachal Pradesh,Northern,Food Processing,Clothing & Apparel,3,6893.0,,
1002752,P00272142,F,26-35,28,0,Madhya Pradesh,Central,Hospitality,Clothing & Apparel,4,6893.0,,
1006014,P00129342,F,46-50,50,0,Bihar,Eastern,Banking,Clothing & Apparel,3,6892.0,,
1000737,P00282042,F,0-17,14,0,Karnataka,Southern,Healthcare,Clothing & Apparel,3,6892.0,,
1002613,P00085042,F,36-45,39,0,Uttar Pradesh,Central,Govt,Clothing & Apparel,1,6892.0,,
1003957,P00273742,F,36-45,38,0,Uttar Pradesh,Central,Lawyer,Clothing & Apparel,4,6891.0,,
1002665,P00233842,F,36-45,45,0,Uttarakhand,Central,IT Sector,Clothing & Apparel,3,6891.0,,
1000743,P00150542,F,0-17,15,0,Uttar Pradesh,Central,Automobile,Clothing & Apparel,4,6890.0,,
1000626,P00157542,F,18-25,18,1,Uttar Pradesh,Central,Media,Clothing & Apparel,2,6890.0,,
1004682,P00240642,F,26-35,29,1,Uttar Pradesh,Central,IT Sector,Clothing & Apparel,4,6890.0,,
1005040,P00280442,M,46-50,49,0,Uttarakhand,Central,Textile,Clothing & Apparel,1,6890.0,,
1003471,P00302742,F,18-25,19,1,Haryana,Northern,Banking,Clothing & Apparel,3,6889.0,,
1001150,P00007742,M,26-35,28,1,Maharashtra,Western,Banking,Clothing & Apparel,3,6889.0,,
1000963,P00348642,F,26-35,31,0,Himachal Pradesh,Northern,IT Sector,Clothing & Apparel,3,6888.0,,
1004153,P00010742,F,51-55,53,0,Himachal Pradesh,Northern,Healthcare,Clothing & Apparel,4,6888.0,,
1000566,P00260442,F,26-35,27,1,Delhi,Central,Healthcare,Clothing & Apparel,4,6886.0,,
1001264,P00050342,F,26-35,27,0,Karnataka,Southern,Healthcare,Clothing & Apparel,4,6886.0,,
1005388,P00128942,M,18-25,20,1,Uttar Pradesh,Central,Chemical,Clothing & Apparel,3,6886.0,,
1000198,P00057342,F,26-35,35,0,Uttarakhand,Central,Lawyer,Clothing & Apparel,3,6886.0,,
1002544,P00113542,M,46-50,47,0,Bihar,Eastern,Hospitality,Clothing & Apparel,3,6885.0,,
1005237,P00106042,F,26-35,33,1,Himachal Pradesh,Northern,Agriculture,Clothing & Apparel,4,6885.0,,
1004522,P00031042,F,46-50,47,1,Uttar Pradesh,Central,Healthcare,Clothing & Apparel,2,6884.0,,
1005894,P00128142,F,36-45,45,1,Gujarat,Western,Banking,Clothing & Apparel,4,6883.0,,
1001314,P00251342,M,18-25,18,1,Haryana,Northern,Banking,Clothing & Apparel,2,6883.0,,
1001988,P00074342,M,26-35,28,1,Delhi,Central,Govt,Clothing & Apparel,4,6882.0,,
1001632,P00033342,F,26-35,30,0,Karnataka,Southern,Lawyer,Clothing & Apparel,2,6882.0,,
1001267,P00178142,F,26-35,32,1,Kerala,Southern,Banking,Clothing & Apparel,1,6882.0,,
1002070,P00328142,M,36-45,38,0,Himachal Pradesh,Northern,Banking,Clothing & Apparel,4,6881.0,,
1005387,P00032042,M,26-35,26,1,Uttar Pradesh,Central,Media,Clothing & Apparel,1,6881.0,,
1004738,P00177142,F,55+,74,0,Uttarakhand,Central,Lawyer,Clothing & Apparel,3,6881.0,,
1005286,P00281042,F,46-50,50,0,Delhi,Central,Lawyer,Clothing & Apparel,1,6880.0,,
1002659,P00034842,F,36-45,40,1,Karnataka,Southern,Banking,Games & Toys,4,6880.0,,
1001584,P00306042,F,26-35,26,0,Uttarakhand,Central,IT Sector,Clothing & Apparel,4,6880.0,,
1002504,P00334242,F,26-35,31,1,Uttarakhand,Central,Automobile,Clothing & Apparel,2,6880.0,,
1004789,P00153842,F,36-45,43,0,Maharashtra,Western,Aviation,Clothing & Apparel,3,6879.0,,
1005493,P00231142,F,36-45,44,0,Karnataka,Southern,Healthcare,Clothing & Apparel,4,6878.0,,
1000543,P00165442,F,26-35,34,1,Maharashtra,Western,Agriculture,Clothing & Apparel,4,6878.0,,
1004235,P00061142,M,51-55,52,0,Uttarakhand,Central,Govt,Clothing & Apparel,2,6878.0,,
1001065,P00236342,M,26-35,34,0,AndhraÂ Pradesh,Southern,Construction,Clothing & Apparel,4,6877.0,,
1001301,P00150542,M,26-35,35,1,AndhraÂ Pradesh,Southern,IT Sector,Clothing & Apparel,4,6877.0,,
1002756,P00120042,F,18-25,20,1,Gujarat,Western,Healthcare,Clothing & Apparel,1,6877.0,,
1001117,P00005642,F,18-25,20,0,Himachal Pradesh,Northern,Healthcare,Clothing & Apparel,3,6877.0,,
1002608,P00106042,M,26-35,32,0,Karnataka,Southern,Lawyer,Clothing & Apparel,4,6877.0,,
1003690,P00133742,F,18-25,22,0,Kerala,Southern,Aviation,Clothing & Apparel,2,6876.0,,
1003978,P00215442,F,36-45,37,0,Uttarakhand,Central,Media,Clothing & Apparel,2,6876.0,,
1001016,P00294442,F,55+,73,1,Haryana,Northern,Healthcare,Clothing & Apparel,4,6875.0,,
1005720,P00336942,F,26-35,34,1,Kerala,Southern,Healthcare,Clothing & Apparel,2,6875.0,,
1005625,P00145942,F,26-35,29,1,Uttar Pradesh,Central,Automobile,Clothing & Apparel,4,6874.0,,
1003454,P00108342,F,18-25,25,0,Maharashtra,Western,IT Sector,Clothing & Apparel,3,6873.0,,
1003476,P00251542,F,51-55,52,1,Maharashtra,Western,IT Sector,Clothing & Apparel,3,6873.0,,
1001422,P00221142,F,36-45,44,0,Uttar Pradesh,Central,Banking,Clothing & Apparel,1,6873.0,,
1005924,P00029542,F,36-45,37,1,Uttarakhand,Central,Construction,Clothing & Apparel,1,6873.0,,
1001147,P00078642,F,26-35,33,0,Gujarat,Western,Construction,Clothing & Apparel,3,6872.0,,
1005325,P00155642,M,51-55,53,1,Karnataka,Southern,Govt,Clothing & Apparel,3,6872.0,,
1004342,P00112142,F,26-35,28,0,Uttarakhand,Central,Lawyer,Clothing & Apparel,1,6872.0,,
1005620,P00232342,F,36-45,41,1,Maharashtra,Western,Aviation,Clothing & Apparel,2,6871.0,,
1001451,P00191942,F,36-45,36,1,Haryana,Northern,Banking,Clothing & Apparel,2,6870.0,,
1000550,P00183642,F,46-50,50,0,Haryana,Northern,Textile,Games & Toys,2,6870.0,,
1005689,P00056842,F,26-35,35,1,Karnataka,Southern,Construction,Clothing & Apparel,3,6870.0,,
1003259,P00086042,M,18-25,21,0,Maharashtra,Western,Healthcare,Clothing & Apparel,1,6870.0,,
1004041,P00025442,F,18-25,18,0,Uttar Pradesh,Central,Automobile,Clothing & Apparel,4,6870.0,,
1002808,P00047942,F,55+,75,1,Uttar Pradesh,Central,Food Processing,Clothing & Apparel,2,6870.0,,
1004457,P00343042,F,36-45,38,1,Haryana,Northern,Banking,Clothing & Apparel,4,6868.0,,
1004502,P00115542,F,51-55,53,1,Himachal Pradesh,Northern,Hospitality,Clothing & Apparel,2,6868.0,,
1004083,P00088542,F,55+,63,1,Uttarakhand,Central,Govt,Clothing & Apparel,4,6868.0,,
1000240,P00150542,F,51-55,55,1,Bihar,Eastern,Healthcare,Clothing & Apparel,3,6866.0,,
1005643,P00295942,M,36-45,38,1,Haryana,Northern,Banking,Clothing & Apparel,2,6866.0,,
1005643,P00295942,M,36-45,38,1,Punjab,Northern,Banking,Clothing & Apparel,4,6866.0,,
1005841,P00202542,M,36-45,41,1,Himachal Pradesh,Northern,Banking,Clothing & Apparel,4,6865.0,,
1002129,P00157142,F,26-35,32,0,Jharkhand,Eastern,Govt,Clothing & Apparel,4,6865.0,,
1005648,P00025442,F,26-35,27,0,Karnataka,Southern,Healthcare,Clothing & Apparel,4,6865.0,,
1000075,P00237542,F,0-17,13,0,Uttar Pradesh,Central,Hospitality,Games & Toys,4,6864.0,,
1003992,P00184242,F,26-35,33,0,Uttar Pradesh,Central,Healthcare,Clothing & Apparel,2,6864.0,,
1003685,P00289342,F,26-35,31,0,Maharashtra,Western,IT Sector,Clothing & Apparel,3,6863.0,,
1003032,P00217442,F,26-35,28,0,Kerala,Southern,Construction,Clothing & Apparel,3,6862.0,,
1004491,P00079742,F,18-25,23,1,Madhya Pradesh,Central,Hospitality,Clothing & Apparel,3,6862.0,,
1003648,P00349942,M,18-25,19,1,Uttar Pradesh,Central,Automobile,Clothing & Apparel,1,6862.0,,
1002983,P00103042,F,18-25,21,0,Uttarakhand,Central,Construction,Clothing & Apparel,1,6862.0,,
1004958,P00100642,F,18-25,23,1,Himachal Pradesh,Northern,Chemical,Clothing & Apparel,3,6861.0,,
1003216,P00161942,F,36-45,43,0,Jharkhand,Eastern,Banking,Clothing & Apparel,3,6861.0,,
1001599,P00026642,F,26-35,35,1,Kerala,Southern,Hospitality,Clothing & Apparel,3,6861.0,,
1002967,P00089042,F,26-35,32,0,Madhya Pradesh,Central,Hospitality,Clothing & Apparel,2,6861.0,,
1004090,P00344142,F,55+,88,0,Haryana,Northern,Construction,Clothing & Apparel,2,6860.0,,
1001647,P00327642,F,18-25,25,0,Himachal Pradesh,Northern,Aviation,Clothing & Apparel,2,6860.0,,
1003182,P00110642,F,26-35,35,0,Karnataka,Southern,Hospitality,Clothing & Apparel,3,6860.0,,
1002438,P00204242,F,36-45,44,0,Karnataka,Southern,Govt,Clothing & Apparel,1,6860.0,,
1001917,P00219942,F,18-25,23,0,AndhraÂ Pradesh,Southern,Automobile,Clothing & Apparel,1,6858.0,,
1003105,P00212242,F,36-45,44,1,Haryana,Northern,Aviation,Clothing & Apparel,1,6858.0,,
1003884,P00221442,F,18-25,23,1,Himachal Pradesh,Northern,Govt,Clothing & Apparel,3,6858.0,,
1005889,P00106042,F,51-55,54,0,Uttarakhand,Central,Banking,Clothing & Apparel,2,6857.0,,
1001051,P00279442,M,26-35,34,0,Karnataka,Southern,Automobile,Clothing & Apparel,2,6856.0,,
1000169,P00118042,F,26-35,26,1,Rajasthan,Northern,Healthcare,Clothing & Apparel,3,6856.0,,
1000807,P00051142,F,18-25,21,0,Uttar Pradesh,Central,Chemical,Clothing & Apparel,3,6856.0,,
1001988,P0095842,M,26-35,35,0,Delhi,Central,Govt,Clothing & Apparel,4,6855.0,,
1000352,P00268742,M,18-25,24,1,Himachal Pradesh,Northern,Hospitality,Clothing & Apparel,2,6855.0,,
1000053,P00287742,F,26-35,30,0,Uttar Pradesh,Central,Chemical,Clothing & Apparel,2,6855.0,,
1005536,P00149342,F,26-35,34,0,Bihar,Eastern,Media,Clothing & Apparel,2,6853.0,,
1000968,P00243242,F,51-55,55,1,Gujarat,Western,Chemical,Clothing & Apparel,2,6853.0,,
1002604,P00119742,F,26-35,34,0,Karnataka,Southern,Banking,Clothing & Apparel,4,6853.0,,
1003618,P00349742,M,18-25,19,0,Madhya Pradesh,Central,Food Processing,Clothing & Apparel,3,6853.0,,
1005234,P00205842,M,26-35,32,0,Maharashtra,Western,Banking,Clothing & Apparel,3,6853.0,,
1000975,P00035242,F,36-45,36,1,Kerala,Southern,Aviation,Clothing & Apparel,4,6852.0,,
1002663,P00134942,M,26-35,30,0,Delhi,Central,Govt,Games & Toys,3,6839.0,,
1004979,P00028542,F,36-45,36,0,AndhraÂ Pradesh,Southern,Healthcare,Games & Toys,4,6835.0,,
1000412,P00084842,F,36-45,38,0,Himachal Pradesh,Northern,Banking,Games & Toys,1,6833.0,,
1003929,P00304642,F,26-35,28,1,Himachal Pradesh,Northern,Govt,Games & Toys,2,6830.0,,
1004459,P00015242,F,26-35,32,0,Jharkhand,Eastern,Retail,Games & Toys,1,6788.0,,
1004538,P00252742,F,26-35,33,1,Uttar Pradesh,Central,Textile,Games & Toys,4,6778.0,,
1005817,P00110942,F,26-35,35,1,Karnataka,Southern,Chemical,Games & Toys,3,6766.0,,
1003507,P00249142,F,26-35,35,1,Himachal Pradesh,Northern,Hospitality,Games & Toys,2,6751.0,,
1002985,P00186642,F,18-25,19,1,Karnataka,Southern,Retail,Games & Toys,1,6738.0,,
1000017,P00156442,F,51-55,52,0,Gujarat,Western,Govt,Games & Toys,4,6735.0,,
1001224,P00234542,F,51-55,54,0,Maharashtra,Western,Banking,Games & Toys,1,6721.0,,
1003309,P00015242,F,26-35,28,0,Karnataka,Southern,Aviation,Games & Toys,1,6719.0,,
1000750,P00109842,M,36-45,43,1,Delhi,Central,Banking,Games & Toys,1,6702.0,,
1004447,P00111942,F,46-50,48,0,Bihar,Eastern,Healthcare,Games & Toys,2,6682.0,,
1002529,P00183442,M,36-45,39,0,Bihar,Eastern,Aviation,Games & Toys,1,6675.0,,
1006040,P00271042,F,26-35,31,1,Karnataka,Southern,Aviation,Games & Toys,2,6671.0,,
1001036,P00343042,F,36-45,44,0,Maharashtra,Western,Food Processing,Games & Toys,3,6670.0,,
1004276,P00195742,M,46-50,47,1,Madhya Pradesh,Central,Healthcare,Games & Toys,2,6666.0,,
1000314,P00003642,M,55+,70,1,Himachal Pradesh,Northern,Media,Games & Toys,2,6644.0,,
1001451,P00135542,F,36-45,41,0,Maharashtra,Western,Lawyer,Games & Toys,4,6631.0,,
1004086,P00085942,M,0-17,13,1,Maharashtra,Western,Media,Games & Toys,4,6595.0,,
1005775,P00007742,F,26-35,35,0,Uttar Pradesh,Central,Chemical,Games & Toys,4,6595.0,,
1005567,P00120342,F,51-55,53,1,Maharashtra,Western,Banking,Games & Toys,4,6590.0,,
1001567,P00111742,F,26-35,30,1,Maharashtra,Western,Media,Games & Toys,1,6572.0,,
1000245,P00128042,F,36-45,38,0,Jharkhand,Eastern,Aviation,Games & Toys,2,6570.0,,
1000033,P00316842,F,46-50,49,0,Haryana,Northern,Aviation,Games & Toys,4,6548.0,,
1003300,P00186642,F,36-45,45,1,Uttar Pradesh,Central,Banking,Games & Toys,2,6533.0,,
1004973,P00342742,M,55+,91,1,Madhya Pradesh,Central,Agriculture,Games & Toys,3,6531.0,,
1002895,P00001042,F,26-35,32,0,Himachal Pradesh,Northern,Banking,Games & Toys,1,6522.0,,
1005801,P00295942,F,26-35,34,1,Karnataka,Southern,Food Processing,Games & Toys,2,6480.0,,
1004380,P00278642,M,26-35,32,0,Uttar Pradesh,Central,Banking,Games & Toys,4,6464.0,,
1001865,P00059442,M,18-25,19,0,Haryana,Northern,Healthcare,Games & Toys,4,6463.0,,
1001865,P00059442,M,18-25,19,0,Rajasthan,Northern,Healthcare,Games & Toys,1,6463.0,,
1004456,P00188442,M,36-45,41,0,Delhi,Central,Healthcare,Games & Toys,2,6451.0,,
1005762,P00149642,M,36-45,36,0,Jharkhand,Eastern,Aviation,Games & Toys,2,6446.0,,
1001632,P00190542,F,26-35,30,1,Maharashtra,Western,IT Sector,Games & Toys,3,6422.0,,
1000010,P00087242,M,36-45,37,1,AndhraÂ Pradesh,Southern,Media,Games & Toys,2,6421.0,,
1001285,P00177942,M,36-45,36,0,Gujarat,Western,Food Processing,Games & Toys,4,6393.0,,
1000029,P00048142,F,36-45,42,1,Jharkhand,Eastern,Aviation,Games & Toys,2,6356.0,,
1002777,P00033042,F,18-25,22,0,Karnataka,Southern,Aviation,Games & Toys,4,6350.0,,
1003140,P00084042,M,26-35,32,0,Himachal Pradesh,Northern,Healthcare,Electronics & Gadgets,4,6204.0,,
1004201,P00338442,M,26-35,35,1,Rajasthan,Northern,Aviation,Electronics & Gadgets,4,6204.0,,
1002102,P00144242,F,26-35,30,1,AndhraÂ Pradesh,Southern,Healthcare,Electronics & Gadgets,2,6203.0,,
1005403,P00002942,F,0-17,12,0,Maharashtra,Western,Banking,Electronics & Gadgets,3,6203.0,,
1005403,P00002942,F,0-17,12,0,Maharashtra,Western,Banking,Electronics & Gadgets,4,6203.0,,
1003006,P00306042,M,18-25,24,1,Jharkhand,Eastern,Banking,Electronics & Gadgets,1,6202.0,,
1003006,P00306042,M,18-25,24,1,Jharkhand,Eastern,Banking,Electronics & Gadgets,2,6202.0,,
1001032,P00106642,F,51-55,54,0,Punjab,Northern,Media,Electronics & Gadgets,1,6202.0,,
1001835,P00210942,F,26-35,28,1,Kerala,Southern,Banking,Electronics & Gadgets,4,6197.0,,
1004425,P00266942,F,36-45,44,0,Punjab,Northern,Govt,Electronics & Gadgets,3,6197.0,,
1000387,P00184142,M,36-45,39,0,Bihar,Eastern,Healthcare,Electronics & Gadgets,3,6196.0,,
1002825,P00135742,M,26-35,35,0,Haryana,Northern,Healthcare,Electronics & Gadgets,4,6196.0,,
1005755,P00262242,M,36-45,40,1,Uttar Pradesh,Central,Hospitality,Electronics & Gadgets,3,6195.0,,
1004729,P00049642,F,51-55,54,0,Madhya Pradesh,Central,Chemical,Electronics & Gadgets,4,6193.0,,
1003380,P00110542,F,51-55,55,0,Rajasthan,Northern,IT Sector,Electronics & Gadgets,4,6192.0,,
1005913,P00028542,M,18-25,23,0,Maharashtra,Western,Banking,Decor,2,6190.0,,
1005142,P00044942,F,26-35,30,0,Himachal Pradesh,Northern,Construction,Electronics & Gadgets,2,6189.0,,
1000163,P00237642,F,18-25,24,0,Madhya Pradesh,Central,Banking,Electronics & Gadgets,1,6189.0,,
1000163,P00237642,F,18-25,24,0,Rajasthan,Northern,Banking,Electronics & Gadgets,2,6189.0,,
1003069,P00301542,F,18-25,21,1,Uttarakhand,Central,Aviation,Electronics & Gadgets,3,6189.0,,
1001841,P00214842,F,18-25,22,0,Uttar Pradesh,Central,Aviation,Electronics & Gadgets,4,6188.0,,
1001896,P00039942,F,55+,67,1,Kerala,Southern,Construction,Electronics & Gadgets,3,6187.0,,
1001896,P00039942,F,55+,67,1,Maharashtra,Western,Construction,Decor,2,6187.0,,
1000983,P00237242,M,26-35,29,0,Delhi,Central,Healthcare,Electronics & Gadgets,4,6184.0,,
1000426,P00229742,F,18-25,23,0,Himachal Pradesh,Northern,Textile,Electronics & Gadgets,3,6184.0,,
1001298,P00243842,F,36-45,39,0,AndhraÂ Pradesh,Southern,Aviation,Electronics & Gadgets,4,6183.0,,
1004907,P00312142,M,51-55,53,0,Karnataka,Southern,Aviation,Electronics & Gadgets,3,6182.0,,
1004852,P00090942,F,36-45,43,0,Kerala,Southern,Healthcare,Electronics & Gadgets,2,6181.0,,
1001483,P00345642,M,18-25,21,0,AndhraÂ Pradesh,Southern,Food Processing,Electronics & Gadgets,4,6180.0,,
1003576,P00079742,M,51-55,55,0,AndhraÂ Pradesh,Southern,Hospitality,Electronics & Gadgets,4,6180.0,,
1003576,P00079742,M,51-55,55,0,Delhi,Central,Hospitality,Electronics & Gadgets,4,6180.0,,
1004879,P00205842,F,26-35,28,0,Uttar Pradesh,Central,Banking,Electronics & Gadgets,3,6180.0,,
1001181,P00159442,M,36-45,37,1,Uttar Pradesh,Central,Media,Decor,1,6179.0,,
1002661,P00219242,F,55+,81,0,Uttar Pradesh,Central,Media,Decor,4,6179.0,,
1005367,P00282042,F,18-25,19,0,Maharashtra,Western,Food Processing,Decor,3,6178.0,,
1005367,P00282042,F,18-25,19,0,Maharashtra,Western,Food Processing,Electronics & Gadgets,3,6178.0,,
1003590,P00216142,M,18-25,23,1,Maharashtra,Western,Chemical,Electronics & Gadgets,1,6178.0,,
1000136,P00001142,F,18-25,22,0,Punjab,Northern,Retail,Electronics & Gadgets,3,6178.0,,
1000204,P00313242,F,26-35,33,1,Uttar Pradesh,Central,Healthcare,Electronics & Gadgets,4,6177.0,,
1005225,P00072942,F,18-25,21,1,AndhraÂ Pradesh,Southern,Aviation,Electronics & Gadgets,2,6176.0,,
1004425,P00105942,F,36-45,36,1,AndhraÂ Pradesh,Southern,Hospitality,Electronics & Gadgets,1,6173.0,,
1001033,P00255742,F,26-35,33,0,Uttar Pradesh,Central,Banking,Beauty,1,6172.0,,
1002223,P00195842,F,26-35,33,1,AndhraÂ Pradesh,Southern,IT Sector,Electronics & Gadgets,3,6171.0,,
1001837,P00285742,M,26-35,31,0,Karnataka,Southern,Aviation,Beauty,2,6171.0,,
1003713,P00136742,M,26-35,34,1,Karnataka,Southern,IT Sector,Electronics & Gadgets,3,6171.0,,
1000442,P00000342,F,26-35,26,1,Jharkhand,Eastern,Media,Electronics & Gadgets,4,6170.0,,
1005763,P00305142,M,26-35,26,0,Kerala,Southern,IT Sector,Beauty,4,6170.0,,
1000456,P00216342,M,36-45,41,0,Madhya Pradesh,Central,IT Sector,Electronics & Gadgets,1,6170.0,,
1005426,P00204242,F,26-35,32,0,AndhraÂ Pradesh,Southern,Agriculture,Electronics & Gadgets,2,6168.0,,
1003063,P00245642,F,18-25,19,1,Madhya Pradesh,Central,Aviation,Beauty,4,6168.0,,
1001017,P00353542,F,36-45,44,0,Rajasthan,Northern,Automobile,Electronics & Gadgets,4,6168.0,,
1003031,P00013642,F,18-25,21,0,AndhraÂ Pradesh,Southern,Healthcare,Electronics & Gadgets,3,6167.0,,
1002680,P00357242,F,26-35,35,1,Bihar,Eastern,Hospitality,Electronics & Gadgets,4,6167.0,,
1003621,P00223642,F,18-25,21,0,Jharkhand,Eastern,Hospitality,Electronics & Gadgets,3,6167.0,,
1000368,P00082842,F,26-35,32,0,Jharkhand,Eastern,Govt,Electronics & Gadgets,1,6167.0,,
1005629,P00255842,F,26-35,33,0,Delhi,Central,Construction,Beauty,1,6166.0,,
1005643,P00282442,M,36-45,42,0,Rajasthan,Northern,Hospitality,Beauty,4,6164.0,,
1001258,P00188642,F,46-50,46,1,Jharkhand,Eastern,Lawyer,Electronics & Gadgets,4,6163.0,,
1000911,P00100442,F,51-55,52,0,Delhi,Central,Food Processing,Beauty,2,6162.0,,
1000195,P00304142,F,26-35,34,1,Madhya Pradesh,Central,Govt,Beauty,3,6162.0,,
1003580,P00021742,M,18-25,22,1,Punjab,Northern,IT Sector,Electronics & Gadgets,1,6162.0,,
1002986,P00120042,F,26-35,29,0,Uttar Pradesh,Central,Retail,Electronics & Gadgets,2,6162.0,,
1005032,P00259342,F,18-25,22,0,Madhya Pradesh,Central,Automobile,Electronics & Gadgets,3,6161.0,,
1003712,P00127642,F,26-35,35,0,Maharashtra,Western,Lawyer,Beauty,3,6161.0,,
1004975,P00227842,M,36-45,40,0,Himachal Pradesh,Northern,Food Processing,Electronics & Gadgets,4,6160.0,,
1002205,P00202242,M,26-35,30,0,Kerala,Southern,Media,Electronics & Gadgets,2,6160.0,,
1004975,P00227842,M,36-45,40,0,Rajasthan,Northern,Food Processing,Electronics & Gadgets,1,6160.0,,
1003247,P00345842,F,36-45,44,0,Madhya Pradesh,Central,IT Sector,Beauty,4,6159.0,,
1002590,P00178142,F,18-25,21,0,AndhraÂ Pradesh,Southern,Automobile,Electronics & Gadgets,1,6158.0,,
1002651,P00120042,F,55+,68,0,Gujarat,Western,Aviation,Electronics & Gadgets,2,6158.0,,
1002000,P00255742,M,18-25,25,0,Maharashtra,Western,Construction,Beauty,2,6158.0,,
1004264,P00034142,F,46-50,50,0,Punjab,Northern,Banking,Electronics & Gadgets,4,6158.0,,
1002651,P00120042,F,55+,68,0,Telangana,Southern,Aviation,Electronics & Gadgets,3,6158.0,,
1004118,P0096942,F,26-35,32,0,Gujarat,Western,Aviation,Electronics & Gadgets,4,6157.0,,
1000531,P00218642,M,18-25,19,0,Karnataka,Southern,Construction,Beauty,3,6157.0,,
1000526,P00112142,F,46-50,49,0,AndhraÂ Pradesh,Southern,Automobile,Beauty,4,6156.0,,
1004207,P00317242,F,36-45,38,1,Madhya Pradesh,Central,IT Sector,Electronics & Gadgets,2,6156.0,,
1000639,P00110742,F,46-50,48,0,Uttar Pradesh,Central,Retail,Electronics & Gadgets,4,6156.0,,
1003057,P00110742,M,26-35,34,0,Gujarat,Western,Lawyer,Electronics & Gadgets,1,6155.0,,
1001748,P00341242,F,51-55,55,1,Gujarat,Western,Media,Electronics & Gadgets,2,6155.0,,
1004647,P00031842,F,36-45,38,0,Himachal Pradesh,Northern,Chemical,Electronics & Gadgets,4,6155.0,,
1001244,P00360842,F,26-35,26,0,Bihar,Eastern,Media,Electronics & Gadgets,3,6154.0,,
1001965,P00051442,F,55+,64,0,Uttar Pradesh,Central,Hospitality,Electronics & Gadgets,4,6154.0,,
1001778,P00145442,F,18-25,24,1,Madhya Pradesh,Central,Hospitality,Beauty,4,6151.0,,
1001879,P00213742,F,26-35,33,0,AndhraÂ Pradesh,Southern,Agriculture,Beauty,3,6150.0,,
1001867,P0096442,F,51-55,54,1,Punjab,Northern,Govt,Electronics & Gadgets,4,6150.0,,
1001867,P0096442,F,51-55,54,1,Telangana,Southern,Govt,Electronics & Gadgets,2,6150.0,,
1002743,P00224042,F,26-35,33,1,Madhya Pradesh,Central,Construction,Electronics & Gadgets,1,6148.0,,
1005082,P00106042,F,36-45,39,1,Rajasthan,Northern,Banking,Electronics & Gadgets,3,6148.0,,
1004302,P00168442,F,51-55,54,0,Uttarakhand,Central,Healthcare,Electronics & Gadgets,1,6146.0,,
1003638,P00277642,F,26-35,32,0,Madhya Pradesh,Central,Retail,Beauty,3,6144.0,,
1005370,P00284042,F,26-35,34,0,Madhya Pradesh,Central,Textile,Beauty,4,6144.0,,
1000728,P00326842,F,26-35,34,0,Madhya Pradesh,Central,IT Sector,Beauty,3,6144.0,,
1003850,P00223542,F,18-25,23,0,AndhraÂ Pradesh,Southern,Govt,Electronics & Gadgets,3,6143.0,,
1003850,P00223542,F,18-25,23,0,Rajasthan,Northern,Govt,Electronics & Gadgets,2,6143.0,,
1005397,P00121642,F,18-25,23,0,AndhraÂ Pradesh,Southern,Healthcare,Beauty,3,6142.0,,
1002010,P00260242,F,18-25,18,1,Madhya Pradesh,Central,Retail,Beauty,3,6142.0,,
1003940,P00190742,F,36-45,40,0,Maharashtra,Western,IT Sector,Decor,4,6142.0,,
1002304,P00277542,F,46-50,48,1,Maharashtra,Western,Aviation,Decor,4,6140.0,,
1005120,P00187842,F,51-55,52,1,Kerala,Southern,Govt,Electronics & Gadgets,4,6138.0,,
1005964,P00036842,M,18-25,21,1,Maharashtra,Western,IT Sector,Electronics & Gadgets,4,6137.0,,
1005128,P00178242,F,51-55,54,0,Bihar,Eastern,Healthcare,Electronics & Gadgets,4,6136.0,,
1001899,P00331642,M,46-50,48,1,Delhi,Central,IT Sector,Electronics & Gadgets,4,6136.0,,
1004256,P00346242,M,0-17,17,0,Madhya Pradesh,Central,Healthcare,Electronics & Gadgets,2,6135.0,,
1003067,P00251442,M,26-35,31,1,Madhya Pradesh,Central,Media,Electronics & Gadgets,4,6135.0,,
1002177,P00351342,M,36-45,42,0,Delhi,Central,Chemical,Electronics & Gadgets,2,6134.0,,
1005074,P00030042,M,0-17,17,0,Himachal Pradesh,Northern,Retail,Beauty,3,6134.0,,
1001749,P00123342,F,26-35,28,1,Uttar Pradesh,Central,Aviation,Decor,1,6134.0,,
1001422,P00163542,F,36-45,36,1,AndhraÂ Pradesh,Southern,Govt,Electronics & Gadgets,1,6133.0,,
1000230,P00165442,F,46-50,48,1,Jharkhand,Eastern,Chemical,Electronics & Gadgets,2,6133.0,,
1000230,P00165442,F,46-50,48,1,Rajasthan,Northern,Chemical,Electronics & Gadgets,2,6133.0,,
1001164,P00029942,M,26-35,26,1,Delhi,Central,Chemical,Electronics & Gadgets,3,6132.0,,
1001454,P00026042,F,18-25,25,0,Bihar,Eastern,IT Sector,Electronics & Gadgets,3,6131.0,,
1005978,P00118542,F,36-45,45,0,Uttar Pradesh,Central,Healthcare,Electronics & Gadgets,1,6131.0,,
1001317,P00152442,F,46-50,49,1,Maharashtra,Western,IT Sector,Electronics & Gadgets,4,6130.0,,
1002485,P00117742,F,36-45,45,1,Punjab,Northern,Food Processing,Electronics & Gadgets,2,6130.0,,
1001962,P00251542,M,18-25,23,0,Karnataka,Southern,Media,Beauty,4,6128.0,,
1001639,P00276642,F,26-35,31,1,Punjab,Northern,Banking,Electronics & Gadgets,1,6127.0,,
1001639,P00276642,F,26-35,31,1,Rajasthan,Northern,Banking,Electronics & Gadgets,1,6127.0,,
1002125,P00026042,F,36-45,40,0,Himachal Pradesh,Northern,Food Processing,Electronics & Gadgets,1,6126.0,,
1001559,P00163442,F,36-45,41,0,Rajasthan,Northern,Aviation,Electronics & Gadgets,1,6126.0,,
1002125,P00026042,F,36-45,40,0,Uttar Pradesh,Central,Food Processing,Electronics & Gadgets,3,6126.0,,
1005349,P00150542,M,51-55,52,1,Gujarat,Western,Healthcare,Beauty,3,6125.0,,
1001983,P00127942,F,26-35,35,0,Himachal Pradesh,Northern,Construction,Electronics & Gadgets,2,6125.0,,
1002777,P0093942,F,18-25,22,1,Uttar Pradesh,Central,Chemical,Electronics & Gadgets,1,6125.0,,
1001288,P00286642,M,36-45,38,0,Himachal Pradesh,Northern,Aviation,Electronics & Gadgets,4,6124.0,,
1003173,P00002942,F,26-35,28,0,Kerala,Southern,Aviation,Electronics & Gadgets,4,6124.0,,
1003173,P00002942,F,26-35,28,0,Maharashtra,Western,Aviation,Decor,3,6124.0,,
1000752,P00086042,M,26-35,26,0,Karnataka,Southern,Construction,Electronics & Gadgets,3,6122.0,,
1003377,P00147342,F,26-35,35,1,Kerala,Southern,Textile,Electronics & Gadgets,1,6122.0,,
1005976,P00102642,M,26-35,32,1,Rajasthan,Northern,Banking,Electronics & Gadgets,2,6122.0,,
1000216,P00214742,F,46-50,46,0,Uttar Pradesh,Central,Construction,Decor,4,6122.0,,
1003774,P00289342,F,26-35,26,0,Bihar,Eastern,Lawyer,Electronics & Gadgets,1,6120.0,,
1002080,P00286342,F,26-35,28,1,Madhya Pradesh,Central,Banking,Beauty,4,6120.0,,
1004476,P00291842,F,46-50,48,0,Madhya Pradesh,Central,Retail,Electronics & Gadgets,2,6119.0,,
1002852,P00237542,F,26-35,30,1,AndhraÂ Pradesh,Southern,Automobile,Electronics & Gadgets,1,6118.0,,
1002102,P00295842,F,26-35,35,0,Madhya Pradesh,Central,IT Sector,Beauty,1,6118.0,,
1005148,P00194642,F,26-35,34,0,Maharashtra,Western,Automobile,Electronics & Gadgets,4,6118.0,,
1001592,P00174442,M,36-45,36,0,Bihar,Eastern,Healthcare,Electronics & Gadgets,3,6117.0,,
1005064,P00184942,F,18-25,18,0,Madhya Pradesh,Central,Retail,Beauty,2,6117.0,,
1003118,P00193642,F,26-35,33,1,Madhya Pradesh,Central,Govt,Beauty,1,6117.0,,
1001592,P00174442,M,36-45,36,0,Rajasthan,Northern,Healthcare,Electronics & Gadgets,2,6117.0,,
1003403,P00157642,F,36-45,41,0,Maharashtra,Western,Hospitality,Electronics & Gadgets,3,6116.0,,
1003167,P00281742,F,26-35,31,1,Rajasthan,Northern,Govt,Electronics & Gadgets,4,6116.0,,
1005455,P00236942,M,18-25,24,0,AndhraÂ Pradesh,Southern,Hospitality,Electronics & Gadgets,2,6115.0,,
1001317,P00032042,F,46-50,49,1,Himachal Pradesh,Northern,Retail,Electronics & Gadgets,3,6115.0,,
1000889,P00032542,F,46-50,49,1,Rajasthan,Northern,IT Sector,Electronics & Gadgets,1,6115.0,,
1002056,P00002942,F,26-35,27,1,Uttar Pradesh,Central,Aviation,Electronics & Gadgets,3,6115.0,,
1006025,P00138542,M,26-35,31,1,Karnataka,Southern,Chemical,Electronics & Gadgets,2,6114.0,,
1003847,P00267642,F,26-35,33,0,Uttar Pradesh,Central,Healthcare,Electronics & Gadgets,2,6114.0,,
1006000,P00261842,F,46-50,50,0,AndhraÂ Pradesh,Southern,Agriculture,Electronics & Gadgets,4,6112.0,,
1003029,P00050342,F,18-25,22,1,Uttar Pradesh,Central,Lawyer,Decor,2,6111.0,,
1003029,P00050342,F,18-25,22,1,Uttar Pradesh,Central,Lawyer,Electronics & Gadgets,2,6111.0,,
1004049,P00260342,F,46-50,46,1,Madhya Pradesh,Central,Media,Beauty,1,6110.0,,
1003393,P00075642,F,36-45,41,0,Uttar Pradesh,Central,Healthcare,Electronics & Gadgets,2,6110.0,,
1002929,P00289042,F,18-25,23,0,Madhya Pradesh,Central,Banking,Beauty,4,6107.0,,
1002231,P00116942,F,51-55,53,0,Uttar Pradesh,Central,Govt,Beauty,1,6107.0,,
1004905,P00242742,M,46-50,49,1,Madhya Pradesh,Central,Chemical,Beauty,2,6106.0,,
1003641,P00310242,F,26-35,29,1,AndhraÂ Pradesh,Southern,Healthcare,Electronics & Gadgets,4,6105.0,,
1003589,P00088042,M,46-50,49,0,Maharashtra,Western,IT Sector,Electronics & Gadgets,2,6105.0,,
1005908,P00116642,F,26-35,30,1,Himachal Pradesh,Northern,Textile,Electronics & Gadgets,4,6104.0,,
1005699,P00115842,F,36-45,45,0,Madhya Pradesh,Central,Chemical,Beauty,2,6103.0,,
1004333,P00235442,M,51-55,51,0,Bihar,Eastern,Govt,Electronics & Gadgets,3,6102.0,,
1000076,P00351342,F,36-45,42,1,Jharkhand,Eastern,Food Processing,Electronics & Gadgets,1,6102.0,,
1002878,P00163842,M,51-55,55,0,Punjab,Northern,Retail,Electronics & Gadgets,3,6102.0,,
1000240,P00122442,F,51-55,51,0,Uttar Pradesh,Central,Automobile,Beauty,3,6102.0,,
1003808,P00192542,F,26-35,28,0,Delhi,Central,Aviation,Beauty,3,6100.0,,
1005880,P00359142,F,26-35,27,0,Himachal Pradesh,Northern,Healthcare,Electronics & Gadgets,3,6100.0,,
1002186,P00057642,F,18-25,23,0,Punjab,Northern,Banking,Electronics & Gadgets,1,6100.0,,
1000919,P00209842,M,36-45,39,1,Himachal Pradesh,Northern,Automobile,Electronics & Gadgets,4,6099.0,,
1000195,P00182242,F,26-35,29,0,Jharkhand,Eastern,IT Sector,Electronics & Gadgets,4,6099.0,,
1004823,P00208942,F,18-25,18,1,Maharashtra,Western,Media,Electronics & Gadgets,3,6099.0,,
1000195,P00182242,F,26-35,29,0,Telangana,Southern,IT Sector,Electronics & Gadgets,2,6099.0,,
1001356,P00058442,M,18-25,25,1,Karnataka,Southern,Healthcare,Beauty,2,6098.0,,
1005472,P00205642,F,36-45,40,1,Punjab,Northern,Healthcare,Electronics & Gadgets,4,6098.0,,
1001422,P00116242,F,36-45,39,1,Delhi,Central,Govt,Electronics & Gadgets,2,6097.0,,
1005019,P00248942,F,26-35,26,0,Madhya Pradesh,Central,IT Sector,Electronics & Gadgets,1,6097.0,,
1004532,P00265242,F,26-35,31,1,Maharashtra,Western,Aviation,Electronics & Gadgets,2,6097.0,,
1004532,P00265242,F,26-35,31,1,Maharashtra,Western,Aviation,Electronics & Gadgets,3,6097.0,,
1005019,P00248942,F,26-35,26,0,Uttarakhand,Central,IT Sector,Electronics & Gadgets,1,6097.0,,
1000767,P00117842,F,26-35,26,0,AndhraÂ Pradesh,Southern,Agriculture,Electronics & Gadgets,2,6096.0,,
1005346,P00189842,M,26-35,27,1,Delhi,Central,Govt,Electronics & Gadgets,1,6096.0,,
1003596,P00200642,M,36-45,43,0,Uttar Pradesh,Central,Food Processing,Electronics & Gadgets,3,6096.0,,
1005386,P00070342,F,26-35,33,0,AndhraÂ Pradesh,Southern,Govt,Electronics & Gadgets,1,6094.0,,
1003101,P00198142,F,18-25,19,1,Himachal Pradesh,Northern,Lawyer,Electronics & Gadgets,4,6094.0,,
1004521,P00135742,F,36-45,40,0,Madhya Pradesh,Central,Govt,Beauty,1,6092.0,,
1001312,P00243942,F,26-35,30,0,Madhya Pradesh,Central,Aviation,Beauty,4,6091.0,,
1004243,P00113342,F,55+,71,0,Madhya Pradesh,Central,Textile,Beauty,2,6091.0,,
1002287,P00085242,F,55+,66,0,Uttar Pradesh,Central,Aviation,Electronics & Gadgets,1,6089.0,,
1004898,P00339842,F,26-35,31,0,Madhya Pradesh,Central,Media,Beauty,1,6088.0,,
1000418,P00110942,M,26-35,34,0,Punjab,Northern,Construction,Electronics & Gadgets,3,6088.0,,
1004240,P00103042,F,36-45,37,1,Himachal Pradesh,Northern,Chemical,Electronics & Gadgets,1,6087.0,,
1003610,P00110342,F,18-25,19,0,Madhya Pradesh,Central,Healthcare,Beauty,4,6087.0,,
1002008,P00134342,F,26-35,28,1,Uttar Pradesh,Central,Healthcare,Electronics & Gadgets,3,6087.0,,
1005321,P00255842,F,26-35,28,0,Bihar,Eastern,Retail,Electronics & Gadgets,3,6086.0,,
1002320,P00206042,M,51-55,55,1,Karnataka,Southern,Retail,Beauty,3,6086.0,,
1000136,P00116242,F,18-25,21,1,Madhya Pradesh,Central,Banking,Beauty,1,6086.0,,
1005254,P00136542,F,18-25,23,0,Madhya Pradesh,Central,Govt,Beauty,4,6084.0,,
1003301,P00366442,M,26-35,29,0,Maharashtra,Western,IT Sector,Electronics & Gadgets,3,6084.0,,
1001599,P00320342,F,26-35,35,1,Madhya Pradesh,Central,Construction,Beauty,1,6083.0,,
1005840,P00259342,M,0-17,12,0,Maharashtra,Western,Media,Electronics & Gadgets,2,6083.0,,
1002012,P00068942,F,26-35,27,0,Delhi,Central,IT Sector,Beauty,3,6082.0,,
1003565,P00353142,F,26-35,32,1,AndhraÂ Pradesh,Southern,Healthcare,Beauty,3,6080.0,,
1001613,P00124642,F,18-25,18,1,Madhya Pradesh,Central,Textile,Beauty,3,6080.0,,
1005878,P00204342,M,26-35,29,1,Bihar,Eastern,Automobile,Beauty,1,6078.0,,
1005585,P00346142,F,26-35,33,0,Madhya Pradesh,Central,Media,Beauty,4,6078.0,,
1002054,P00105342,F,26-35,32,0,AndhraÂ Pradesh,Southern,Automobile,Electronics & Gadgets,1,6077.0,,
1001676,P00053842,F,18-25,21,1,Punjab,Northern,Agriculture,Electronics & Gadgets,4,6077.0,,
1005366,P00267342,F,18-25,24,0,Maharashtra,Western,Textile,Electronics & Gadgets,4,6076.0,,
1001584,P00064042,F,26-35,26,0,AndhraÂ Pradesh,Southern,Healthcare,Beauty,4,6074.0,,
1005408,P00342742,M,26-35,26,1,AndhraÂ Pradesh,Southern,Govt,Electronics & Gadgets,1,6074.0,,
1005550,P00051442,F,36-45,44,0,AndhraÂ Pradesh,Southern,Construction,Electronics & Gadgets,2,6074.0,,
1005886,P00106742,F,26-35,29,0,Bihar,Eastern,Banking,Electronics & Gadgets,1,6073.0,,
1001359,P00255742,F,36-45,36,0,Gujarat,Western,Food Processing,Electronics & Gadgets,3,6072.0,,
1002395,P00054242,F,36-45,37,1,AndhraÂ Pradesh,Southern,Aviation,Electronics & Gadgets,1,6070.0,,
1001465,P00277242,F,51-55,53,1,Bihar,Eastern,Construction,Electronics & Gadgets,2,6070.0,,
1005501,P00202542,M,26-35,26,0,Gujarat,Western,Healthcare,Electronics & Gadgets,4,6069.0,,
1002734,P00176842,M,18-25,25,1,Maharashtra,Western,Banking,Electronics & Gadgets,1,6069.0,,
1003946,P00057442,M,26-35,30,0,Uttar Pradesh,Central,Chemical,Electronics & Gadgets,2,6069.0,,
1001121,P00036442,F,55+,73,1,Uttar Pradesh,Central,IT Sector,Decor,1,6068.0,,
1001461,P00226242,M,46-50,48,0,Haryana,Northern,Construction,Electronics & Gadgets,1,6067.0,,
1001274,P00103342,F,46-50,48,0,Madhya Pradesh,Central,Healthcare,Beauty,4,6067.0,,
1005668,P00273442,M,26-35,30,1,Delhi,Central,Hospitality,Electronics & Gadgets,2,6066.0,,
1003509,P00283942,F,18-25,23,1,Rajasthan,Northern,Textile,Electronics & Gadgets,2,6066.0,,
1005668,P00273442,M,26-35,30,1,Rajasthan,Northern,Hospitality,Electronics & Gadgets,3,6066.0,,
1002575,P00123142,F,36-45,40,0,Uttar Pradesh,Central,Retail,Beauty,4,6066.0,,
1005193,P00129842,F,36-45,42,0,Uttar Pradesh,Central,Media,Beauty,4,6065.0,,
1000711,P00087042,F,26-35,33,0,Jharkhand,Eastern,Aviation,Electronics & Gadgets,3,6063.0,,
1000711,P00087042,F,26-35,33,0,Telangana,Southern,Aviation,Electronics & Gadgets,2,6063.0,,
1000216,P00252542,F,46-50,46,0,AndhraÂ Pradesh,Southern,IT Sector,Electronics & Gadgets,2,6062.0,,
1001579,P00122442,F,26-35,27,0,Maharashtra,Western,Retail,Electronics & Gadgets,2,6062.0,,
1004552,P00194542,F,26-35,26,1,Gujarat,Western,Aviation,Electronics & Gadgets,1,6061.0,,
1005138,P00085242,F,26-35,35,0,Madhya Pradesh,Central,Media,Beauty,1,6061.0,,
1004261,P00112142,M,36-45,38,0,Madhya Pradesh,Central,Automobile,Electronics & Gadgets,1,6060.0,,
1005256,P00196542,F,26-35,29,0,Rajasthan,Northern,Food Processing,Electronics & Gadgets,1,6060.0,,
1000271,P00213242,F,18-25,18,1,Uttar Pradesh,Central,Chemical,Beauty,4,6060.0,,
1000301,P00207942,F,18-25,20,0,Uttar Pradesh,Central,Agriculture,Electronics & Gadgets,4,6060.0,,
1004994,P00121342,F,46-50,48,0,Uttar Pradesh,Central,Textile,Electronics & Gadgets,3,6060.0,,
1001733,P00122542,F,18-25,18,1,Madhya Pradesh,Central,IT Sector,Beauty,1,6059.0,,
1000549,P00359742,F,26-35,35,1,Uttar Pradesh,Central,Automobile,Electronics & Gadgets,1,6058.0,,
1004989,P00157342,M,26-35,32,1,AndhraÂ Pradesh,Southern,Agriculture,Electronics & Gadgets,4,6057.0,,
1001172,P00012142,M,26-35,32,0,Bihar,Eastern,Healthcare,Electronics & Gadgets,3,6057.0,,
1004141,P00046142,F,36-45,45,1,Gujarat,Western,Banking,Electronics & Gadgets,2,6055.0,,
1000531,P00207442,M,18-25,19,0,Maharashtra,Western,Govt,Electronics & Gadgets,1,6055.0,,
1003128,P00130442,F,18-25,21,1,Punjab,Northern,Banking,Electronics & Gadgets,2,6055.0,,
1003512,P00271142,F,18-25,22,1,Haryana,Northern,IT Sector,Electronics & Gadgets,4,6054.0,,
1001069,P00102242,F,26-35,26,0,Madhya Pradesh,Central,Food Processing,Electronics & Gadgets,3,6054.0,,
1002663,P00307342,M,26-35,27,0,Maharashtra,Western,Automobile,Beauty,1,6054.0,,
1005553,P00265742,F,36-45,37,1,Maharashtra,Western,Textile,Beauty,4,6053.0,,
1000264,P00329542,F,36-45,45,1,AndhraÂ Pradesh,Southern,Aviation,Electronics & Gadgets,4,6052.0,,
1003309,P00233942,F,26-35,34,1,Punjab,Northern,IT Sector,Electronics & Gadgets,4,6051.0,,
1004644,P00111242,F,51-55,51,0,Delhi,Central,IT Sector,Beauty,2,6049.0,,
1003771,P00326742,F,26-35,33,1,Uttar Pradesh,Central,Govt,Beauty,4,6049.0,,
1000570,P00236342,F,26-35,30,1,Himachal Pradesh,Northern,Automobile,Electronics & Gadgets,1,6048.0,,
1001218,P00183442,F,55+,85,1,Himachal Pradesh,Northern,Chemical,Electronics & Gadgets,2,6048.0,,
1003685,P00158242,F,26-35,31,0,Jharkhand,Eastern,Media,Electronics & Gadgets,1,6048.0,,
1003454,P00112942,F,18-25,22,0,Maharashtra,Western,Aviation,Electronics & Gadgets,2,6048.0,,
1005070,P00283242,F,26-35,33,0,Punjab,Northern,Construction,Electronics & Gadgets,1,6048.0,,
1000045,P00330242,M,46-50,48,1,Delhi,Central,Govt,Beauty,3,6047.0,,
1000743,P00100942,M,0-17,14,1,Maharashtra,Western,IT Sector,Electronics & Gadgets,1,6047.0,,
1004884,P00351342,F,36-45,40,0,AndhraÂ Pradesh,Southern,Food Processing,Electronics & Gadgets,4,6046.0,,
1002929,P00179342,F,18-25,18,0,Maharashtra,Western,Aviation,Electronics & Gadgets,2,6046.0,,
1004897,P00045342,F,36-45,41,0,AndhraÂ Pradesh,Southern,Banking,Electronics & Gadgets,4,6045.0,,
1003910,P00240142,F,26-35,33,0,Madhya Pradesh,Central,Chemical,Beauty,3,6045.0,,
1006016,P00276042,F,46-50,46,1,Maharashtra,Western,Banking,Electronics & Gadgets,2,6045.0,,
1001182,P00250242,F,0-17,15,0,Gujarat,Western,Healthcare,Electronics & Gadgets,3,6044.0,,
1000646,P00002042,F,36-45,38,1,Rajasthan,Northern,Banking,Electronics & Gadgets,3,6044.0,,
1001182,P00250242,F,0-17,15,0,Telangana,Southern,Healthcare,Electronics & Gadgets,1,6044.0,,
1002378,P00002042,F,26-35,28,1,Jharkhand,Eastern,Govt,Electronics & Gadgets,3,6043.0,,
1003992,P00242742,F,26-35,28,1,Haryana,Northern,Aviation,Electronics & Gadgets,2,6042.0,,
1004715,P00113242,F,26-35,34,0,Uttarakhand,Central,Retail,Electronics & Gadgets,3,6041.0,,
1005689,P00003242,F,26-35,34,1,Madhya Pradesh,Central,IT Sector,Beauty,4,6040.0,,
1004009,P00178942,F,18-25,22,0,Uttar Pradesh,Central,Govt,Decor,2,6040.0,,
1001016,P00049642,F,55+,63,1,Jharkhand,Eastern,Banking,Electronics & Gadgets,4,6039.0,,
1000411,P00127642,M,46-50,49,0,Karnataka,Southern,Govt,Electronics & Gadgets,4,6039.0,,
1003958,P00065242,F,46-50,49,1,AndhraÂ Pradesh,Southern,Banking,Electronics & Gadgets,3,6037.0,,
1001749,P00188442,F,26-35,33,1,Himachal Pradesh,Northern,Construction,Electronics & Gadgets,4,6037.0,,
1001125,P00161542,M,18-25,25,1,Kerala,Southern,Govt,Beauty,4,6035.0,,
1004482,P00275842,M,36-45,41,0,Madhya Pradesh,Central,Healthcare,Electronics & Gadgets,4,6035.0,,
1004990,P00220342,M,26-35,30,0,Maharashtra,Western,Textile,Electronics & Gadgets,3,6035.0,,
1002693,P00086642,F,55+,75,1,Maharashtra,Western,Aviation,Electronics & Gadgets,1,6035.0,,
1005550,P00262442,F,36-45,40,0,Madhya Pradesh,Central,IT Sector,Beauty,1,6034.0,,
1005275,P00076042,F,26-35,32,1,AndhraÂ Pradesh,Southern,Banking,Electronics & Gadgets,1,6033.0,,
1003075,P00129542,M,26-35,31,1,Jharkhand,Eastern,Food Processing,Beauty,3,6033.0,,
1002913,P00258742,M,36-45,44,0,Maharashtra,Western,Healthcare,Beauty,3,6033.0,,
1003336,P00277442,F,36-45,39,0,Gujarat,Western,Aviation,Electronics & Gadgets,3,6032.0,,
1004064,P00209742,F,46-50,47,1,AndhraÂ Pradesh,Southern,Govt,Electronics & Gadgets,1,6031.0,,
1002119,P00288642,F,36-45,36,1,Bihar,Eastern,IT Sector,Electronics & Gadgets,4,6031.0,,
1000585,P00319842,M,18-25,22,1,Uttar Pradesh,Central,Textile,Electronics & Gadgets,4,6031.0,,
1000131,P00125742,F,18-25,19,1,AndhraÂ Pradesh,Southern,Media,Electronics & Gadgets,4,6029.0,,
1002777,P0098242,F,18-25,19,0,Rajasthan,Northern,Hospitality,Electronics & Gadgets,2,6029.0,,
1001069,P00211442,F,26-35,26,0,Delhi,Central,Healthcare,Beauty,4,6027.0,,
1005415,P00189842,M,26-35,27,1,Uttar Pradesh,Central,IT Sector,Electronics & Gadgets,1,6027.0,,
1003572,P00073642,M,36-45,38,1,Jharkhand,Eastern,Food Processing,Electronics & Gadgets,1,6026.0,,
1001737,P00228542,F,36-45,36,0,Punjab,Northern,Lawyer,Electronics & Gadgets,4,6026.0,,
1003572,P00073642,M,36-45,38,1,Telangana,Southern,Food Processing,Electronics & Gadgets,4,6026.0,,
1002109,P00060242,F,26-35,30,0,Uttar Pradesh,Central,Banking,Beauty,1,6026.0,,
1005550,P00035842,F,36-45,37,0,AndhraÂ Pradesh,Southern,Healthcare,Beauty,1,6025.0,,
1002824,P00137542,F,18-25,24,0,Delhi,Central,Chemical,Electronics & Gadgets,3,6023.0,,
1002824,P00137542,F,18-25,24,0,Kerala,Southern,Chemical,Electronics & Gadgets,1,6023.0,,
1000107,P00100842,F,46-50,49,1,Uttar Pradesh,Central,Automobile,Electronics & Gadgets,2,6023.0,,
1004016,P00221942,F,51-55,54,0,Gujarat,Western,IT Sector,Electronics & Gadgets,4,6022.0,,
1004425,P00159442,F,36-45,42,0,Delhi,Central,Banking,Electronics & Gadgets,3,6021.0,,
1000984,P00274942,F,51-55,54,0,Punjab,Northern,Agriculture,Electronics & Gadgets,2,6021.0,,
1001094,P00111142,M,18-25,19,1,AndhraÂ Pradesh,Southern,IT Sector,Electronics & Gadgets,1,6020.0,,
1003577,P00103042,M,55+,84,1,AndhraÂ Pradesh,Southern,Banking,Beauty,4,6019.0,,
1003778,P00059842,F,26-35,27,0,Punjab,Northern,Banking,Electronics & Gadgets,2,6019.0,,
1002016,P00249742,M,55+,89,0,Gujarat,Western,Media,Electronics & Gadgets,1,6018.0,,
1001579,P00181842,F,26-35,29,0,Jharkhand,Eastern,Hospitality,Electronics & Gadgets,2,6018.0,,
1002016,P00249742,M,55+,89,0,Jharkhand,Eastern,Media,Electronics & Gadgets,3,6018.0,,
1005555,P00074142,F,0-17,17,1,Madhya Pradesh,Central,Food Processing,Electronics & Gadgets,1,6018.0,,
1005555,P00074142,F,0-17,17,1,Rajasthan,Northern,Food Processing,Electronics & Gadgets,2,6018.0,,
1005172,P00170442,M,36-45,41,1,Uttar Pradesh,Central,Construction,Beauty,2,6018.0,,
1000481,P00343042,M,46-50,50,0,Uttar Pradesh,Central,Healthcare,Electronics & Gadgets,2,6018.0,,
1000209,P00250242,F,36-45,41,0,AndhraÂ Pradesh,Southern,Aviation,Electronics & Gadgets,3,6017.0,,
1005777,P00108842,M,0-17,15,1,Himachal Pradesh,Northern,Automobile,Electronics & Gadgets,1,6017.0,,
1000209,P00250242,F,36-45,41,0,Uttarakhand,Central,Aviation,Electronics & Gadgets,1,6017.0,,
1003569,P00355142,M,18-25,22,0,Bihar,Eastern,IT Sector,Electronics & Gadgets,4,6016.0,,
1004161,P00336642,F,46-50,50,1,Kerala,Southern,Hospitality,Electronics & Gadgets,4,6016.0,,
1004161,P00336642,F,46-50,50,1,Maharashtra,Western,Hospitality,Decor,4,6016.0,,
1004253,P00302742,F,46-50,49,0,Jharkhand,Eastern,Banking,Electronics & Gadgets,4,6015.0,,
1004253,P00302742,F,46-50,49,0,Rajasthan,Northern,Banking,Electronics & Gadgets,4,6015.0,,
1001069,P00216542,F,26-35,32,0,Punjab,Northern,Banking,Electronics & Gadgets,4,6014.0,,
1001015,P00284742,F,36-45,43,0,Gujarat,Western,Banking,Electronics & Gadgets,1,6013.0,,
1001687,P00229342,F,26-35,33,0,Madhya Pradesh,Central,Automobile,Electronics & Gadgets,1,6013.0,,
1001224,P00324942,F,51-55,52,1,Madhya Pradesh,Central,Healthcare,Beauty,3,6013.0,,
1005054,P00255842,F,36-45,44,1,Uttar Pradesh,Central,Banking,Decor,4,6013.0,,
1003808,P0098342,F,26-35,29,0,Haryana,Northern,Aviation,Electronics & Gadgets,2,6012.0,,
1003808,P0098342,F,26-35,29,0,Telangana,Southern,Aviation,Electronics & Gadgets,2,6012.0,,
1002880,P00334242,F,18-25,23,1,Gujarat,Western,Aviation,Electronics & Gadgets,2,6011.0,,
1000333,P00114542,F,36-45,43,1,Himachal Pradesh,Northern,Govt,Electronics & Gadgets,1,6010.0,,
1002537,P00282842,F,36-45,43,1,Himachal Pradesh,Northern,Banking,Electronics & Gadgets,1,6010.0,,
1002119,P00358342,F,36-45,38,0,Punjab,Northern,Govt,Electronics & Gadgets,1,6010.0,,
1002806,P00328142,F,0-17,13,1,Kerala,Southern,Hospitality,Electronics & Gadgets,3,6009.0,,
1002018,P00088942,F,36-45,40,0,Delhi,Central,Healthcare,Beauty,2,6008.0,,
1004467,P00154042,M,51-55,51,0,Maharashtra,Western,Chemical,Electronics & Gadgets,1,6008.0,,
1000827,P00124742,F,46-50,47,0,Kerala,Southern,Healthcare,Electronics & Gadgets,3,6007.0,,
1001246,P00125942,F,18-25,21,0,Bihar,Eastern,IT Sector,Electronics & Gadgets,2,6005.0,,
1001215,P00183042,F,36-45,39,0,Maharashtra,Western,Textile,Beauty,3,6005.0,,
1001246,P00125942,F,18-25,21,0,Uttarakhand,Central,IT Sector,Electronics & Gadgets,1,6005.0,,
1003266,P00125742,M,26-35,33,1,Delhi,Central,Healthcare,Electronics & Gadgets,2,6004.0,,
1003080,P00015242,F,26-35,26,0,Jharkhand,Eastern,Food Processing,Electronics & Gadgets,2,6004.0,,
1001063,P00111742,F,36-45,42,1,AndhraÂ Pradesh,Southern,Chemical,Electronics & Gadgets,4,6003.0,,
1004094,P00305142,F,26-35,26,0,Uttar Pradesh,Central,IT Sector,Electronics & Gadgets,2,6003.0,,
1005233,P00064942,F,26-35,26,0,AndhraÂ Pradesh,Southern,Aviation,Electronics & Gadgets,2,6001.0,,
1005924,P00048142,F,36-45,37,1,Uttar Pradesh,Central,Aviation,Electronics & Gadgets,2,6001.0,,
1004666,P00343542,F,36-45,39,0,AndhraÂ Pradesh,Southern,Healthcare,Electronics & Gadgets,2,5998.0,,
1001298,P00078642,F,36-45,36,1,Haryana,Northern,Food Processing,Electronics & Gadgets,2,5998.0,,
1004589,P00289942,F,26-35,34,1,Bihar,Eastern,Hospitality,Electronics & Gadgets,3,5997.0,,
1005777,P00125142,M,0-17,13,1,Jharkhand,Eastern,Construction,Electronics & Gadgets,2,5996.0,,
1004277,P00279142,F,36-45,40,0,Madhya Pradesh,Central,Govt,Beauty,2,5995.0,,
1003294,P00146742,F,18-25,21,0,Punjab,Northern,Banking,Electronics & Gadgets,3,5995.0,,
1002212,P00179442,F,18-25,22,0,Uttar Pradesh,Central,IT Sector,Electronics & Gadgets,4,5994.0,,
1000403,P00193542,F,18-25,18,1,Rajasthan,Northern,Banking,Electronics & Gadgets,3,5993.0,,
1003610,P00246642,F,18-25,24,0,Kerala,Southern,Automobile,Electronics & Gadgets,3,5992.0,,
1000575,P00274942,F,26-35,30,1,Kerala,Southern,Textile,Electronics & Gadgets,3,5990.0,,
1005703,P00088242,F,55+,91,1,Rajasthan,Northern,IT Sector,Electronics & Gadgets,4,5989.0,,
1001447,P00033042,F,18-25,23,1,AndhraÂ Pradesh,Southern,Aviation,Electronics & Gadgets,4,5988.0,,
1003499,P00052042,F,26-35,31,1,Uttarakhand,Central,Construction,Electronics & Gadgets,4,5987.0,,
1001447,P00113242,M,18-25,22,0,Maharashtra,Western,Construction,Electronics & Gadgets,4,5986.0,,
1005881,P00144642,F,36-45,44,0,Delhi,Central,Healthcare,Beauty,2,5985.0,,
1002092,P00086142,M,55+,68,1,AndhraÂ Pradesh,Southern,IT Sector,Electronics & Gadgets,1,5983.0,,
1001972,P00265242,F,46-50,46,1,Uttar Pradesh,Central,Healthcare,Electronics & Gadgets,2,5983.0,,
1005005,P00168842,F,46-50,50,0,AndhraÂ Pradesh,Southern,Agriculture,Electronics & Gadgets,3,5979.0,,
1005604,P00090942,F,36-45,41,1,Uttarakhand,Central,Banking,Electronics & Gadgets,4,5979.0,,
1000662,P00042142,F,18-25,18,0,Kerala,Southern,Construction,Electronics & Gadgets,4,5978.0,,
1002656,P00057442,F,55+,61,0,Kerala,Southern,Banking,Electronics & Gadgets,4,5978.0,,
1004074,P00110542,F,36-45,41,1,Delhi,Central,Textile,Electronics & Gadgets,2,5977.0,,
1004074,P00110542,F,36-45,41,1,Haryana,Northern,Textile,Electronics & Gadgets,1,5977.0,,
1002572,P00255742,F,36-45,41,1,Punjab,Northern,Banking,Electronics & Gadgets,3,5976.0,,
1001252,P00120942,F,55+,76,0,Kerala,Southern,Construction,Electronics & Gadgets,1,5975.0,,
1001181,P00311342,F,36-45,44,1,Madhya Pradesh,Central,Construction,Beauty,2,5975.0,,
1001252,P00120942,F,55+,76,0,Telangana,Southern,Construction,Electronics & Gadgets,4,5975.0,,
1002436,P00351842,F,26-35,34,0,AndhraÂ Pradesh,Southern,Aviation,Electronics & Gadgets,2,5974.0,,
1002214,P00106042,M,26-35,29,1,Kerala,Southern,Hospitality,Electronics & Gadgets,4,5974.0,,
1003081,P00182142,F,26-35,30,1,Madhya Pradesh,Central,Healthcare,Beauty,2,5974.0,,
1002214,P00106042,M,26-35,29,1,Telangana,Southern,Hospitality,Electronics & Gadgets,3,5974.0,,
1004726,P00048442,M,36-45,38,0,Haryana,Northern,Healthcare,Electronics & Gadgets,4,5973.0,,
1004728,P00110642,F,26-35,29,0,Maharashtra,Western,Retail,Electronics & Gadgets,1,5973.0,,
1000402,P00037142,F,26-35,35,1,Maharashtra,Western,Textile,Electronics & Gadgets,1,5973.0,,
1003859,P00010242,F,26-35,31,1,AndhraÂ Pradesh,Southern,Lawyer,Beauty,3,5972.0,,
1004790,P0099342,M,26-35,27,0,Haryana,Northern,Banking,Electronics & Gadgets,2,5972.0,,
1000911,P00270942,F,51-55,54,0,Madhya Pradesh,Central,Food Processing,Beauty,4,5972.0,,
1001891,P00275842,F,46-50,50,1,AndhraÂ Pradesh,Southern,Hospitality,Electronics & Gadgets,3,5971.0,,
1000255,P00073842,F,36-45,40,1,Madhya Pradesh,Central,Construction,Beauty,4,5971.0,,
1003705,P00114442,F,46-50,48,0,Madhya Pradesh,Central,Retail,Beauty,3,5971.0,,
1002092,P00109942,F,55+,82,1,Madhya Pradesh,Central,Aviation,Beauty,2,5971.0,,
1005067,P00318542,F,55+,57,1,Uttar Pradesh,Central,Banking,Electronics & Gadgets,4,5971.0,,
1002777,P00282842,F,18-25,24,1,Madhya Pradesh,Central,Media,Beauty,3,5970.0,,
1003547,P00119742,F,36-45,36,1,Madhya Pradesh,Central,Healthcare,Beauty,2,5970.0,,
1002896,P00262242,F,18-25,24,0,Gujarat,Western,Construction,Electronics & Gadgets,3,5969.0,,
1001591,P00057642,F,51-55,54,1,Himachal Pradesh,Northern,Aviation,Electronics & Gadgets,1,5969.0,,
1002896,P00262242,F,18-25,24,0,Punjab,Northern,Construction,Electronics & Gadgets,4,5969.0,,
1001591,P00057642,F,51-55,54,1,Telangana,Southern,Aviation,Electronics & Gadgets,4,5969.0,,
1002863,P00108942,M,26-35,29,0,AndhraÂ Pradesh,Southern,Aviation,Electronics & Gadgets,3,5967.0,,
1003650,P00167542,F,26-35,26,0,Himachal Pradesh,Northern,Textile,Electronics & Gadgets,2,5967.0,,
1001107,P0099042,M,51-55,55,1,Punjab,Northern,Banking,Electronics & Gadgets,3,5967.0,,
1001124,P00041642,F,26-35,31,1,Uttar Pradesh,Central,Media,Decor,1,5967.0,,
1005788,P00128042,F,26-35,34,0,Rajasthan,Northern,Hospitality,Electronics & Gadgets,3,5966.0,,
1002188,P00137142,M,18-25,23,0,Delhi,Central,Retail,Electronics & Gadgets,1,5965.0,,
1005550,P00105442,F,36-45,45,0,Jharkhand,Eastern,Healthcare,Electronics & Gadgets,2,5965.0,,
1000963,P00070042,F,26-35,30,0,Madhya Pradesh,Central,IT Sector,Beauty,2,5962.0,,
1002890,P00036842,F,36-45,45,1,Madhya Pradesh,Central,Retail,Beauty,2,5962.0,,
1004312,P00216342,F,26-35,30,1,Kerala,Southern,Aviation,Electronics & Gadgets,2,5961.0,,
1003157,P00265242,F,26-35,32,0,Kerala,Southern,Lawyer,Electronics & Gadgets,1,5960.0,,
1005103,P00030742,M,36-45,45,1,Himachal Pradesh,Northern,Hospitality,Electronics & Gadgets,2,5959.0,,
1005335,P00338442,F,26-35,28,0,Jharkhand,Eastern,Banking,Electronics & Gadgets,3,5959.0,,
1003503,P00109542,F,18-25,23,0,Madhya Pradesh,Central,Retail,Beauty,4,5959.0,,
1001645,P00008742,M,18-25,18,1,Bihar,Eastern,Automobile,Electronics & Gadgets,3,5957.0,,
1004765,P00115642,M,36-45,40,1,Delhi,Central,IT Sector,Electronics & Gadgets,1,5957.0,,
1004765,P00115642,M,36-45,40,1,Haryana,Northern,IT Sector,Electronics & Gadgets,1,5957.0,,
1001314,P00059142,M,18-25,20,0,Madhya Pradesh,Central,Automobile,Electronics & Gadgets,3,5956.0,,
1001181,P00106642,M,36-45,37,1,Bihar,Eastern,Media,Beauty,3,5955.0,,
1004078,P00192542,F,26-35,30,1,Uttar Pradesh,Central,Agriculture,Decor,4,5955.0,,
1002063,P00332942,F,26-35,35,1,Bihar,Eastern,Healthcare,Electronics & Gadgets,1,5954.0,,
1001666,P00286642,F,26-35,34,1,Jharkhand,Eastern,Banking,Electronics & Gadgets,3,5952.0,,
1000230,P00057642,F,46-50,49,1,Jharkhand,Eastern,Chemical,Electronics & Gadgets,4,5951.0,,
1001134,P00037442,F,18-25,20,0,Uttar Pradesh,Central,IT Sector,Electronics & Gadgets,3,5951.0,,
1001794,P00113642,F,26-35,35,1,Gujarat,Western,Govt,Electronics & Gadgets,2,5950.0,,
1002837,P00273742,F,18-25,21,0,Punjab,Northern,Hospitality,Electronics & Gadgets,1,5949.0,,
1005576,P00277442,F,26-35,33,0,Madhya Pradesh,Central,Govt,Beauty,3,5948.0,,
1000565,P00226342,F,26-35,28,1,Uttar Pradesh,Central,Agriculture,Electronics & Gadgets,2,5947.0,,
1001074,P00314142,F,46-50,50,0,Madhya Pradesh,Central,Automobile,Beauty,1,5946.0,,
1000791,P00015642,F,36-45,43,0,Madhya Pradesh,Central,Aviation,Beauty,2,5945.0,,
1004138,P00145442,F,26-35,33,1,Himachal Pradesh,Northern,Banking,Electronics & Gadgets,2,5943.0,,
1003579,P00114342,F,18-25,25,1,Jharkhand,Eastern,Retail,Electronics & Gadgets,4,5943.0,,
1003115,P00351342,F,36-45,37,0,Uttar Pradesh,Central,Retail,Beauty,2,5943.0,,
1002784,P00314242,F,51-55,52,0,Delhi,Central,Healthcare,Electronics & Gadgets,1,5941.0,,
1002784,P00314242,F,51-55,52,0,Delhi,Central,Healthcare,Electronics & Gadgets,3,5941.0,,
1003550,P00114942,F,26-35,28,0,Rajasthan,Northern,Hospitality,Electronics & Gadgets,3,5941.0,,
1005600,P00330442,M,46-50,46,1,Delhi,Central,Govt,Beauty,1,5940.0,,
1004284,P00143342,M,51-55,52,1,Jharkhand,Eastern,Construction,Electronics & Gadgets,3,5940.0,,
1004930,P00117842,F,51-55,53,1,Jharkhand,Eastern,Textile,Electronics & Gadgets,2,5940.0,,
1004284,P00143342,M,51-55,52,1,Telangana,Southern,Construction,Electronics & Gadgets,1,5940.0,,
1001962,P00005142,M,18-25,23,1,Karnataka,Southern,Govt,Electronics & Gadgets,3,5939.0,,
1002771,P00057642,F,18-25,22,1,Madhya Pradesh,Central,IT Sector,Beauty,2,5939.0,,
1004260,P00174542,F,26-35,27,1,Maharashtra,Western,IT Sector,Electronics & Gadgets,3,5939.0,,
1000774,P00265242,F,18-25,20,1,Punjab,Northern,Aviation,Electronics & Gadgets,2,5939.0,,
1004126,P00190542,F,26-35,35,0,Uttar Pradesh,Central,Hospitality,Beauty,1,5938.0,,
1003475,P00036442,F,26-35,33,1,Uttar Pradesh,Central,Media,Electronics & Gadgets,2,5937.0,,
1005779,P00274142,F,26-35,27,0,Uttarakhand,Central,Agriculture,Electronics & Gadgets,4,5937.0,,
1003940,P00102942,F,36-45,42,0,Maharashtra,Western,Govt,Electronics & Gadgets,4,5936.0,,
1004058,P00183442,F,26-35,34,1,Rajasthan,Northern,Automobile,Electronics & Gadgets,1,5936.0,,
1004422,P00255542,F,26-35,35,1,Rajasthan,Northern,Aviation,Electronics & Gadgets,4,5935.0,,
1000496,P00046742,F,18-25,21,1,AndhraÂ Pradesh,Southern,Govt,Electronics & Gadgets,2,5934.0,,
1000342,P00003242,F,18-25,22,1,Kerala,Southern,Chemical,Electronics & Gadgets,3,5934.0,,
1000156,P00356742,M,46-50,48,0,Uttar Pradesh,Central,IT Sector,Electronics & Gadgets,4,5934.0,,
1001628,P00061142,F,18-25,25,0,Kerala,Southern,Construction,Electronics & Gadgets,2,5933.0,,
1001430,P00112442,F,18-25,24,1,Uttarakhand,Central,Aviation,Electronics & Gadgets,1,5933.0,,
1001109,P00243942,F,18-25,18,1,AndhraÂ Pradesh,Southern,Media,Electronics & Gadgets,4,5932.0,,
1004048,P00052142,M,36-45,37,0,Jharkhand,Eastern,Retail,Electronics & Gadgets,1,5932.0,,
1003304,P00105442,M,46-50,49,0,Haryana,Northern,Automobile,Electronics & Gadgets,4,5931.0,,
1003808,P00145742,F,26-35,31,0,Gujarat,Western,Aviation,Electronics & Gadgets,3,5930.0,,
1002125,P00063342,F,36-45,40,1,Himachal Pradesh,Northern,Media,Electronics & Gadgets,2,5930.0,,
1001988,P00004742,M,26-35,27,1,Maharashtra,Western,IT Sector,Electronics & Gadgets,1,5930.0,,
1003808,P00145742,F,26-35,31,0,Rajasthan,Northern,Aviation,Electronics & Gadgets,1,5930.0,,
1002116,P00293242,F,18-25,20,0,Gujarat,Western,Automobile,Electronics & Gadgets,1,5929.0,,
1001676,P00196242,F,18-25,19,1,Uttar Pradesh,Central,Banking,Electronics & Gadgets,3,5929.0,,
1002116,P00293242,F,18-25,20,0,Uttarakhand,Central,Automobile,Electronics & Gadgets,1,5929.0,,
1005551,P00232542,M,36-45,42,0,Madhya Pradesh,Central,Automobile,Electronics & Gadgets,4,5927.0,,
1002832,P00100942,F,26-35,26,0,Himachal Pradesh,Northern,Healthcare,Electronics & Gadgets,2,5926.0,,
1000859,P00213542,F,26-35,28,1,Himachal Pradesh,Northern,Govt,Electronics & Gadgets,4,5926.0,,
1005306,P00102242,M,26-35,34,1,Gujarat,Western,Aviation,Electronics & Gadgets,3,5925.0,,
1000411,P00198142,M,46-50,46,1,Haryana,Northern,Lawyer,Electronics & Gadgets,4,5925.0,,
1001157,P00237542,F,46-50,46,1,Himachal Pradesh,Northern,IT Sector,Electronics & Gadgets,4,5925.0,,
1005515,P00025442,F,18-25,25,0,AndhraÂ Pradesh,Southern,Food Processing,Electronics & Gadgets,1,5924.0,,
1000036,P00347142,F,26-35,31,0,AndhraÂ Pradesh,Southern,IT Sector,Electronics & Gadgets,3,5923.0,,
1002949,P00255942,F,26-35,26,1,AndhraÂ Pradesh,Southern,IT Sector,Beauty,4,5920.0,,
1003410,P00254842,F,36-45,41,1,Bihar,Eastern,Lawyer,Electronics & Gadgets,1,5920.0,,
1005070,P00199442,F,26-35,26,0,Madhya Pradesh,Central,Construction,Electronics & Gadgets,4,5920.0,,
1003410,P00254842,F,36-45,41,1,Telangana,Southern,Lawyer,Electronics & Gadgets,1,5920.0,,
1000424,P00221442,F,26-35,26,1,Himachal Pradesh,Northern,Aviation,Electronics & Gadgets,1,5919.0,,
1005897,P00254842,F,26-35,35,0,Madhya Pradesh,Central,Media,Electronics & Gadgets,4,5919.0,,
1002389,P00127242,F,26-35,26,1,Maharashtra,Western,Retail,Beauty,3,5919.0,,
1000934,P00062842,M,36-45,40,0,Maharashtra,Western,Agriculture,Electronics & Gadgets,1,5918.0,,
1004734,P00115742,F,51-55,53,0,Maharashtra,Western,Chemical,Electronics & Gadgets,4,5918.0,,
1001741,P00144342,F,36-45,36,1,Punjab,Northern,Lawyer,Electronics & Gadgets,2,5918.0,,
1005493,P00295842,F,36-45,43,1,Punjab,Northern,Chemical,Electronics & Gadgets,1,5918.0,,
1001068,P00170542,M,18-25,21,1,Madhya Pradesh,Central,Healthcare,Electronics & Gadgets,4,5917.0,,
1005217,P00165442,F,26-35,33,1,Madhya Pradesh,Central,Banking,Beauty,1,5917.0,,
1005182,P00165842,M,36-45,44,0,Madhya Pradesh,Central,Automobile,Electronics & Gadgets,2,5917.0,,
1001889,P00346042,F,18-25,18,0,Kerala,Southern,Food Processing,Electronics & Gadgets,3,5916.0,,
1006000,P00162442,F,46-50,47,0,Himachal Pradesh,Northern,Aviation,Electronics & Gadgets,2,5915.0,,
1006039,P00035542,M,46-50,48,0,AndhraÂ Pradesh,Southern,Hospitality,Electronics & Gadgets,3,5914.0,,
1000854,P00053842,M,26-35,33,0,Himachal Pradesh,Northern,Govt,Electronics & Gadgets,2,5914.0,,
1003491,P00058442,F,26-35,33,1,Madhya Pradesh,Central,Aviation,Beauty,3,5914.0,,
1002116,P00234642,F,18-25,22,0,AndhraÂ Pradesh,Southern,Chemical,Electronics & Gadgets,1,5913.0,,
1002771,P00044442,F,18-25,19,1,Haryana,Northern,Chemical,Electronics & Gadgets,4,5913.0,,
1005326,P00184342,M,26-35,27,0,Madhya Pradesh,Central,Lawyer,Electronics & Gadgets,2,5913.0,,
1004250,P00293242,M,51-55,55,0,Karnataka,Southern,Food Processing,Electronics & Gadgets,2,5911.0,,
1004552,P00070042,M,26-35,33,0,AndhraÂ Pradesh,Southern,Hospitality,Electronics & Gadgets,2,5910.0,,
1004021,P0096742,F,51-55,55,0,Delhi,Central,Construction,Electronics & Gadgets,1,5910.0,,
1004021,P0096742,F,51-55,55,0,Delhi,Central,Construction,Electronics & Gadgets,4,5910.0,,
1003773,P00183342,F,36-45,42,1,Gujarat,Western,Food Processing,Electronics & Gadgets,1,5908.0,,
1001636,P00255542,M,26-35,34,1,Karnataka,Southern,IT Sector,Beauty,3,5908.0,,
1003648,P00003242,F,18-25,20,1,Maharashtra,Western,Agriculture,Beauty,2,5908.0,,
1002116,P00345642,F,18-25,19,0,Delhi,Central,Banking,Beauty,4,5907.0,,
1003507,P00087042,F,26-35,27,0,Madhya Pradesh,Central,Construction,Beauty,1,5907.0,,
1004265,P0094742,F,26-35,33,1,Madhya Pradesh,Central,IT Sector,Beauty,4,5907.0,,
1002180,P00223042,M,26-35,34,0,AndhraÂ Pradesh,Southern,IT Sector,Electronics & Gadgets,4,5906.0,,
1002180,P00223042,M,26-35,34,0,Gujarat,Western,IT Sector,Electronics & Gadgets,1,5906.0,,
1004879,P00233542,F,26-35,26,0,Madhya Pradesh,Central,Govt,Beauty,4,5905.0,,
1003942,P00346242,F,18-25,21,0,Uttar Pradesh,Central,IT Sector,Decor,1,5905.0,,
1002909,P00173042,F,26-35,28,1,Uttarakhand,Central,Agriculture,Electronics & Gadgets,1,5905.0,,
1002069,P00274142,F,55+,67,0,Madhya Pradesh,Central,Healthcare,Beauty,1,5903.0,,
1003675,P00193842,F,36-45,43,1,AndhraÂ Pradesh,Southern,Construction,Electronics & Gadgets,4,5902.0,,
1005922,P00121342,F,55+,86,1,Uttar Pradesh,Central,Textile,Electronics & Gadgets,2,5902.0,,
1004774,P00296342,F,46-50,47,0,Madhya Pradesh,Central,Retail,Beauty,1,5901.0,,
1003864,P00085942,F,51-55,54,1,Maharashtra,Western,IT Sector,Electronics & Gadgets,2,5901.0,,
1001204,P00245642,M,26-35,34,1,Delhi,Central,IT Sector,Electronics & Gadgets,2,5900.0,,
1000907,P00120942,M,46-50,47,0,AndhraÂ Pradesh,Southern,Banking,Electronics & Gadgets,4,5899.0,,
1001842,P00119742,F,18-25,20,1,AndhraÂ Pradesh,Southern,Aviation,Beauty,4,5898.0,,
1004335,P00054042,F,36-45,36,0,Himachal Pradesh,Northern,Aviation,Electronics & Gadgets,1,5898.0,,
1004335,P00054042,F,36-45,36,0,Uttar Pradesh,Central,Aviation,Electronics & Gadgets,2,5898.0,,
1000291,P00085442,F,36-45,40,0,AndhraÂ Pradesh,Southern,Hospitality,Electronics & Gadgets,2,5896.0,,
1001474,P00286342,F,26-35,30,0,Bihar,Eastern,Lawyer,Electronics & Gadgets,4,5896.0,,
1004007,P00307542,F,36-45,41,0,Madhya Pradesh,Central,Govt,Electronics & Gadgets,2,5896.0,,
1000368,P00355742,F,26-35,34,1,Maharashtra,Western,Aviation,Electronics & Gadgets,3,5896.0,,
1000368,P00355742,F,26-35,34,1,Maharashtra,Western,Aviation,Electronics & Gadgets,4,5896.0,,
1002446,P00313242,F,18-25,25,0,Rajasthan,Northern,Healthcare,Electronics & Gadgets,2,5895.0,,
1005862,P00270942,M,26-35,35,1,Uttar Pradesh,Central,Aviation,Electronics & Gadgets,1,5895.0,,
1004026,P00359242,F,26-35,28,0,Madhya Pradesh,Central,IT Sector,Beauty,3,5892.0,,
1001790,P00128942,F,26-35,33,1,Punjab,Northern,Aviation,Electronics & Gadgets,1,5892.0,,
1002929,P00121642,F,18-25,21,1,Himachal Pradesh,Northern,Retail,Electronics & Gadgets,2,5891.0,,
1000737,P00153742,F,0-17,14,0,Madhya Pradesh,Central,Construction,Beauty,4,5891.0,,
1002929,P00121642,F,18-25,21,1,Uttar Pradesh,Central,Retail,Electronics & Gadgets,2,5891.0,,
1002116,P00166242,F,18-25,24,1,Kerala,Southern,Aviation,Electronics & Gadgets,4,5890.0,,
1002156,P00121042,F,18-25,22,0,Uttar Pradesh,Central,Govt,Decor,4,5890.0,,
1005131,P00192842,M,26-35,33,0,Bihar,Eastern,Healthcare,Electronics & Gadgets,4,5889.0,,
1005070,P00032842,F,26-35,26,0,Madhya Pradesh,Central,Govt,Beauty,4,5888.0,,
1001470,P00060942,F,18-25,23,1,Maharashtra,Western,Banking,Electronics & Gadgets,4,5888.0,,
1005327,P00272642,F,26-35,32,1,Uttar Pradesh,Central,IT Sector,Electronics & Gadgets,3,5887.0,,
1004239,P00357242,F,51-55,52,0,Karnataka,Southern,Automobile,Electronics & Gadgets,1,5886.0,,
1004708,P00273742,F,26-35,33,0,Punjab,Northern,Healthcare,Electronics & Gadgets,2,5884.0,,
1004140,P00302042,F,26-35,29,1,Kerala,Southern,Aviation,Electronics & Gadgets,4,5883.0,,
1004808,P00250942,F,36-45,43,0,AndhraÂ Pradesh,Southern,Aviation,Electronics & Gadgets,1,5882.0,,
1004589,P00212942,F,26-35,35,1,Haryana,Northern,IT Sector,Electronics & Gadgets,4,5880.0,,
1000090,P00303342,F,55+,68,0,Kerala,Southern,Banking,Electronics & Gadgets,1,5878.0,,
1004943,P00060642,M,51-55,53,1,AndhraÂ Pradesh,Southern,Media,Electronics & Gadgets,1,5877.0,,
1002676,P00252742,F,55+,83,1,AndhraÂ Pradesh,Southern,Banking,Electronics & Gadgets,1,5877.0,,
1001694,P00235342,F,26-35,27,0,Punjab,Northern,IT Sector,Electronics & Gadgets,4,5877.0,,
1001655,P00158542,F,18-25,25,1,Himachal Pradesh,Northern,Healthcare,Electronics & Gadgets,2,5876.0,,
1003569,P00243342,M,18-25,19,0,Kerala,Southern,Aviation,Electronics & Gadgets,2,5876.0,,
1003411,P00238442,F,18-25,22,0,Rajasthan,Northern,IT Sector,Electronics & Gadgets,4,5876.0,,
1001699,P00284742,M,26-35,33,1,Uttar Pradesh,Central,Media,Electronics & Gadgets,2,5876.0,,
1002374,P00000342,F,26-35,31,0,AndhraÂ Pradesh,Southern,IT Sector,Electronics & Gadgets,3,5875.0,,
1001152,P00361842,F,18-25,23,1,Haryana,Northern,Food Processing,Electronics & Gadgets,3,5875.0,,
1005553,P00015942,F,36-45,42,1,Madhya Pradesh,Central,Healthcare,Electronics & Gadgets,3,5875.0,,
1001364,P00198042,M,46-50,47,0,Madhya Pradesh,Central,Aviation,Electronics & Gadgets,1,5875.0,,
1000157,P00210942,F,36-45,39,0,Uttar Pradesh,Central,Construction,Electronics & Gadgets,2,5875.0,,
1000601,P00222442,M,18-25,19,0,Maharashtra,Western,Hospitality,Electronics & Gadgets,2,5873.0,,
1001304,P00332242,F,26-35,30,0,Himachal Pradesh,Northern,Retail,Electronics & Gadgets,4,5872.0,,
1000357,P00120642,F,18-25,20,1,Haryana,Northern,Automobile,Electronics & Gadgets,3,5871.0,,
1001383,P00024242,M,26-35,31,0,Jharkhand,Eastern,Chemical,Electronics & Gadgets,1,5871.0,,
1004892,P00280142,F,26-35,31,1,Jharkhand,Eastern,IT Sector,Electronics & Gadgets,1,5871.0,,
1004831,P00323942,M,26-35,30,1,Karnataka,Southern,Govt,Electronics & Gadgets,2,5871.0,,
1001426,P00354342,F,18-25,18,1,Uttarakhand,Central,Lawyer,Electronics & Gadgets,3,5871.0,,
1000658,P00001942,M,26-35,35,1,Madhya Pradesh,Central,Textile,Electronics & Gadgets,3,5870.0,,
1002232,P00085442,F,26-35,30,1,Uttar Pradesh,Central,Aviation,Electronics & Gadgets,3,5869.0,,
1002840,P00334242,F,26-35,35,1,Madhya Pradesh,Central,Healthcare,Electronics & Gadgets,1,5868.0,,
1001154,P0096842,F,0-17,13,1,Gujarat,Western,IT Sector,Electronics & Gadgets,3,5865.0,,
1003527,P00216342,M,26-35,28,0,Madhya Pradesh,Central,Hospitality,Electronics & Gadgets,2,5865.0,,
1003072,P0095042,F,51-55,55,1,Punjab,Northern,Aviation,Electronics & Gadgets,4,5864.0,,
1004591,P00278042,F,26-35,26,1,AndhraÂ Pradesh,Southern,Govt,Electronics & Gadgets,2,5863.0,,
1003735,P00102442,F,26-35,32,1,Maharashtra,Western,Food Processing,Electronics & Gadgets,1,5863.0,,
1003888,P00114042,F,46-50,47,0,Uttar Pradesh,Central,IT Sector,Electronics & Gadgets,2,5863.0,,
1000655,P00157542,M,26-35,33,0,Himachal Pradesh,Northern,Retail,Electronics & Gadgets,2,5862.0,,
1004916,P00220342,F,18-25,23,0,Karnataka,Southern,Lawyer,Electronics & Gadgets,2,5861.0,,
1002266,P00046142,M,51-55,52,1,Karnataka,Southern,Banking,Electronics & Gadgets,4,5861.0,,
1005256,P00315742,F,26-35,30,0,AndhraÂ Pradesh,Southern,Govt,Electronics & Gadgets,1,5859.0,,
1002030,P00111542,F,26-35,26,0,Haryana,Northern,Automobile,Electronics & Gadgets,1,5859.0,,
1000925,P00102642,M,36-45,37,0,Madhya Pradesh,Central,Construction,Electronics & Gadgets,2,5858.0,,
1003910,P00086242,F,26-35,29,0,Rajasthan,Northern,Aviation,Electronics & Gadgets,3,5858.0,,
1001021,P00085042,F,36-45,41,0,Delhi,Central,Textile,Electronics & Gadgets,3,5857.0,,
1001760,P00117442,M,26-35,35,0,Karnataka,Southern,Chemical,Electronics & Gadgets,2,5856.0,,
1002348,P00113142,F,51-55,54,1,Maharashtra,Western,Hospitality,Electronics & Gadgets,3,5855.0,,
1003080,P00121342,F,26-35,26,0,AndhraÂ Pradesh,Southern,Retail,Electronics & Gadgets,2,5854.0,,
1003230,P00335442,F,36-45,39,1,Punjab,Northern,Textile,Electronics & Gadgets,1,5853.0,,
1004353,P00352742,F,26-35,26,0,Uttarakhand,Central,Retail,Electronics & Gadgets,4,5853.0,,
1004375,P00276642,M,26-35,30,1,Jharkhand,Eastern,Govt,Electronics & Gadgets,2,5852.0,,
1003412,P00303342,F,26-35,34,0,Gujarat,Western,Aviation,Electronics & Gadgets,1,5850.0,,
1000885,P00023342,F,36-45,39,0,Uttar Pradesh,Central,Aviation,Electronics & Gadgets,2,5850.0,,
1003041,P00328142,F,26-35,30,0,Gujarat,Western,IT Sector,Electronics & Gadgets,2,5849.0,,
1003475,P00103242,F,26-35,32,1,Uttar Pradesh,Central,Construction,Electronics & Gadgets,1,5849.0,,
1000957,P00157542,F,36-45,36,1,Uttar Pradesh,Central,Banking,Decor,3,5849.0,,
1004682,P00241942,F,26-35,32,0,Himachal Pradesh,Northern,IT Sector,Electronics & Gadgets,1,5848.0,,
1002507,P00118042,F,26-35,32,1,Jharkhand,Eastern,IT Sector,Electronics & Gadgets,1,5848.0,,
1005955,P00048742,M,26-35,28,0,Uttar Pradesh,Central,Aviation,Electronics & Gadgets,2,5848.0,,
1003706,P00145042,F,26-35,30,0,AndhraÂ Pradesh,Southern,Hospitality,Electronics & Gadgets,2,5847.0,,
1003422,P00251942,F,26-35,31,1,Maharashtra,Western,Govt,Electronics & Gadgets,4,5847.0,,
1004522,P00346142,F,46-50,48,0,AndhraÂ Pradesh,Southern,Media,Electronics & Gadgets,1,5846.0,,
1001050,P00303142,M,26-35,28,1,Delhi,Central,Lawyer,Electronics & Gadgets,2,5845.0,,
1000533,P00114442,F,26-35,33,0,Kerala,Southern,Hospitality,Electronics & Gadgets,4,5845.0,,
1004334,P00112542,F,26-35,30,0,Maharashtra,Western,Aviation,Electronics & Gadgets,1,5845.0,,
1004334,P00112542,F,26-35,30,0,Maharashtra,Western,Aviation,Electronics & Gadgets,3,5845.0,,
1004425,P00017242,F,36-45,41,1,Maharashtra,Western,Retail,Electronics & Gadgets,4,5845.0,,
1000533,P00114442,F,26-35,33,0,Rajasthan,Northern,Hospitality,Electronics & Gadgets,3,5845.0,,
1000533,P00285642,F,26-35,27,1,Punjab,Northern,Construction,Electronics & Gadgets,4,5844.0,,
1003300,P00186042,F,36-45,38,1,Uttar Pradesh,Central,Chemical,Decor,2,5844.0,,
1001696,P00145942,F,36-45,40,1,Jharkhand,Eastern,Healthcare,Electronics & Gadgets,1,5843.0,,
1000881,P00130342,F,18-25,18,1,Punjab,Northern,Govt,Electronics & Gadgets,1,5843.0,,
1002445,P00304442,F,26-35,29,0,Punjab,Northern,Govt,Electronics & Gadgets,2,5843.0,,
1001317,P00062842,F,46-50,47,0,Himachal Pradesh,Northern,IT Sector,Electronics & Gadgets,2,5842.0,,
1001317,P00062842,F,46-50,47,0,Uttar Pradesh,Central,IT Sector,Electronics & Gadgets,4,5842.0,,
1004114,P00113242,F,36-45,36,0,AndhraÂ Pradesh,Southern,Banking,Electronics & Gadgets,4,5840.0,,
1005034,P00173042,M,26-35,30,1,Delhi,Central,Aviation,Electronics & Gadgets,2,5840.0,,
1002196,P00029242,F,26-35,32,1,Himachal Pradesh,Northern,Healthcare,Electronics & Gadgets,1,5839.0,,
1003884,P00003442,F,18-25,20,0,Kerala,Southern,Retail,Electronics & Gadgets,3,5835.0,,
1003884,P00003442,F,18-25,20,0,Maharashtra,Western,Retail,Decor,4,5835.0,,
1002997,P00036442,M,36-45,39,0,Delhi,Central,Aviation,Electronics & Gadgets,1,5834.0,,
1001883,P00104242,M,51-55,55,1,Delhi,Central,Retail,Electronics & Gadgets,3,5831.0,,
1005751,P00005942,M,0-17,17,1,Maharashtra,Western,Construction,Electronics & Gadgets,1,5830.0,,
1004310,P00137542,F,26-35,28,0,Delhi,Central,Construction,Electronics & Gadgets,2,5829.0,,
1004310,P00137542,F,26-35,28,0,Rajasthan,Northern,Construction,Electronics & Gadgets,4,5829.0,,
1005636,P00319042,F,26-35,28,0,Bihar,Eastern,Chemical,Electronics & Gadgets,1,5828.0,,
1002918,P00102342,F,26-35,32,1,Himachal Pradesh,Northern,Media,Electronics & Gadgets,4,5828.0,,
1001650,P00155642,F,26-35,29,1,Uttar Pradesh,Central,Aviation,Decor,2,5828.0,,
1003769,P00277642,F,26-35,26,1,Uttar Pradesh,Central,Automobile,Electronics & Gadgets,2,5826.0,,
1005083,P00058442,F,26-35,30,0,Uttarakhand,Central,Banking,Electronics & Gadgets,3,5825.0,,
1002206,P00139942,M,46-50,47,0,Gujarat,Western,Retail,Electronics & Gadgets,4,5823.0,,
1002304,P00204742,F,46-50,46,1,Kerala,Southern,Banking,Electronics & Gadgets,4,5823.0,,
1005567,P00271542,F,51-55,55,1,AndhraÂ Pradesh,Southern,Hospitality,Electronics & Gadgets,2,5822.0,,
1002872,P00083942,F,26-35,28,0,Delhi,Central,Healthcare,Electronics & Gadgets,3,5822.0,,
1004562,P00319842,F,36-45,36,0,Gujarat,Western,Healthcare,Electronics & Gadgets,1,5821.0,,
1004562,P00319842,F,36-45,36,0,Gujarat,Western,Healthcare,Electronics & Gadgets,3,5821.0,,
1001694,P00151742,F,26-35,31,1,Maharashtra,Western,Govt,Electronics & Gadgets,1,5821.0,,
1004022,P00126142,F,36-45,37,0,Punjab,Northern,Textile,Electronics & Gadgets,2,5821.0,,
1003727,P00228342,F,36-45,45,0,Jharkhand,Eastern,Aviation,Electronics & Gadgets,2,5819.0,,
1004428,P00150942,F,26-35,33,1,Kerala,Southern,Chemical,Electronics & Gadgets,3,5819.0,,
1001004,P00028042,F,26-35,30,0,Karnataka,Southern,Healthcare,Sports Products,4,5757.0,,
1003778,P00214342,F,26-35,32,0,AndhraÂ Pradesh,Southern,Healthcare,Sports Products,4,5738.0,,
1003892,P00199442,M,26-35,35,0,Madhya Pradesh,Central,Lawyer,Sports Products,2,5717.0,,
1000563,P00233842,F,26-35,29,0,Haryana,Northern,Retail,Sports Products,1,5707.0,,
1000728,P00205642,F,26-35,29,0,AndhraÂ Pradesh,Southern,Healthcare,Sports Products,4,5680.0,,
1000544,P00117142,F,36-45,36,0,Karnataka,Southern,Healthcare,Sports Products,4,5665.0,,
1004522,P00113142,F,46-50,49,0,Uttar Pradesh,Central,Hospitality,Sports Products,4,5651.0,,
1005733,P00183342,F,26-35,30,0,AndhraÂ Pradesh,Southern,IT Sector,Sports Products,4,5619.0,,
1004708,P00187942,M,26-35,32,1,Rajasthan,Northern,Aviation,Books,1,5541.0,,
1001607,P00225042,F,46-50,50,0,Uttar Pradesh,Central,Banking,Sports Products,1,5530.0,,
1001804,P00093242,F,26-35,35,0,Haryana,Northern,Retail,Sports Products,3,5526.0,,
1000307,P00308242,F,51-55,55,1,Maharashtra,Western,Healthcare,Sports Products,3,5514.0,,
1002056,P00184242,F,26-35,30,1,Haryana,Northern,Automobile,Sports Products,1,5511.0,,
1005604,P00151742,F,36-45,36,0,Himachal Pradesh,Northern,Healthcare,Sports Products,3,5504.0,,
1002777,P00174042,F,18-25,19,0,Karnataka,Southern,Retail,Sports Products,2,5499.0,,
1001912,P00115942,F,26-35,27,0,AndhraÂ Pradesh,Southern,IT Sector,Clothing & Apparel,1,5481.0,,
1004251,P00110742,F,46-50,48,0,Himachal Pradesh,Northern,Lawyer,Clothing & Apparel,2,5481.0,,
1005350,P00121342,F,18-25,23,0,Karnataka,Southern,IT Sector,Clothing & Apparel,1,5481.0,,
1005720,P00313842,M,26-35,31,1,Karnataka,Southern,IT Sector,Clothing & Apparel,1,5481.0,,
1001197,P00365242,F,36-45,45,0,Karnataka,Southern,Aviation,Books,1,5481.0,,
1004593,P00024342,M,46-50,49,1,Himachal Pradesh,Northern,Automobile,Clothing & Apparel,4,5480.0,,
1000749,P00199442,F,36-45,40,0,Karnataka,Southern,Healthcare,Books,2,5480.0,,
1004153,P00145042,F,51-55,55,0,Gujarat,Western,Hospitality,Clothing & Apparel,4,5479.0,,
1003745,P0094142,M,26-35,27,0,Karnataka,Southern,Govt,Clothing & Apparel,3,5479.0,,
1003601,P00325742,M,36-45,42,1,Uttarakhand,Central,Lawyer,Clothing & Apparel,1,5479.0,,
1002459,P00030942,F,51-55,54,0,Himachal Pradesh,Northern,Aviation,Clothing & Apparel,3,5478.0,,
1003690,P00003942,F,18-25,20,1,AndhraÂ Pradesh,Southern,IT Sector,Clothing & Apparel,1,5477.0,,
1003622,P00111742,F,18-25,25,0,Uttar Pradesh,Central,IT Sector,Clothing & Apparel,1,5477.0,,
1003075,P00157342,M,26-35,35,1,Kerala,Southern,Hospitality,Clothing & Apparel,3,5476.0,,
1003679,P00182742,F,26-35,27,0,Uttar Pradesh,Central,Media,Clothing & Apparel,4,5475.0,,
1004387,P00070042,M,18-25,25,0,Delhi,Central,Govt,Clothing & Apparel,2,5474.0,,
1000409,P00279542,F,18-25,21,0,Himachal Pradesh,Northern,Textile,Clothing & Apparel,3,5474.0,,
1006036,P00221542,M,26-35,27,1,Rajasthan,Northern,Healthcare,Clothing & Apparel,4,5474.0,,
1001891,P00251842,F,46-50,50,1,Uttarakhand,Central,Hospitality,Clothing & Apparel,2,5474.0,,
1004675,P00220142,M,18-25,25,0,Maharashtra,Western,IT Sector,Clothing & Apparel,2,5473.0,,
1003474,P00265242,F,36-45,42,1,Jharkhand,Eastern,IT Sector,Clothing & Apparel,1,5472.0,,
1006036,P00240142,M,26-35,30,0,Delhi,Central,Aviation,Clothing & Apparel,4,5470.0,,
1003860,P00273442,F,46-50,46,1,AndhraÂ Pradesh,Southern,Chemical,Clothing & Apparel,1,5469.0,,
1001543,P00208342,F,26-35,27,1,Himachal Pradesh,Northern,Aviation,Clothing & Apparel,2,5469.0,,
1000533,P00206042,F,26-35,32,0,AndhraÂ Pradesh,Southern,Aviation,Clothing & Apparel,2,5468.0,,
1004610,P00118742,M,26-35,32,1,Delhi,Central,Retail,Clothing & Apparel,1,5467.0,,
1005328,P00287442,M,26-35,27,1,Uttar Pradesh,Central,Food Processing,Clothing & Apparel,1,5467.0,,
1003897,P00113642,F,55+,73,0,Maharashtra,Western,Govt,Clothing & Apparel,4,5466.0,,
1002468,P00114942,F,51-55,51,0,Maharashtra,Western,Food Processing,Clothing & Apparel,3,5465.0,,
1001546,P00325742,M,26-35,28,0,Uttar Pradesh,Central,Aviation,Sports Products,4,5465.0,,
1001051,P00130642,M,26-35,35,1,Delhi,Central,Aviation,Clothing & Apparel,1,5464.0,,
1004425,P00240142,F,36-45,40,1,Maharashtra,Western,IT Sector,Clothing & Apparel,4,5464.0,,
1003148,P00331942,F,18-25,25,1,Gujarat,Western,Govt,Clothing & Apparel,1,5463.0,,
1002913,P00209842,M,36-45,45,0,Jharkhand,Eastern,Aviation,Clothing & Apparel,3,5463.0,,
1005039,P0098842,M,36-45,38,0,Maharashtra,Western,IT Sector,Clothing & Apparel,1,5463.0,,
1000515,P00043342,F,26-35,29,1,Uttar Pradesh,Central,Healthcare,Clothing & Apparel,3,5463.0,,
1002515,P00030842,F,46-50,46,0,Bihar,Eastern,Media,Clothing & Apparel,3,5462.0,,
1000855,P00273542,M,18-25,18,1,Madhya Pradesh,Central,Textile,Clothing & Apparel,3,5461.0,,
1003364,P00157542,F,55+,89,0,Telangana,Southern,Textile,Clothing & Apparel,4,5461.0,,
1001845,P00007942,F,26-35,32,0,Uttar Pradesh,Central,Chemical,Clothing & Apparel,2,5461.0,,
1001703,P00145442,F,18-25,18,0,Himachal Pradesh,Northern,Chemical,Clothing & Apparel,2,5460.0,,
1003620,P00014542,F,26-35,26,1,Uttar Pradesh,Central,Media,Clothing & Apparel,1,5460.0,,
1005568,P00065042,F,18-25,22,0,Madhya Pradesh,Central,IT Sector,Clothing & Apparel,3,5459.0,,
1000554,P00270242,M,26-35,26,0,Rajasthan,Northern,Healthcare,Clothing & Apparel,3,5459.0,,
1004217,P00312842,F,18-25,19,0,Gujarat,Western,IT Sector,Clothing & Apparel,2,5458.0,,
1002124,P00180742,F,26-35,31,1,Haryana,Northern,Food Processing,Clothing & Apparel,1,5457.0,,
1004475,P00146142,F,18-25,20,1,Jharkhand,Eastern,Chemical,Clothing & Apparel,2,5457.0,,
1004345,P00101942,M,26-35,32,1,Madhya Pradesh,Central,IT Sector,Clothing & Apparel,2,5457.0,,
1001008,P0094542,F,36-45,45,0,Himachal Pradesh,Northern,IT Sector,Clothing & Apparel,4,5456.0,,
1001768,P00109742,F,46-50,49,0,Karnataka,Southern,IT Sector,Sports Products,3,5456.0,,
1000461,P00261542,F,51-55,51,0,Uttar Pradesh,Central,Hospitality,Clothing & Apparel,3,5456.0,,
1002665,P00166142,F,36-45,44,0,Bihar,Eastern,Construction,Clothing & Apparel,2,5455.0,,
1001522,P00025442,F,36-45,38,0,Karnataka,Southern,Aviation,Clothing & Apparel,3,5455.0,,
1003202,P00010742,M,18-25,25,0,Haryana,Northern,Media,Clothing & Apparel,3,5453.0,,
1002583,P00289942,F,36-45,38,1,Kerala,Southern,IT Sector,Clothing & Apparel,4,5453.0,,
1005352,P00058242,M,36-45,41,1,Uttar Pradesh,Central,Food Processing,Clothing & Apparel,1,5452.0,,
1004245,P00246342,M,51-55,54,1,Bihar,Eastern,Healthcare,Clothing & Apparel,4,5451.0,,
1005167,P00114342,F,18-25,25,0,Kerala,Southern,Media,Clothing & Apparel,3,5451.0,,
1003122,P00294842,M,26-35,32,1,Delhi,Central,Chemical,Clothing & Apparel,1,5450.0,,
1003983,P00173042,F,26-35,30,0,Gujarat,Western,Hospitality,Clothing & Apparel,4,5450.0,,
1001624,P00298942,F,26-35,34,0,Gujarat,Western,IT Sector,Clothing & Apparel,2,5450.0,,
1001164,P00216842,M,26-35,30,1,Maharashtra,Western,Chemical,Clothing & Apparel,4,5450.0,,
1002860,P00028842,F,36-45,39,1,Uttar Pradesh,Central,Automobile,Clothing & Apparel,1,5450.0,,
1003852,P00086342,F,51-55,54,1,Kerala,Southern,Textile,Clothing & Apparel,4,5449.0,,
1001322,P00298242,M,55+,79,0,Kerala,Southern,Construction,Clothing & Apparel,4,5449.0,,
1001244,P00345842,F,26-35,30,1,Maharashtra,Western,Banking,Clothing & Apparel,2,5448.0,,
1005758,P00201442,M,51-55,51,1,Himachal Pradesh,Northern,Agriculture,Clothing & Apparel,4,5446.0,,
1001274,P00176242,F,46-50,48,0,Uttar Pradesh,Central,Aviation,Clothing & Apparel,1,5446.0,,
1005098,P00256042,F,51-55,54,0,Uttarakhand,Central,Aviation,Clothing & Apparel,2,5446.0,,
1001117,P00029542,F,18-25,23,1,Kerala,Southern,Construction,Clothing & Apparel,4,5445.0,,
1002020,P00255942,F,26-35,26,0,Madhya Pradesh,Central,Banking,Clothing & Apparel,4,5445.0,,
1005716,P00102642,F,0-17,15,0,Uttar Pradesh,Central,Aviation,Sports Products,1,5445.0,,
1005963,P00160942,F,26-35,29,0,Uttar Pradesh,Central,Chemical,Clothing & Apparel,3,5445.0,,
1000075,P00194442,M,0-17,15,0,Karnataka,Southern,Media,Clothing & Apparel,1,5444.0,,
1000462,P00113642,F,18-25,21,1,Kerala,Southern,Automobile,Clothing & Apparel,3,5444.0,,
1003589,P00000142,M,46-50,46,0,Uttar Pradesh,Central,Textile,Clothing & Apparel,3,5444.0,,
1001261,P00117842,M,18-25,22,0,Himachal Pradesh,Northern,Healthcare,Clothing & Apparel,2,5443.0,,
1001264,P00318742,F,26-35,33,1,Himachal Pradesh,Northern,Agriculture,Clothing & Apparel,3,5443.0,,
1001485,P00211142,M,26-35,33,1,Karnataka,Southern,Aviation,Clothing & Apparel,2,5443.0,,
1002063,P00171642,F,26-35,31,0,Maharashtra,Western,Agriculture,Clothing & Apparel,1,5443.0,,
1004386,P00052942,F,26-35,34,1,Rajasthan,Northern,Textile,Clothing & Apparel,1,5443.0,,
1002559,P00111642,F,18-25,20,1,Himachal Pradesh,Northern,Govt,Clothing & Apparel,3,5442.0,,
1003592,P00177942,M,55+,56,0,Karnataka,Southern,Construction,Clothing & Apparel,1,5442.0,,
1000065,P00293242,F,36-45,45,0,Kerala,Southern,Hospitality,Clothing & Apparel,3,5442.0,,
1005894,P00004742,F,36-45,43,1,Jharkhand,Eastern,Banking,Clothing & Apparel,2,5441.0,,
1004076,P00151742,F,26-35,35,1,Kerala,Southern,Agriculture,Clothing & Apparel,2,5441.0,,
1001021,P00109742,F,36-45,45,0,Delhi,Central,Chemical,Clothing & Apparel,3,5440.0,,
1003997,P00136542,F,36-45,37,0,Karnataka,Southern,Construction,Books,4,5440.0,,
1004476,P00249642,F,46-50,47,0,Maharashtra,Western,IT Sector,Clothing & Apparel,2,5440.0,,
1004979,P00174442,F,36-45,38,0,Telangana,Southern,IT Sector,Clothing & Apparel,3,5440.0,,
1004312,P00231942,M,26-35,30,0,Uttar Pradesh,Central,Chemical,Clothing & Apparel,2,5439.0,,
1003792,P00367042,F,26-35,28,1,Karnataka,Southern,Healthcare,Clothing & Apparel,4,5438.0,,
1003438,P00034742,M,26-35,31,0,Uttar Pradesh,Central,Construction,Clothing & Apparel,1,5438.0,,
1003438,P00034742,M,26-35,31,0,Uttar Pradesh,Central,Construction,Clothing & Apparel,4,5438.0,,
1004156,P00118542,F,55+,58,1,Uttar Pradesh,Central,Healthcare,Clothing & Apparel,1,5438.0,,
1000175,P00063042,M,26-35,27,1,Karnataka,Southern,Retail,Clothing & Apparel,2,5437.0,,
1002092,P00246842,F,55+,90,0,AndhraÂ Pradesh,Southern,IT Sector,Clothing & Apparel,1,5436.0,,
1003476,P0096942,F,51-55,53,0,Himachal Pradesh,Northern,Food Processing,Clothing & Apparel,4,5436.0,,
1002886,P00165642,F,18-25,25,0,Kerala,Southern,IT Sector,Clothing & Apparel,4,5436.0,,
1004887,P00182442,F,18-25,24,0,Uttar Pradesh,Central,Retail,Clothing & Apparel,2,5436.0,,
1001158,P00145842,M,36-45,45,1,AndhraÂ Pradesh,Southern,Food Processing,Clothing & Apparel,4,5435.0,,
1002703,P00174942,F,36-45,36,1,Bihar,Eastern,Lawyer,Clothing & Apparel,3,5435.0,,
1006009,P00157542,M,26-35,27,0,Delhi,Central,Automobile,Clothing & Apparel,2,5435.0,,
1005838,P00289042,M,46-50,47,1,Gujarat,Western,Govt,Clothing & Apparel,4,5435.0,,
1003823,P00233442,F,55+,59,0,Himachal Pradesh,Northern,Banking,Clothing & Apparel,1,5435.0,,
1003558,P00057942,F,18-25,25,1,Uttar Pradesh,Central,Banking,Clothing & Apparel,2,5435.0,,
1005526,P00188742,M,36-45,45,0,Uttar Pradesh,Central,Construction,Clothing & Apparel,2,5435.0,,
1000022,P00080342,F,18-25,23,0,Gujarat,Western,Lawyer,Clothing & Apparel,3,5434.0,,
1000180,P00202242,F,46-50,47,1,Madhya Pradesh,Central,IT Sector,Clothing & Apparel,4,5433.0,,
1003000,P00112142,F,26-35,33,1,AndhraÂ Pradesh,Southern,Lawyer,Clothing & Apparel,2,5432.0,,
1005769,P00177442,F,46-50,49,1,Maharashtra,Western,Healthcare,Clothing & Apparel,2,5432.0,,
1002685,P00177442,F,46-50,48,0,Uttarakhand,Central,Automobile,Clothing & Apparel,4,5432.0,,
1005361,P00089342,M,51-55,53,1,Uttarakhand,Central,Hospitality,Clothing & Apparel,1,5432.0,,
1000192,P00229742,F,18-25,24,0,AndhraÂ Pradesh,Southern,IT Sector,Clothing & Apparel,1,5431.0,,
1000259,P00293242,F,26-35,33,0,Himachal Pradesh,Northern,Aviation,Clothing & Apparel,2,5431.0,,
1000376,P00183442,F,36-45,40,0,Gujarat,Western,Hospitality,Clothing & Apparel,3,5430.0,,
1005108,P00176842,M,26-35,33,0,Maharashtra,Western,Retail,Clothing & Apparel,4,5430.0,,
1004177,P00260042,F,36-45,44,0,Bihar,Eastern,Chemical,Clothing & Apparel,4,5428.0,,
1004436,P00265742,F,26-35,35,0,Karnataka,Southern,IT Sector,Clothing & Apparel,2,5428.0,,
1005879,P00140742,M,36-45,43,0,Karnataka,Southern,Healthcare,Clothing & Apparel,4,5428.0,,
1001058,P00005042,M,26-35,29,1,Uttar Pradesh,Central,Automobile,Clothing & Apparel,3,5428.0,,
1004345,P00002742,M,26-35,33,0,Himachal Pradesh,Northern,Retail,Clothing & Apparel,1,5427.0,,
1004345,P00002742,M,26-35,33,0,Rajasthan,Northern,Retail,Clothing & Apparel,4,5427.0,,
1004309,P00249542,F,26-35,28,0,Madhya Pradesh,Central,Healthcare,Clothing & Apparel,2,5426.0,,
1001666,P00213242,F,26-35,34,0,Maharashtra,Western,Retail,Clothing & Apparel,4,5425.0,,
1005077,P00191742,F,26-35,30,1,Maharashtra,Western,Lawyer,Clothing & Apparel,1,5424.0,,
1005795,P00182142,F,26-35,30,0,Uttar Pradesh,Central,Banking,Clothing & Apparel,2,5424.0,,
1005913,P00159442,M,18-25,18,1,Kerala,Southern,Retail,Clothing & Apparel,2,5423.0,,
1003752,P0099342,M,18-25,20,0,Himachal Pradesh,Northern,Govt,Clothing & Apparel,3,5422.0,,
1003727,P00359642,F,36-45,40,1,Maharashtra,Western,Food Processing,Clothing & Apparel,2,5422.0,,
1001835,P00214442,F,26-35,29,1,Uttar Pradesh,Central,Banking,Clothing & Apparel,4,5422.0,,
1003705,P00102242,F,46-50,47,1,Madhya Pradesh,Central,Healthcare,Clothing & Apparel,1,5421.0,,
1000740,P00119142,F,26-35,30,1,Uttar Pradesh,Central,IT Sector,Clothing & Apparel,2,5421.0,,
1000780,P00192042,F,26-35,28,1,Uttar Pradesh,Central,Aviation,Clothing & Apparel,2,5420.0,,
1004671,P0099242,F,26-35,29,0,Uttarakhand,Central,Banking,Clothing & Apparel,4,5420.0,,
1004391,P00302742,M,18-25,24,1,AndhraÂ Pradesh,Southern,Govt,Clothing & Apparel,3,5419.0,,
1000780,P00046142,F,26-35,27,1,Haryana,Northern,Lawyer,Clothing & Apparel,4,5419.0,,
1004409,P00003942,F,26-35,27,0,Karnataka,Southern,IT Sector,Clothing & Apparel,4,5419.0,,
1001395,P00006842,F,26-35,27,0,Uttarakhand,Central,Healthcare,Clothing & Apparel,3,5418.0,,
1004726,P00302642,M,36-45,44,1,Maharashtra,Western,Govt,Clothing & Apparel,3,5417.0,,
1002457,P00348642,F,26-35,28,1,Uttarakhand,Central,Healthcare,Clothing & Apparel,1,5416.0,,
1002059,P00170442,F,36-45,45,0,Uttarakhand,Central,Textile,Clothing & Apparel,3,5416.0,,
1002957,P00207942,F,18-25,25,1,Bihar,Eastern,Aviation,Clothing & Apparel,2,5415.0,,
1004468,P00110942,M,36-45,36,0,Maharashtra,Western,Healthcare,Clothing & Apparel,4,5415.0,,
1004277,P00246142,F,36-45,40,0,Haryana,Northern,Automobile,Clothing & Apparel,2,5414.0,,
1005840,P00266642,M,0-17,12,0,Jharkhand,Eastern,Retail,Clothing & Apparel,3,5414.0,,
1001407,P00125742,M,36-45,37,1,Uttar Pradesh,Central,IT Sector,Clothing & Apparel,3,5414.0,,
1001641,P00073842,F,26-35,27,1,Karnataka,Southern,Hospitality,Clothing & Apparel,3,5413.0,,
1005950,P00139542,F,26-35,30,0,Kerala,Southern,Aviation,Clothing & Apparel,2,5412.0,,
1000566,P00110842,F,26-35,30,0,Uttar Pradesh,Central,Media,Clothing & Apparel,3,5412.0,,
1002537,P00071442,F,36-45,36,0,Uttarakhand,Central,Healthcare,Clothing & Apparel,3,5411.0,,
1005788,P00170442,M,26-35,27,0,AndhraÂ Pradesh,Southern,Construction,Clothing & Apparel,4,5410.0,,
1003705,P00183642,F,46-50,47,0,Haryana,Northern,Retail,Clothing & Apparel,2,5410.0,,
1006036,P00247542,M,26-35,33,0,Madhya Pradesh,Central,Media,Sports Products,1,5410.0,,
1001947,P00285442,F,26-35,28,1,Gujarat,Western,Chemical,Clothing & Apparel,2,5409.0,,
1000855,P00171642,M,18-25,22,0,Kerala,Southern,IT Sector,Clothing & Apparel,2,5409.0,,
1001149,P00242742,F,26-35,30,1,Kerala,Southern,Banking,Clothing & Apparel,3,5409.0,,
1001796,P00319342,F,51-55,55,0,Kerala,Southern,Healthcare,Clothing & Apparel,3,5409.0,,
1005367,P00117742,F,18-25,24,0,Uttar Pradesh,Central,Healthcare,Clothing & Apparel,2,5409.0,,
1004062,P00334242,F,26-35,31,0,AndhraÂ Pradesh,Southern,Construction,Clothing & Apparel,1,5408.0,,
1002701,P00328342,F,46-50,47,1,Bihar,Eastern,Lawyer,Clothing & Apparel,4,5408.0,,
1002888,P00214442,F,26-35,31,1,Gujarat,Western,IT Sector,Clothing & Apparel,3,5408.0,,
1004802,P00359242,F,55+,69,0,Gujarat,Western,Food Processing,Clothing & Apparel,4,5408.0,,
1002288,P00242742,F,0-17,12,1,Himachal Pradesh,Northern,Lawyer,Clothing & Apparel,3,5408.0,,
1004236,P00234742,M,26-35,34,0,Uttar Pradesh,Central,IT Sector,Clothing & Apparel,4,5408.0,,
1005350,P00028042,F,18-25,24,1,Uttar Pradesh,Central,Construction,Clothing & Apparel,1,5407.0,,
1001033,P00037442,F,26-35,32,0,Uttarakhand,Central,Healthcare,Clothing & Apparel,4,5407.0,,
1004570,P00278642,F,46-50,48,1,AndhraÂ Pradesh,Southern,Automobile,Clothing & Apparel,1,5406.0,,
1003988,P00219842,M,26-35,35,1,Haryana,Northern,Govt,Clothing & Apparel,2,5406.0,,
1001647,P00028542,F,18-25,18,1,Kerala,Southern,Govt,Clothing & Apparel,2,5406.0,,
1005172,P00022542,M,36-45,38,0,Madhya Pradesh,Central,Lawyer,Clothing & Apparel,4,5406.0,,
1002097,P00127442,F,18-25,22,0,Gujarat,Western,IT Sector,Clothing & Apparel,2,5405.0,,
1001835,P00319442,F,26-35,28,1,Maharashtra,Western,Healthcare,Clothing & Apparel,2,5405.0,,
1005626,P00261442,F,55+,74,0,Jharkhand,Eastern,IT Sector,Clothing & Apparel,3,5404.0,,
1004676,P00150542,F,46-50,49,0,Punjab,Northern,Automobile,Clothing & Apparel,2,5403.0,,
1001274,P00116542,M,46-50,49,1,Uttarakhand,Central,Healthcare,Clothing & Apparel,3,5402.0,,
1004425,P00012842,F,36-45,44,1,Himachal Pradesh,Northern,Aviation,Clothing & Apparel,1,5401.0,,
1001694,P00250642,F,26-35,32,1,Jharkhand,Eastern,Textile,Clothing & Apparel,2,5401.0,,
1005445,P00251242,F,26-35,33,0,Jharkhand,Eastern,Govt,Clothing & Apparel,1,5401.0,,
1001976,P00367042,F,36-45,44,0,Kerala,Southern,Govt,Clothing & Apparel,2,5401.0,,
1002665,P00128242,F,36-45,36,0,Uttar Pradesh,Central,Lawyer,Clothing & Apparel,2,5401.0,,
1005595,P00249542,F,26-35,30,0,Jharkhand,Eastern,Govt,Clothing & Apparel,1,5400.0,,
1006014,P00207942,F,46-50,47,1,Karnataka,Southern,Banking,Clothing & Apparel,4,5397.0,,
1003067,P00182442,M,26-35,27,0,Uttar Pradesh,Central,IT Sector,Clothing & Apparel,2,5397.0,,
1000957,P00240842,F,36-45,40,1,Uttarakhand,Central,Automobile,Clothing & Apparel,3,5397.0,,
1003594,P00194442,F,0-17,12,0,Jharkhand,Eastern,Healthcare,Clothing & Apparel,3,5396.0,,
1005814,P00025442,F,26-35,31,1,Uttar Pradesh,Central,Hospitality,Clothing & Apparel,1,5396.0,,
1005345,P00313342,M,26-35,32,1,Uttar Pradesh,Central,Govt,Clothing & Apparel,4,5396.0,,
1003648,P00023442,F,18-25,22,0,Uttarakhand,Central,Construction,Clothing & Apparel,1,5396.0,,
1001219,P00138442,F,26-35,27,0,Himachal Pradesh,Northern,Lawyer,Clothing & Apparel,1,5394.0,,
1000319,P00299142,M,51-55,54,0,Punjab,Northern,IT Sector,Clothing & Apparel,4,5394.0,,
1003683,P00313542,F,26-35,35,1,Himachal Pradesh,Northern,Lawyer,Clothing & Apparel,2,5393.0,,
1004388,P00282742,F,46-50,47,0,Bihar,Eastern,Food Processing,Clothing & Apparel,1,5391.0,,
1005236,P00265242,F,26-35,30,1,Haryana,Northern,IT Sector,Clothing & Apparel,4,5391.0,,
1002572,P00233842,F,36-45,36,0,Bihar,Eastern,IT Sector,Clothing & Apparel,1,5390.0,,
1001641,P00277542,F,26-35,34,1,Himachal Pradesh,Northern,Hospitality,Clothing & Apparel,3,5390.0,,
1000550,P00278042,F,46-50,50,0,Uttar Pradesh,Central,Chemical,Clothing & Apparel,2,5390.0,,
1004333,P00174542,F,51-55,55,1,Maharashtra,Western,Banking,Clothing & Apparel,4,5389.0,,
1002446,P00221542,F,18-25,21,0,Uttar Pradesh,Central,Healthcare,Clothing & Apparel,4,5389.0,,
1001880,P00142142,F,36-45,37,0,Uttar Pradesh,Central,Media,Clothing & Apparel,1,5389.0,,
1002753,P00129542,M,51-55,52,1,Uttar Pradesh,Central,Banking,Clothing & Apparel,2,5389.0,,
1002540,P00302942,M,46-50,48,0,Bihar,Eastern,IT Sector,Clothing & Apparel,2,5388.0,,
1000802,P00189842,F,26-35,30,0,Gujarat,Western,Media,Clothing & Apparel,4,5388.0,,
1003418,P00065042,M,18-25,24,0,Haryana,Northern,Automobile,Clothing & Apparel,1,5388.0,,
1003418,P00065042,M,18-25,24,0,Himachal Pradesh,Northern,Automobile,Clothing & Apparel,1,5388.0,,
1004022,P00193042,F,36-45,43,1,Uttar Pradesh,Central,Hospitality,Clothing & Apparel,1,5388.0,,
1005352,P00022942,M,36-45,36,0,AndhraÂ Pradesh,Southern,Healthcare,Clothing & Apparel,1,5387.0,,
1000950,P00146042,F,36-45,40,0,Bihar,Eastern,Chemical,Clothing & Apparel,3,5387.0,,
1003538,P00049442,F,36-45,39,1,Gujarat,Western,Healthcare,Clothing & Apparel,3,5387.0,,
1004083,P00274242,F,55+,75,0,Himachal Pradesh,Northern,IT Sector,Clothing & Apparel,3,5387.0,,
1004335,P00195042,F,36-45,40,1,Uttarakhand,Central,Chemical,Clothing & Apparel,2,5387.0,,
1005460,P00338442,F,18-25,21,1,Jharkhand,Eastern,Textile,Clothing & Apparel,2,5386.0,,
1001757,P00115842,F,26-35,27,0,AndhraÂ Pradesh,Southern,Healthcare,Clothing & Apparel,3,5385.0,,
1005194,P00313342,F,26-35,26,0,Himachal Pradesh,Northern,Retail,Clothing & Apparel,2,5385.0,,
1005376,P00086342,F,26-35,32,0,Himachal Pradesh,Northern,Textile,Clothing & Apparel,1,5385.0,,
1000180,P00310342,F,46-50,46,1,Himachal Pradesh,Northern,Govt,Clothing & Apparel,4,5385.0,,
1005643,P00090942,M,36-45,43,0,Maharashtra,Western,Retail,Clothing & Apparel,1,5385.0,,
1003945,P00187342,M,46-50,50,0,Haryana,Northern,Healthcare,Clothing & Apparel,1,5384.0,,
1002929,P00036842,F,18-25,19,0,Maharashtra,Western,Aviation,Clothing & Apparel,1,5384.0,,
1001624,P00274242,F,26-35,33,1,Uttar Pradesh,Central,Lawyer,Clothing & Apparel,1,5384.0,,
1002661,P00222142,F,55+,79,0,Madhya Pradesh,Central,Chemical,Clothing & Apparel,2,5383.0,,
1002881,P00364842,M,26-35,28,0,Uttar Pradesh,Central,Aviation,Clothing & Apparel,3,5382.0,,
1001958,P00047742,M,26-35,31,1,Karnataka,Southern,Aviation,Clothing & Apparel,4,5381.0,,
1002731,P00058342,F,36-45,37,0,Karnataka,Southern,Banking,Clothing & Apparel,2,5381.0,,
1004769,P00086442,F,26-35,31,0,Uttar Pradesh,Central,Banking,Clothing & Apparel,2,5381.0,,
1001150,P00025342,M,26-35,34,0,Madhya Pradesh,Central,Retail,Clothing & Apparel,4,5380.0,,
1001552,P00214142,F,46-50,46,0,Gujarat,Western,Automobile,Clothing & Apparel,3,5379.0,,
1005054,P00103342,F,36-45,40,0,Jharkhand,Eastern,Govt,Clothing & Apparel,3,5379.0,,
1000141,P00001742,F,36-45,43,0,Uttar Pradesh,Central,Automobile,Clothing & Apparel,4,5378.0,,
1002116,P00185442,F,18-25,20,0,AndhraÂ Pradesh,Southern,Automobile,Clothing & Apparel,4,5377.0,,
1001099,P00021742,F,26-35,29,0,AndhraÂ Pradesh,Southern,Healthcare,Clothing & Apparel,3,5377.0,,
1004653,P00086442,F,36-45,43,0,Karnataka,Southern,Aviation,Clothing & Apparel,3,5377.0,,
1000970,P00026442,F,26-35,28,0,Maharashtra,Western,Banking,Clothing & Apparel,2,5377.0,,
1000299,P00024042,M,26-35,32,0,Himachal Pradesh,Northern,IT Sector,Clothing & Apparel,4,5376.0,,
1001418,P00155142,F,18-25,25,0,Madhya Pradesh,Central,Retail,Clothing & Apparel,2,5376.0,,
1001273,P00101342,F,36-45,39,0,Uttarakhand,Central,Aviation,Clothing & Apparel,2,5376.0,,
1001778,P00213742,F,18-25,25,0,Jharkhand,Eastern,Food Processing,Clothing & Apparel,2,5375.0,,
1003067,P00129642,M,26-35,26,0,Maharashtra,Western,IT Sector,Clothing & Apparel,2,5375.0,,
1005884,P00110942,F,18-25,21,1,Uttar Pradesh,Central,Healthcare,Clothing & Apparel,4,5375.0,,
1000062,P00188742,M,36-45,40,1,Karnataka,Southern,Banking,Clothing & Apparel,1,5374.0,,
1004678,P00216342,F,36-45,37,1,Maharashtra,Western,IT Sector,Clothing & Apparel,3,5374.0,,
1001196,P00111142,M,18-25,21,1,Karnataka,Southern,Food Processing,Clothing & Apparel,3,5373.0,,
1003526,P00035942,F,36-45,41,0,Uttarakhand,Central,Banking,Clothing & Apparel,2,5372.0,,
1001285,P00109742,M,36-45,44,0,Kerala,Southern,Hospitality,Clothing & Apparel,4,5370.0,,
1002102,P00026042,F,26-35,34,1,Uttarakhand,Central,Media,Clothing & Apparel,3,5370.0,,
1005210,P00114942,M,36-45,44,1,Jharkhand,Eastern,Automobile,Clothing & Apparel,1,5369.0,,
1001181,P00356942,F,36-45,44,0,Uttar Pradesh,Central,Banking,Clothing & Apparel,3,5369.0,,
1003507,P00316242,F,26-35,29,1,Uttar Pradesh,Central,Chemical,Clothing & Apparel,2,5368.0,,
1002200,P00205142,F,36-45,42,1,Delhi,Central,Construction,Clothing & Apparel,1,5367.0,,
1000788,P00212042,F,26-35,35,1,AndhraÂ Pradesh,Southern,Banking,Clothing & Apparel,4,5366.0,,
1005567,P00221542,F,51-55,54,0,AndhraÂ Pradesh,Southern,Lawyer,Clothing & Apparel,2,5366.0,,
1002567,P00328742,F,26-35,29,0,Uttar Pradesh,Central,Govt,Clothing & Apparel,1,5366.0,,
1004224,P00110542,M,46-50,46,0,Karnataka,Southern,Aviation,Clothing & Apparel,1,5365.0,,
1001780,P00125342,F,36-45,39,1,Maharashtra,Western,Govt,Clothing & Apparel,1,5364.0,,
1001748,P00300042,F,51-55,54,0,Rajasthan,Northern,Agriculture,Clothing & Apparel,4,5363.0,,
1000721,P00163042,M,36-45,41,1,Karnataka,Southern,Healthcare,Clothing & Apparel,4,5362.0,,
1003361,P00034042,F,26-35,26,0,Uttar Pradesh,Central,Aviation,Clothing & Apparel,2,5362.0,,
1005433,P00148542,M,36-45,45,0,Uttar Pradesh,Central,Hospitality,Clothing & Apparel,2,5362.0,,
1001390,P00125342,F,36-45,36,0,Gujarat,Western,Construction,Clothing & Apparel,3,5361.0,,
1002995,P00346442,F,26-35,34,0,Jharkhand,Eastern,Construction,Clothing & Apparel,3,5361.0,,
1003546,P00138542,F,26-35,35,1,Uttar Pradesh,Central,Aviation,Clothing & Apparel,1,5361.0,,
1001420,P00119242,F,18-25,19,0,Uttarakhand,Central,Media,Clothing & Apparel,4,5361.0,,
1001635,P00116642,F,26-35,30,1,Maharashtra,Western,Agriculture,Clothing & Apparel,3,5360.0,,
1005302,P00092642,M,0-17,13,0,Haryana,Northern,Retail,Clothing & Apparel,1,5359.0,,
1002025,P00015542,F,55+,66,0,Uttarakhand,Central,Food Processing,Clothing & Apparel,3,5359.0,,
1002230,P00031042,M,46-50,50,0,Uttar Pradesh,Central,Food Processing,Clothing & Apparel,2,5358.0,,
1000284,P00188042,F,26-35,31,1,Uttar Pradesh,Central,Healthcare,Clothing & Apparel,4,5356.0,,
1006000,P00262542,M,46-50,47,1,Uttarakhand,Central,Media,Clothing & Apparel,4,5356.0,,
1005493,P00267742,F,36-45,45,1,Delhi,Central,Banking,Clothing & Apparel,1,5354.0,,
1002455,P00152742,F,36-45,41,0,Uttarakhand,Central,Media,Clothing & Apparel,1,5353.0,,
1004344,P00042942,F,26-35,26,0,Karnataka,Southern,Retail,Clothing & Apparel,2,5352.0,,
1003526,P00145042,F,36-45,43,1,Kerala,Southern,Healthcare,Clothing & Apparel,1,5351.0,,
1003449,P00111142,F,26-35,34,1,Uttar Pradesh,Central,Aviation,Clothing & Apparel,2,5351.0,,
1001920,P00277842,M,36-45,44,1,Uttar Pradesh,Central,Healthcare,Clothing & Apparel,1,5351.0,,
1001160,P00355142,F,18-25,24,0,Maharashtra,Western,Construction,Clothing & Apparel,1,5350.0,,
1004666,P00121642,F,36-45,36,0,Gujarat,Western,Hospitality,Clothing & Apparel,4,5349.0,,
1001447,P00227042,F,18-25,18,1,Himachal Pradesh,Northern,IT Sector,Clothing & Apparel,2,5349.0,,
1000770,P00144642,F,18-25,25,0,Jharkhand,Eastern,Lawyer,Clothing & Apparel,3,5349.0,,
1004708,P00057942,F,26-35,30,0,Kerala,Southern,Automobile,Clothing & Apparel,3,5349.0,,
1003963,P00341242,F,51-55,53,0,Madhya Pradesh,Central,Aviation,Clothing & Apparel,1,5349.0,,
1005677,P00130742,F,26-35,35,1,Maharashtra,Western,Hospitality,Clothing & Apparel,4,5349.0,,
1003576,P00270942,F,51-55,51,1,Uttar Pradesh,Central,Banking,Clothing & Apparel,1,5349.0,,
1003760,P00086442,F,51-55,52,1,Maharashtra,Western,Aviation,Clothing & Apparel,3,5348.0,,
1000163,P00154442,F,18-25,25,0,Uttar Pradesh,Central,Construction,Clothing & Apparel,4,5348.0,,
1005201,P00036842,M,51-55,55,0,Bihar,Eastern,Construction,Clothing & Apparel,2,5346.0,,
1002010,P00271142,F,18-25,19,0,Uttar Pradesh,Central,Banking,Clothing & Apparel,2,5346.0,,
1005646,P00251942,F,18-25,25,1,Maharashtra,Western,Aviation,Clothing & Apparel,3,5345.0,,
1002890,P00338442,F,36-45,43,1,Punjab,Northern,Retail,Clothing & Apparel,3,5345.0,,
1000083,P00242842,M,26-35,35,0,Uttar Pradesh,Central,Hospitality,Clothing & Apparel,3,5345.0,,
1000083,P00242842,M,26-35,35,0,Uttar Pradesh,Central,Hospitality,Clothing & Apparel,3,5345.0,,
1002907,P00138542,M,36-45,43,1,Uttar Pradesh,Central,Healthcare,Clothing & Apparel,4,5344.0,,
1001395,P00196042,F,26-35,33,1,Maharashtra,Western,Banking,Clothing & Apparel,3,5343.0,,
1002293,P00120542,M,55+,70,1,Bihar,Eastern,Banking,Clothing & Apparel,1,5342.0,,
1004022,P00247142,F,36-45,40,0,Gujarat,Western,Hospitality,Clothing & Apparel,2,5342.0,,
1000817,P00235342,F,18-25,18,1,Karnataka,Southern,Construction,Clothing & Apparel,4,5342.0,,
1000667,P00251542,F,26-35,28,1,Karnataka,Southern,Textile,Clothing & Apparel,4,5342.0,,
1004048,P00192342,M,36-45,36,1,Uttar Pradesh,Central,Healthcare,Clothing & Apparel,4,5342.0,,
1000106,P00085442,M,36-45,40,1,Uttar Pradesh,Central,IT Sector,Clothing & Apparel,4,5340.0,,
1001500,P00238542,F,26-35,30,0,Himachal Pradesh,Northern,IT Sector,Clothing & Apparel,3,5339.0,,
1003916,P00212242,F,26-35,31,1,Maharashtra,Western,Govt,Clothing & Apparel,1,5339.0,,
1000509,P00052242,F,26-35,35,0,Himachal Pradesh,Northern,Banking,Clothing & Apparel,2,5338.0,,
1002247,P00334242,F,46-50,46,0,Karnataka,Southern,Lawyer,Clothing & Apparel,3,5337.0,,
1002796,P00069242,F,26-35,33,0,Himachal Pradesh,Northern,Aviation,Clothing & Apparel,2,5336.0,,
1004934,P00010742,M,26-35,31,0,Madhya Pradesh,Central,Retail,Clothing & Apparel,2,5336.0,,
1001040,P00153742,F,26-35,30,1,Karnataka,Southern,Media,Clothing & Apparel,1,5335.0,,
1000714,P00174442,F,18-25,22,0,Uttar Pradesh,Central,Chemical,Clothing & Apparel,1,5335.0,,
1001146,P00123642,M,18-25,21,0,Karnataka,Southern,Chemical,Clothing & Apparel,3,5333.0,,
1003311,P00194642,F,26-35,28,0,Maharashtra,Western,Hospitality,Clothing & Apparel,4,5333.0,,
1004237,P00125942,F,26-35,28,0,AndhraÂ Pradesh,Southern,Chemical,Clothing & Apparel,1,5332.0,,
1003024,P00111242,F,36-45,38,0,AndhraÂ Pradesh,Southern,Textile,Clothing & Apparel,4,5332.0,,
1000088,P00113642,M,46-50,49,0,AndhraÂ Pradesh,Southern,Automobile,Clothing & Apparel,4,5332.0,,
1000088,P00113642,M,46-50,49,0,Gujarat,Western,Automobile,Clothing & Apparel,1,5332.0,,
1000949,P00146042,F,51-55,54,1,Maharashtra,Western,IT Sector,Clothing & Apparel,4,5332.0,,
1003280,P00117142,F,26-35,27,0,Himachal Pradesh,Northern,Agriculture,Clothing & Apparel,2,5331.0,,
1006016,P00286842,F,46-50,47,1,Kerala,Southern,Lawyer,Clothing & Apparel,4,5330.0,,
1005989,P00324542,M,0-17,13,0,Madhya Pradesh,Central,Healthcare,Clothing & Apparel,3,5330.0,,
1002756,P00244042,F,18-25,23,0,Madhya Pradesh,Central,Media,Clothing & Apparel,3,5329.0,,
1001077,P00173442,F,26-35,31,1,AndhraÂ Pradesh,Southern,Govt,Clothing & Apparel,4,5328.0,,
1001132,P00278942,F,18-25,25,1,Uttar Pradesh,Central,Hospitality,Clothing & Apparel,3,5328.0,,
1002901,P00022942,F,26-35,29,0,Himachal Pradesh,Northern,Govt,Clothing & Apparel,1,5327.0,,
1003134,P00112142,F,18-25,23,1,Uttar Pradesh,Central,Banking,Clothing & Apparel,2,5327.0,,
1000792,P00108642,F,26-35,31,0,Haryana,Northern,Lawyer,Clothing & Apparel,2,5326.0,,
1000490,P00147742,F,0-17,16,1,Himachal Pradesh,Northern,Lawyer,Clothing & Apparel,3,5326.0,,
1003283,P00035942,F,36-45,45,1,Jharkhand,Eastern,Healthcare,Clothing & Apparel,3,5326.0,,
1004227,P00123842,F,26-35,27,0,Karnataka,Southern,IT Sector,Clothing & Apparel,2,5326.0,,
1002157,P00042842,M,18-25,22,0,Uttar Pradesh,Central,IT Sector,Clothing & Apparel,3,5326.0,,
1005312,P00235242,F,26-35,34,1,Uttar Pradesh,Central,IT Sector,Clothing & Apparel,3,5326.0,,
1001607,P00214442,F,46-50,49,0,Kerala,Southern,Healthcare,Clothing & Apparel,1,5325.0,,
1001798,P00117542,F,46-50,48,0,Himachal Pradesh,Northern,Healthcare,Clothing & Apparel,4,5324.0,,
1002010,P00000742,F,18-25,21,0,Kerala,Southern,Banking,Clothing & Apparel,4,5324.0,,
1003942,P00179842,F,18-25,22,0,Uttar Pradesh,Central,Govt,Clothing & Apparel,2,5323.0,,
1005568,P00254242,F,18-25,22,0,Uttarakhand,Central,Media,Clothing & Apparel,3,5323.0,,
1001358,P00312742,F,36-45,45,0,Delhi,Central,Aviation,Clothing & Apparel,2,5322.0,,
1003825,P00323942,F,18-25,21,1,Uttar Pradesh,Central,Food Processing,Clothing & Apparel,2,5322.0,,
1004948,P00322042,F,46-50,50,0,Uttar Pradesh,Central,Healthcare,Clothing & Apparel,3,5322.0,,
1005394,P00002842,F,18-25,24,1,AndhraÂ Pradesh,Southern,Lawyer,Clothing & Apparel,2,5321.0,,
1001954,P00274942,F,26-35,35,0,Kerala,Southern,Automobile,Clothing & Apparel,1,5321.0,,
1004041,P00059642,F,18-25,20,0,Uttarakhand,Central,Agriculture,Clothing & Apparel,3,5320.0,,
1005812,P00129342,M,26-35,28,1,Kerala,Southern,Banking,Clothing & Apparel,4,5319.0,,
1003790,P00052842,M,26-35,28,0,Uttar Pradesh,Central,Banking,Clothing & Apparel,3,5318.0,,
1000177,P00145042,F,51-55,54,0,Uttar Pradesh,Central,IT Sector,Clothing & Apparel,3,5318.0,,
1003850,P00102142,F,18-25,23,1,Uttar Pradesh,Central,Agriculture,Clothing & Apparel,3,5317.0,,
1005490,P00295942,F,46-50,46,1,Uttarakhand,Central,Retail,Clothing & Apparel,2,5317.0,,
1001740,P00213742,F,55+,57,1,Uttarakhand,Central,Govt,Clothing & Apparel,4,5317.0,,
1001733,P00016142,F,18-25,25,0,Uttar Pradesh,Central,IT Sector,Clothing & Apparel,3,5316.0,,
1003282,P00090942,F,46-50,49,1,Uttar Pradesh,Central,Banking,Clothing & Apparel,1,5315.0,,
1002986,P00141942,F,26-35,32,0,Maharashtra,Western,Govt,Clothing & Apparel,1,5314.0,,
1003596,P00032542,M,36-45,36,1,Bihar,Eastern,Retail,Clothing & Apparel,1,5313.0,,
1003363,P00057942,M,36-45,44,0,Haryana,Northern,IT Sector,Clothing & Apparel,2,5313.0,,
1003390,P00199142,M,46-50,50,1,Karnataka,Southern,Automobile,Clothing & Apparel,1,5313.0,,
1001556,P00129842,F,18-25,19,0,Maharashtra,Western,Lawyer,Clothing & Apparel,3,5313.0,,
1005653,P00283142,F,51-55,53,0,Maharashtra,Western,IT Sector,Clothing & Apparel,2,5312.0,,
1005427,P00084442,F,36-45,43,0,Kerala,Southern,Govt,Clothing & Apparel,1,5311.0,,
1004407,P00112442,F,18-25,18,0,Uttar Pradesh,Central,Healthcare,Clothing & Apparel,4,5311.0,,
1000037,P00220442,M,26-35,30,1,Jharkhand,Eastern,Lawyer,Clothing & Apparel,4,5310.0,,
1002857,P00118442,F,26-35,35,0,Jharkhand,Eastern,Agriculture,Clothing & Apparel,4,5310.0,,
1003934,P00133742,F,26-35,35,1,Jharkhand,Eastern,IT Sector,Clothing & Apparel,3,5309.0,,
1003349,P00000142,M,18-25,21,0,Maharashtra,Western,IT Sector,Clothing & Apparel,1,5309.0,,
1005305,P00031842,M,18-25,21,1,Karnataka,Southern,Banking,Clothing & Apparel,4,5308.0,,
1003539,P00265142,M,26-35,30,1,Kerala,Southern,Lawyer,Clothing & Apparel,2,5308.0,,
1000303,P00127242,F,26-35,26,0,Maharashtra,Western,Hospitality,Clothing & Apparel,2,5308.0,,
1002544,P00233642,F,46-50,47,0,AndhraÂ Pradesh,Southern,Aviation,Clothing & Apparel,3,5307.0,,
1003410,P00285242,F,36-45,40,1,Kerala,Southern,Hospitality,Clothing & Apparel,2,5307.0,,
1002457,P00233842,F,26-35,32,0,Kerala,Southern,Hospitality,Clothing & Apparel,3,5306.0,,
1004381,P00153842,F,26-35,30,1,Uttar Pradesh,Central,Banking,Clothing & Apparel,1,5306.0,,
1005643,P00266942,M,36-45,45,0,Haryana,Northern,Banking,Sports Products,1,5305.0,,
1005568,P00000242,F,18-25,20,0,Karnataka,Southern,Healthcare,Clothing & Apparel,1,5305.0,,
1000725,P00005742,F,55+,57,0,AndhraÂ Pradesh,Southern,Healthcare,Clothing & Apparel,1,5304.0,,
1003180,P00234542,F,26-35,30,1,Karnataka,Southern,Hospitality,Clothing & Apparel,4,5304.0,,
1005266,P00288542,F,36-45,40,1,AndhraÂ Pradesh,Southern,Food Processing,Clothing & Apparel,3,5303.0,,
1003493,P00015642,F,26-35,28,1,Jharkhand,Eastern,Construction,Clothing & Apparel,2,5303.0,,
1005008,P00106742,F,26-35,28,0,Jharkhand,Eastern,Chemical,Clothing & Apparel,3,5303.0,,
1003493,P00356942,F,26-35,27,0,Uttar Pradesh,Central,Food Processing,Clothing & Apparel,4,5303.0,,
1004949,P00003642,F,18-25,23,0,Uttarakhand,Central,Media,Clothing & Apparel,3,5302.0,,
1004552,P00351342,M,26-35,35,0,Kerala,Southern,Hospitality,Clothing & Apparel,4,5299.0,,
1001125,P00141542,M,18-25,19,1,Uttar Pradesh,Central,Lawyer,Clothing & Apparel,4,5299.0,,
1002906,P00110942,F,36-45,40,0,AndhraÂ Pradesh,Southern,Govt,Clothing & Apparel,4,5298.0,,
1004725,P00267542,F,36-45,38,0,Jharkhand,Eastern,Automobile,Clothing & Apparel,4,5297.0,,
1005387,P00001742,M,26-35,26,0,Uttar Pradesh,Central,Textile,Clothing & Apparel,1,5297.0,,
1002844,P00024142,F,26-35,35,1,Uttarakhand,Central,Healthcare,Clothing & Apparel,3,5297.0,,
1001958,P00153742,M,26-35,29,1,Gujarat,Western,Hospitality,Clothing & Apparel,1,5296.0,,
1000214,P00188042,F,18-25,22,0,Karnataka,Southern,Hospitality,Clothing & Apparel,1,5296.0,,
1000747,P00112142,F,18-25,21,1,Kerala,Southern,Lawyer,Clothing & Apparel,1,5295.0,,
1005641,P00157642,M,26-35,33,1,Kerala,Southern,IT Sector,Clothing & Apparel,4,5295.0,,
1001121,P00150742,F,55+,72,1,Uttar Pradesh,Central,Healthcare,Clothing & Apparel,1,5295.0,,
1000539,P00346142,M,26-35,31,1,Uttarakhand,Central,Lawyer,Clothing & Apparel,1,5295.0,,
1001242,P00040442,M,36-45,38,0,Kerala,Southern,Aviation,Clothing & Apparel,4,5294.0,,
1003889,P00184042,F,46-50,49,1,Rajasthan,Northern,Food Processing,Clothing & Apparel,4,5293.0,,
1005822,P00257542,M,36-45,43,0,Bihar,Eastern,Food Processing,Clothing & Apparel,3,5292.0,,
1005390,P00047242,M,0-17,12,1,Maharashtra,Western,IT Sector,Clothing & Apparel,1,5292.0,,
1005246,P00233542,M,18-25,19,1,Delhi,Central,Banking,Clothing & Apparel,3,5291.0,,
1005312,P00084442,F,26-35,26,0,Uttar Pradesh,Central,Healthcare,Clothing & Apparel,4,5291.0,,
1004417,P00111142,F,26-35,29,0,Karnataka,Southern,Retail,Clothing & Apparel,2,5290.0,,
1000123,P00081842,F,36-45,39,1,Uttar Pradesh,Central,Media,Clothing & Apparel,2,5290.0,,
1002858,P0099242,M,0-17,15,1,Delhi,Central,Govt,Clothing & Apparel,1,5289.0,,
1001643,P00034442,F,46-50,49,1,Haryana,Northern,Banking,Clothing & Apparel,2,5289.0,,
1000198,P00190142,M,26-35,26,1,Karnataka,Southern,IT Sector,Clothing & Apparel,4,5289.0,,
1004962,P00128242,F,26-35,31,1,Maharashtra,Western,IT Sector,Clothing & Apparel,3,5288.0,,
1003661,P00262242,F,36-45,36,1,Punjab,Northern,Govt,Clothing & Apparel,2,5288.0,,
1000146,P00089342,M,36-45,45,1,Uttar Pradesh,Central,Hospitality,Clothing & Apparel,3,5288.0,,
1002071,P00343042,F,46-50,49,0,Kerala,Southern,Textile,Clothing & Apparel,4,5287.0,,
1004448,P00131342,F,26-35,30,1,Bihar,Eastern,Hospitality,Clothing & Apparel,1,5286.0,,
1003112,P00322942,F,18-25,20,0,Maharashtra,Western,Aviation,Clothing & Apparel,3,5286.0,,
1001387,P00202242,M,51-55,54,0,Haryana,Northern,IT Sector,Clothing & Apparel,3,5285.0,,
1000235,P00089342,F,26-35,32,0,Uttar Pradesh,Central,Hospitality,Clothing & Apparel,2,5285.0,,
1001860,P00209142,F,55+,84,0,Kerala,Southern,Banking,Clothing & Apparel,1,5284.0,,
1004510,P00070642,F,46-50,48,1,AndhraÂ Pradesh,Southern,IT Sector,Clothing & Apparel,3,5283.0,,
1002360,P00221442,F,51-55,55,0,Uttar Pradesh,Central,Retail,Clothing & Apparel,4,5283.0,,
1005788,P00169042,F,26-35,27,0,Madhya Pradesh,Central,Media,Clothing & Apparel,4,5282.0,,
1005971,P00154242,F,36-45,42,0,Himachal Pradesh,Northern,Hospitality,Clothing & Apparel,4,5281.0,,
1000161,P00111942,F,46-50,49,1,Himachal Pradesh,Northern,Food Processing,Clothing & Apparel,2,5281.0,,
1005271,P00116142,M,26-35,35,1,Madhya Pradesh,Central,Automobile,Clothing & Apparel,2,5281.0,,
1000335,P00217842,F,36-45,45,1,Uttar Pradesh,Central,Banking,Clothing & Apparel,3,5281.0,,
1003763,P00155442,F,26-35,35,0,Bihar,Eastern,Construction,Clothing & Apparel,2,5280.0,,
1005428,P00102242,M,26-35,31,0,Punjab,Northern,Automobile,Clothing & Apparel,2,5280.0,,
1002346,P00080342,M,0-17,17,0,AndhraÂ Pradesh,Southern,Aviation,Clothing & Apparel,2,5279.0,,
1004041,P00254242,F,18-25,19,0,Maharashtra,Western,Banking,Clothing & Apparel,4,5278.0,,
1000117,P00118342,M,26-35,27,0,Uttar Pradesh,Central,IT Sector,Clothing & Apparel,1,5278.0,,
1000431,P00334242,F,18-25,20,1,Maharashtra,Western,Banking,Clothing & Apparel,1,5277.0,,
1003486,P00113142,M,18-25,23,0,Punjab,Northern,Healthcare,Clothing & Apparel,4,5277.0,,
1001889,P00305042,F,18-25,25,0,Uttar Pradesh,Central,Healthcare,Clothing & Apparel,4,5277.0,,
1001658,P00068442,M,36-45,45,0,Uttar Pradesh,Central,Textile,Clothing & Apparel,1,5277.0,,
1004126,P00024642,F,26-35,29,0,Bihar,Eastern,Healthcare,Clothing & Apparel,2,5276.0,,
1004437,P00016042,M,36-45,38,1,Maharashtra,Western,Textile,Clothing & Apparel,3,5276.0,,
1005493,P00211142,F,36-45,42,1,Jharkhand,Eastern,IT Sector,Clothing & Apparel,2,5275.0,,
1004831,P00184942,M,26-35,30,1,Karnataka,Southern,Lawyer,Clothing & Apparel,1,5275.0,,
1001964,P00141942,M,26-35,31,0,Maharashtra,Western,Agriculture,Clothing & Apparel,1,5275.0,,
1004448,P00178842,M,26-35,34,0,Karnataka,Southern,Retail,Clothing & Apparel,2,5274.0,,
1004446,P00145042,F,18-25,25,0,Delhi,Central,Retail,Clothing & Apparel,1,5273.0,,
1004077,P00153842,M,36-45,44,0,Uttar Pradesh,Central,IT Sector,Clothing & Apparel,3,5273.0,,
1003953,P00244042,F,26-35,34,1,Uttar Pradesh,Central,Retail,Clothing & Apparel,1,5272.0,,
1001641,P00258942,F,26-35,27,0,Haryana,Northern,Healthcare,Clothing & Apparel,1,5271.0,,
1001285,P00155942,M,36-45,40,0,Jharkhand,Eastern,Retail,Clothing & Apparel,4,5271.0,,
1001694,P00271742,F,26-35,35,0,Kerala,Southern,Aviation,Clothing & Apparel,3,5271.0,,
1003219,P00216342,M,18-25,18,1,Madhya Pradesh,Central,Healthcare,Clothing & Apparel,3,5271.0,,
1000996,P00034442,F,26-35,28,0,Maharashtra,Western,Govt,Clothing & Apparel,3,5271.0,,
1003377,P00348542,M,26-35,31,0,Maharashtra,Western,Healthcare,Clothing & Apparel,1,5271.0,,
1003648,P00127242,F,18-25,24,1,Uttar Pradesh,Central,Banking,Clothing & Apparel,1,5271.0,,
1004227,P00086142,F,26-35,28,0,Maharashtra,Western,Textile,Clothing & Apparel,4,5270.0,,
1005352,P00342642,M,36-45,42,1,Maharashtra,Western,Aviation,Clothing & Apparel,4,5270.0,,
1005852,P00324942,M,26-35,30,1,Uttar Pradesh,Central,Aviation,Clothing & Apparel,1,5270.0,,
1004224,P00047842,M,46-50,48,0,AndhraÂ Pradesh,Southern,Aviation,Clothing & Apparel,1,5269.0,,
1000077,P00224142,F,18-25,21,0,Himachal Pradesh,Northern,Agriculture,Clothing & Apparel,2,5269.0,,
1005738,P00115742,F,26-35,33,0,Kerala,Southern,Banking,Clothing & Apparel,3,5269.0,,
1005950,P00182442,F,26-35,31,1,Uttar Pradesh,Central,Food Processing,Clothing & Apparel,4,5269.0,,
1002000,P00159542,F,18-25,18,0,AndhraÂ Pradesh,Southern,Retail,Clothing & Apparel,1,5268.0,,
1003643,P00001642,F,26-35,34,0,Bihar,Eastern,Banking,Clothing & Apparel,2,5268.0,,
1001434,P00126242,M,0-17,15,0,Madhya Pradesh,Central,Healthcare,Clothing & Apparel,4,5268.0,,
1001958,P00362342,M,26-35,34,0,Maharashtra,Western,IT Sector,Clothing & Apparel,1,5268.0,,
1000984,P00241542,F,51-55,52,0,Gujarat,Western,Aviation,Clothing & Apparel,3,5264.0,,
1003903,P00185442,F,26-35,33,0,Haryana,Northern,Healthcare,Clothing & Apparel,1,5263.0,,
1005805,P00276142,M,26-35,35,0,AndhraÂ Pradesh,Southern,Media,Clothing & Apparel,2,5261.0,,
1000520,P00260042,M,36-45,42,0,Himachal Pradesh,Northern,Banking,Clothing & Apparel,4,5261.0,,
1001224,P00117942,F,51-55,52,0,Uttar Pradesh,Central,Aviation,Clothing & Apparel,2,5261.0,,
1000853,P00193642,M,26-35,30,0,Uttarakhand,Central,Healthcare,Clothing & Apparel,2,5260.0,,
1002654,P00300042,M,36-45,37,0,Delhi,Central,Aviation,Clothing & Apparel,3,5259.0,,
1005485,P00127342,F,26-35,31,0,Haryana,Northern,Media,Clothing & Apparel,2,5259.0,,
1001680,P00062142,M,26-35,26,1,Kerala,Southern,Textile,Clothing & Apparel,2,5259.0,,
1001865,P0094142,M,18-25,25,0,Maharashtra,Western,Healthcare,Clothing & Apparel,3,5259.0,,
1001899,P00052342,M,46-50,49,0,Delhi,Central,Govt,Clothing & Apparel,3,5258.0,,
1004688,P00316442,F,26-35,35,1,Haryana,Northern,Aviation,Clothing & Apparel,2,5258.0,,
1003285,P00061142,F,26-35,27,0,Karnataka,Southern,Aviation,Clothing & Apparel,3,5258.0,,
1006039,P00113142,M,46-50,47,1,Maharashtra,Western,Lawyer,Clothing & Apparel,1,5257.0,,
1003031,P00025342,F,18-25,18,1,Uttar Pradesh,Central,Retail,Clothing & Apparel,3,5257.0,,
1002913,P00109542,M,36-45,40,0,Maharashtra,Western,Food Processing,Clothing & Apparel,2,5256.0,,
1003308,P00352842,M,18-25,19,1,Haryana,Northern,Aviation,Clothing & Apparel,3,5255.0,,
1002894,P00128742,F,18-25,19,1,Uttar Pradesh,Central,Aviation,Clothing & Apparel,1,5255.0,,
1004020,P00147942,F,26-35,29,0,Uttarakhand,Central,Banking,Clothing & Apparel,3,5255.0,,
1005717,P00207942,F,26-35,35,1,AndhraÂ Pradesh,Southern,IT Sector,Clothing & Apparel,3,5254.0,,
1004658,P00037242,F,26-35,35,1,Haryana,Northern,Banking,Clothing & Apparel,3,5254.0,,
1005387,P00282442,M,26-35,27,0,Uttarakhand,Central,Govt,Clothing & Apparel,3,5254.0,,
1000509,P00339942,F,26-35,27,1,Maharashtra,Western,IT Sector,Clothing & Apparel,1,5253.0,,
1004187,P00114742,M,55+,84,0,Maharashtra,Western,Media,Clothing & Apparel,3,5252.0,,
1001883,P00087742,M,51-55,54,1,Uttar Pradesh,Central,Automobile,Clothing & Apparel,3,5252.0,,
1003336,P00115542,F,36-45,44,0,Himachal Pradesh,Northern,Food Processing,Clothing & Apparel,4,5251.0,,
1002502,P00116842,F,55+,80,1,Jharkhand,Eastern,IT Sector,Clothing & Apparel,2,5251.0,,
1001983,P0096442,F,26-35,28,1,Maharashtra,Western,Hospitality,Clothing & Apparel,3,5251.0,,
1003929,P00127242,F,26-35,34,1,Delhi,Central,IT Sector,Clothing & Apparel,1,5250.0,,
1003312,P00005042,M,18-25,21,1,Kerala,Southern,Aviation,Clothing & Apparel,3,5250.0,,
1002462,P00083942,F,36-45,44,1,Himachal Pradesh,Northern,Govt,Clothing & Apparel,3,5249.0,,
1001281,P00046442,F,26-35,29,1,Maharashtra,Western,Banking,Clothing & Apparel,4,5249.0,,
1000062,P00150742,M,36-45,45,1,Rajasthan,Northern,IT Sector,Clothing & Apparel,2,5249.0,,
1004217,P00114942,F,18-25,20,0,Jharkhand,Eastern,Govt,Clothing & Apparel,2,5248.0,,
1004352,P00058142,F,18-25,19,0,Jharkhand,Eastern,Textile,Clothing & Apparel,3,5247.0,,
1003389,P00154542,F,18-25,25,0,Maharashtra,Western,Healthcare,Clothing & Apparel,3,5247.0,,
1001624,P00196042,F,26-35,27,1,Maharashtra,Western,IT Sector,Clothing & Apparel,2,5247.0,,
1000678,P00102342,F,26-35,27,0,Bihar,Eastern,Banking,Clothing & Apparel,3,5246.0,,
1001806,P00355142,F,18-25,23,0,Delhi,Central,Agriculture,Clothing & Apparel,1,5246.0,,
1004578,P00046142,F,26-35,29,0,Delhi,Central,Retail,Clothing & Apparel,3,5246.0,,
1005385,P00151742,F,26-35,27,1,Maharashtra,Western,Automobile,Clothing & Apparel,4,5246.0,,
1005594,P00357642,M,46-50,48,0,Uttar Pradesh,Central,Automobile,Clothing & Apparel,4,5246.0,,
1004647,P00195242,F,36-45,44,0,Kerala,Southern,Aviation,Clothing & Apparel,2,5245.0,,
1001347,P00337942,M,18-25,24,1,Himachal Pradesh,Northern,IT Sector,Clothing & Apparel,3,5244.0,,
1003134,P00265242,F,18-25,22,1,Haryana,Northern,Media,Clothing & Apparel,1,5242.0,,
1002817,P00101842,F,36-45,37,0,Karnataka,Southern,Textile,Clothing & Apparel,1,5242.0,,
1004795,P00183142,F,46-50,47,0,Kerala,Southern,Healthcare,Clothing & Apparel,3,5242.0,,
1005341,P00114942,M,26-35,27,0,Delhi,Central,Banking,Clothing & Apparel,1,5241.0,,
1002808,P00057442,F,55+,69,1,Himachal Pradesh,Northern,Govt,Clothing & Apparel,1,5241.0,,
1005954,P00222142,F,46-50,49,1,Karnataka,Southern,Banking,Clothing & Apparel,2,5241.0,,
1003547,P00158642,F,36-45,41,0,Uttar Pradesh,Central,Healthcare,Clothing & Apparel,2,5241.0,,
1004022,P00002242,F,36-45,42,0,Bihar,Eastern,Hospitality,Clothing & Apparel,4,5240.0,,
1002153,P00196842,F,18-25,24,0,Kerala,Southern,Banking,Clothing & Apparel,2,5240.0,,
1006024,P00250242,F,26-35,27,0,Uttar Pradesh,Central,Banking,Clothing & Apparel,1,5240.0,,
1004445,P00223942,F,26-35,33,1,Bihar,Eastern,Healthcare,Clothing & Apparel,3,5239.0,,
1000368,P00145942,F,26-35,26,0,Maharashtra,Western,Banking,Clothing & Apparel,3,5239.0,,
1000355,P00190242,F,18-25,23,1,Uttarakhand,Central,Media,Clothing & Apparel,4,5239.0,,
1000571,P00005042,F,51-55,53,0,Uttarakhand,Central,Construction,Clothing & Apparel,2,5239.0,,
1002181,P00033342,F,26-35,35,1,Maharashtra,Western,Aviation,Clothing & Apparel,3,5238.0,,
1000393,P0097742,F,36-45,38,0,Uttarakhand,Central,Govt,Clothing & Apparel,2,5238.0,,
1001321,P00157542,M,26-35,26,1,Karnataka,Southern,Healthcare,Clothing & Apparel,4,5237.0,,
1004298,P00265242,M,18-25,20,0,Delhi,Central,Agriculture,Clothing & Apparel,4,5235.0,,
1005658,P00167042,F,55+,65,0,Haryana,Northern,Healthcare,Clothing & Apparel,1,5235.0,,
1002773,P00260042,F,36-45,39,0,Himachal Pradesh,Northern,Hospitality,Clothing & Apparel,1,5235.0,,
1003994,P0095642,F,51-55,53,0,Maharashtra,Western,Aviation,Clothing & Apparel,2,5235.0,,
1003635,P00088342,F,51-55,51,0,Himachal Pradesh,Northern,Healthcare,Clothing & Apparel,4,5234.0,,
1005097,P00178942,F,55+,73,0,Rajasthan,Northern,Food Processing,Clothing & Apparel,2,5234.0,,
1005648,P00236342,F,26-35,30,0,Uttar Pradesh,Central,Automobile,Clothing & Apparel,2,5234.0,,
1004029,P00113042,M,55+,81,0,Himachal Pradesh,Northern,IT Sector,Clothing & Apparel,3,5233.0,,
1000352,P00031742,F,18-25,21,0,Uttar Pradesh,Central,Automobile,Clothing & Apparel,2,5233.0,,
1004034,P00109842,F,26-35,29,1,Uttarakhand,Central,Agriculture,Clothing & Apparel,1,5233.0,,
1003901,P00351842,F,18-25,18,0,AndhraÂ Pradesh,Southern,IT Sector,Clothing & Apparel,2,5232.0,,
1004958,P00119442,F,18-25,24,0,AndhraÂ Pradesh,Southern,Food Processing,Clothing & Apparel,2,5232.0,,
1000529,P00112442,F,36-45,39,1,Jharkhand,Eastern,Aviation,Clothing & Apparel,3,5232.0,,
1000656,P00156442,M,46-50,47,1,Maharashtra,Western,IT Sector,Clothing & Apparel,2,5232.0,,
1003691,P00319042,F,26-35,27,1,AndhraÂ Pradesh,Southern,Aviation,Clothing & Apparel,2,5230.0,,
1003180,P00251342,F,26-35,31,0,Kerala,Southern,Hospitality,Clothing & Apparel,3,5230.0,,
1004379,P00153742,F,26-35,26,0,Uttarakhand,Central,Healthcare,Clothing & Apparel,4,5229.0,,
1000551,P00085042,F,36-45,44,0,Himachal Pradesh,Northern,Healthcare,Clothing & Apparel,1,5227.0,,
1003074,P00216342,F,26-35,31,0,Uttar Pradesh,Central,Lawyer,Clothing & Apparel,4,5227.0,,
1002478,P00086042,F,51-55,55,0,Kerala,Southern,Banking,Clothing & Apparel,2,5226.0,,
1004446,P00192542,F,18-25,25,0,Madhya Pradesh,Central,Retail,Clothing & Apparel,1,5226.0,,
1001004,P00057242,F,26-35,34,0,Uttar Pradesh,Central,IT Sector,Clothing & Apparel,1,5226.0,,
1000103,P00115942,F,46-50,50,1,Gujarat,Western,Aviation,Clothing & Apparel,1,5225.0,,
1003540,P00364442,F,18-25,20,1,Uttar Pradesh,Central,IT Sector,Clothing & Apparel,3,5225.0,,
1003402,P00233542,F,36-45,36,0,Uttar Pradesh,Central,Chemical,Clothing & Apparel,1,5225.0,,
1006036,P00150642,M,26-35,28,0,Delhi,Central,Textile,Clothing & Apparel,4,5223.0,,
1000045,P00003542,M,46-50,47,1,Madhya Pradesh,Central,Govt,Clothing & Apparel,3,5223.0,,
1000036,P00112542,F,26-35,28,0,Himachal Pradesh,Northern,Govt,Clothing & Apparel,4,5222.0,,
1002643,P00037442,F,46-50,48,0,Maharashtra,Western,Healthcare,Clothing & Apparel,2,5222.0,,
1000731,P00074642,F,46-50,46,0,Uttar Pradesh,Central,Hospitality,Clothing & Apparel,3,5222.0,,
1001112,P00173342,F,18-25,25,0,AndhraÂ Pradesh,Southern,IT Sector,Clothing & Apparel,2,5220.0,,
1002943,P00058642,F,36-45,36,1,Bihar,Eastern,Govt,Clothing & Apparel,2,5220.0,,
1000022,P00059642,M,18-25,21,0,Delhi,Central,Healthcare,Clothing & Apparel,4,5219.0,,
1004140,P00128042,F,26-35,32,0,Gujarat,Western,Aviation,Clothing & Apparel,1,5219.0,,
1005561,P00049442,M,26-35,28,0,Kerala,Southern,Govt,Clothing & Apparel,4,5219.0,,
1000022,P00059642,M,18-25,21,0,Rajasthan,Northern,Healthcare,Clothing & Apparel,4,5219.0,,
1002938,P00144242,M,26-35,34,1,AndhraÂ Pradesh,Southern,Aviation,Clothing & Apparel,2,5215.0,,
1003940,P00223542,F,36-45,43,0,Gujarat,Western,Banking,Clothing & Apparel,4,5215.0,,
1001100,P00030942,F,26-35,34,0,Punjab,Northern,Govt,Clothing & Apparel,2,5215.0,,
1004053,P00145742,F,26-35,26,0,AndhraÂ Pradesh,Southern,Lawyer,Clothing & Apparel,4,5214.0,,
1001494,P00035542,F,26-35,34,0,AndhraÂ Pradesh,Southern,IT Sector,Clothing & Apparel,3,5214.0,,
1001791,P00113342,F,18-25,24,0,Himachal Pradesh,Northern,Healthcare,Clothing & Apparel,1,5214.0,,
1003526,P00242442,F,36-45,36,1,Himachal Pradesh,Northern,Aviation,Clothing & Apparel,2,5214.0,,
1004619,P00182742,M,26-35,29,0,Karnataka,Southern,Govt,Clothing & Apparel,3,5214.0,,
1003778,P00178342,F,26-35,29,0,Haryana,Northern,Construction,Clothing & Apparel,4,5212.0,,
1001356,P00231142,M,18-25,21,0,Uttar Pradesh,Central,Media,Clothing & Apparel,4,5212.0,,
1004102,P00233142,F,0-17,12,1,Bihar,Eastern,Media,Clothing & Apparel,3,5211.0,,
1005198,P00155642,M,18-25,21,1,Delhi,Central,Agriculture,Clothing & Apparel,1,5210.0,,
1002186,P00171542,F,18-25,24,1,Himachal Pradesh,Northern,Lawyer,Clothing & Apparel,4,5210.0,,
1002946,P0098242,F,36-45,43,1,Karnataka,Southern,IT Sector,Clothing & Apparel,1,5210.0,,
1004386,P00196042,F,26-35,33,1,Jharkhand,Eastern,IT Sector,Clothing & Apparel,1,5209.0,,
1005448,P00285542,F,46-50,48,0,Karnataka,Southern,Lawyer,Clothing & Apparel,4,5209.0,,
1003281,P00112442,F,26-35,35,1,Maharashtra,Western,Media,Clothing & Apparel,4,5209.0,,
1005312,P00120642,F,26-35,31,0,Uttar Pradesh,Central,Aviation,Clothing & Apparel,3,5209.0,,
1001076,P00058442,M,26-35,32,1,Uttar Pradesh,Central,Agriculture,Books,4,5209.0,,
1002740,P00368042,F,46-50,46,1,Uttar Pradesh,Central,Banking,Clothing & Apparel,2,5209.0,,
1002934,P00251542,M,36-45,38,0,AndhraÂ Pradesh,Southern,Aviation,Clothing & Apparel,1,5208.0,,
1000580,P00335842,M,0-17,12,0,Bihar,Eastern,Healthcare,Clothing & Apparel,2,5208.0,,
1003265,P00123842,F,26-35,26,0,Gujarat,Western,Govt,Clothing & Apparel,4,5208.0,,
1001832,P00170142,M,18-25,25,0,Uttar Pradesh,Central,Healthcare,Clothing & Apparel,2,5208.0,,
1001063,P00117542,F,36-45,38,1,Himachal Pradesh,Northern,Govt,Clothing & Apparel,4,5207.0,,
1005001,P00304842,M,26-35,30,1,Jharkhand,Eastern,IT Sector,Clothing & Apparel,2,5207.0,,
1003609,P00325242,M,26-35,27,0,Haryana,Northern,Automobile,Clothing & Apparel,4,5206.0,,
1004591,P00111242,F,26-35,33,1,Jharkhand,Eastern,IT Sector,Clothing & Apparel,4,5206.0,,
1002600,P00153442,F,26-35,33,0,Maharashtra,Western,Aviation,Clothing & Apparel,1,5205.0,,
1004868,P00324442,F,36-45,40,0,Madhya Pradesh,Central,IT Sector,Clothing & Apparel,2,5204.0,,
1000924,P00321942,F,51-55,51,1,Gujarat,Western,Media,Clothing & Apparel,3,5202.0,,
1003733,P00078542,F,18-25,25,1,Jharkhand,Eastern,Aviation,Clothing & Apparel,1,5202.0,,
1001476,P00036842,M,18-25,25,0,Maharashtra,Western,IT Sector,Clothing & Apparel,4,5202.0,,
1001476,P00036842,M,18-25,25,0,Maharashtra,Western,IT Sector,Clothing & Apparel,4,5202.0,,
1003314,P00349942,F,26-35,31,0,AndhraÂ Pradesh,Southern,Govt,Clothing & Apparel,4,5201.0,,
1002852,P00359142,F,26-35,31,0,Haryana,Northern,Govt,Clothing & Apparel,2,5201.0,,
1005371,P00237542,F,26-35,31,0,Himachal Pradesh,Northern,Banking,Clothing & Apparel,3,5201.0,,
1003986,P00291542,F,26-35,30,0,Himachal Pradesh,Northern,Banking,Clothing & Apparel,2,5200.0,,
1001611,P00014242,F,26-35,31,1,Uttar Pradesh,Central,Aviation,Clothing & Apparel,2,5199.0,,
1002738,P00279542,M,51-55,54,1,AndhraÂ Pradesh,Southern,IT Sector,Clothing & Apparel,3,5198.0,,
1003771,P00218142,F,26-35,31,1,Gujarat,Western,Lawyer,Clothing & Apparel,4,5198.0,,
1004079,P00329642,F,36-45,45,1,Jharkhand,Eastern,Chemical,Clothing & Apparel,1,5198.0,,
1002304,P00001442,F,46-50,50,0,Karnataka,Southern,Textile,Clothing & Apparel,4,5198.0,,
1003768,P00282342,F,26-35,30,1,Uttarakhand,Central,Media,Clothing & Apparel,3,5198.0,,
1005714,P00255842,F,36-45,38,0,Delhi,Central,Govt,Clothing & Apparel,3,5195.0,,
1002909,P00295942,F,26-35,26,0,Madhya Pradesh,Central,IT Sector,Clothing & Apparel,3,5195.0,,
1004505,P00002542,F,51-55,54,1,Maharashtra,Western,Food Processing,Clothing & Apparel,4,5195.0,,
1001527,P00177342,F,18-25,25,0,Haryana,Northern,Hospitality,Clothing & Apparel,4,5194.0,,
1001068,P00053842,M,18-25,21,0,Karnataka,Southern,Media,Clothing & Apparel,3,5194.0,,
1005697,P00053942,F,26-35,31,1,Uttar Pradesh,Central,Govt,Clothing & Apparel,3,5193.0,,
1000406,P00282642,F,26-35,31,0,Madhya Pradesh,Central,Govt,Clothing & Apparel,4,5192.0,,
1005948,P00114742,M,55+,85,1,Uttarakhand,Central,Construction,Clothing & Apparel,4,5192.0,,
1001676,P00040642,F,18-25,19,0,Jharkhand,Eastern,Textile,Clothing & Apparel,4,5190.0,,
1003401,P00274342,F,36-45,39,1,Jharkhand,Eastern,Healthcare,Clothing & Apparel,4,5190.0,,
1003312,P00192842,M,18-25,19,1,Madhya Pradesh,Central,Media,Clothing & Apparel,4,5190.0,,
1002718,P00139942,M,26-35,28,1,Gujarat,Western,Healthcare,Clothing & Apparel,3,5189.0,,
1003292,P00236342,M,51-55,54,0,Uttar Pradesh,Central,Aviation,Clothing & Apparel,2,5189.0,,
1003808,P00010942,F,26-35,32,1,Himachal Pradesh,Northern,Lawyer,Clothing & Apparel,3,5188.0,,
1004879,P00288042,F,26-35,31,0,Karnataka,Southern,Govt,Clothing & Apparel,4,5188.0,,
1003828,P00237542,F,26-35,32,0,AndhraÂ Pradesh,Southern,Banking,Clothing & Apparel,1,5186.0,,
1002671,P00212542,M,36-45,37,0,Delhi,Central,Automobile,Clothing & Apparel,4,5186.0,,
1004610,P00042942,M,26-35,29,1,AndhraÂ Pradesh,Southern,Food Processing,Clothing & Apparel,2,5185.0,,
1000036,P00034742,F,26-35,35,0,Jharkhand,Eastern,Construction,Clothing & Apparel,2,5185.0,,
1002109,P00022942,F,26-35,35,1,Uttar Pradesh,Central,Construction,Clothing & Apparel,2,5185.0,,
1002181,P00035542,F,26-35,26,0,Himachal Pradesh,Northern,Banking,Clothing & Apparel,3,5182.0,,
1003499,P00335242,F,26-35,26,0,Himachal Pradesh,Northern,Construction,Clothing & Apparel,1,5182.0,,
1004211,P00271942,F,46-50,46,1,Karnataka,Southern,Banking,Clothing & Apparel,2,5182.0,,
1001112,P00192542,F,18-25,25,0,Uttarakhand,Central,Govt,Clothing & Apparel,4,5182.0,,
1000235,P00070042,F,26-35,30,0,Madhya Pradesh,Central,Hospitality,Clothing & Apparel,2,5181.0,,
1000864,P00115642,M,26-35,26,0,AndhraÂ Pradesh,Southern,Healthcare,Clothing & Apparel,2,5178.0,,
1004141,P00148042,F,36-45,36,0,Bihar,Eastern,Construction,Clothing & Apparel,1,5178.0,,
1004889,P00121142,F,18-25,24,0,Haryana,Northern,IT Sector,Clothing & Apparel,2,5178.0,,
1001067,P00142142,F,36-45,39,1,Maharashtra,Western,Aviation,Clothing & Apparel,3,5178.0,,
1001306,P0098742,F,26-35,29,1,Jharkhand,Eastern,Lawyer,Clothing & Apparel,3,5177.0,,
1002023,P00147942,F,18-25,20,0,Uttar Pradesh,Central,Aviation,Clothing & Apparel,2,5177.0,,
1000244,P00285842,F,51-55,52,0,Uttar Pradesh,Central,Chemical,Clothing & Apparel,1,5177.0,,
1003999,P00123242,F,36-45,36,1,Himachal Pradesh,Northern,IT Sector,Clothing & Apparel,2,5176.0,,
1000531,P00223242,M,18-25,21,0,Jharkhand,Eastern,Healthcare,Clothing & Apparel,4,5174.0,,
1004084,P0097042,F,55+,89,0,Jharkhand,Eastern,Healthcare,Clothing & Apparel,2,5174.0,,
1002706,P00210342,M,26-35,32,0,Punjab,Northern,IT Sector,Clothing & Apparel,3,5174.0,,
1001687,P00335142,M,26-35,35,1,Bihar,Eastern,Construction,Clothing & Apparel,1,5173.0,,
1002447,P00100942,F,26-35,35,0,Haryana,Northern,Construction,Clothing & Apparel,3,5173.0,,
1002060,P00274942,F,0-17,12,0,Himachal Pradesh,Northern,Retail,Clothing & Apparel,2,5173.0,,
1000198,P0097242,F,26-35,30,1,Jharkhand,Eastern,Banking,Clothing & Apparel,1,5172.0,,
1001291,P00049542,M,36-45,39,0,Madhya Pradesh,Central,Aviation,Clothing & Apparel,2,5172.0,,
1000748,P00112642,F,26-35,35,0,Maharashtra,Western,Chemical,Clothing & Apparel,4,5172.0,,
1004771,P00193242,M,26-35,28,1,Gujarat,Western,Aviation,Clothing & Apparel,4,5171.0,,
1004451,P00248142,F,26-35,27,1,Himachal Pradesh,Northern,Banking,Clothing & Apparel,3,5171.0,,
1000245,P00187442,M,36-45,40,0,Karnataka,Southern,Banking,Clothing & Apparel,4,5170.0,,
1000984,P00024642,F,51-55,52,0,Uttar Pradesh,Central,Govt,Clothing & Apparel,3,5170.0,,
1001468,P00241642,F,0-17,15,0,Gujarat,Western,Aviation,Clothing & Apparel,3,5169.0,,
1005166,P00058142,F,51-55,54,0,Himachal Pradesh,Northern,Healthcare,Clothing & Apparel,2,5169.0,,
1005250,P00004542,M,51-55,54,0,Kerala,Southern,Aviation,Clothing & Apparel,1,5169.0,,
1000022,P00145042,F,18-25,25,0,Bihar,Eastern,IT Sector,Clothing & Apparel,1,5168.0,,
1004055,P00242742,F,51-55,54,0,AndhraÂ Pradesh,Southern,Hospitality,Clothing & Apparel,2,5167.0,,
1001068,P00041742,M,18-25,23,0,Karnataka,Southern,Retail,Books,3,5167.0,,
1000445,P00049942,F,46-50,46,0,Jharkhand,Eastern,Chemical,Clothing & Apparel,1,5166.0,,
1002484,P00110942,F,46-50,50,0,Uttar Pradesh,Central,Aviation,Clothing & Apparel,4,5166.0,,
1002503,P00114942,F,36-45,36,0,Bihar,Eastern,Media,Clothing & Apparel,1,5165.0,,
1003224,P00046242,M,26-35,29,1,Delhi,Central,Chemical,Clothing & Apparel,2,5165.0,,
1003985,P00286442,M,46-50,47,0,Delhi,Central,Media,Clothing & Apparel,3,5165.0,,
1003985,P00286442,M,46-50,47,0,Kerala,Southern,Media,Clothing & Apparel,3,5165.0,,
1004186,P00324742,F,26-35,35,0,Maharashtra,Western,Lawyer,Clothing & Apparel,4,5164.0,,
1001609,P0095842,M,36-45,45,1,Karnataka,Southern,Chemical,Clothing & Apparel,2,5162.0,,
1003652,P00332242,F,26-35,32,0,Bihar,Eastern,Automobile,Clothing & Apparel,3,5161.0,,
1002624,P00121342,M,36-45,42,1,Gujarat,Western,Banking,Clothing & Apparel,2,5159.0,,
1001146,P00001642,M,18-25,23,0,Maharashtra,Western,Automobile,Clothing & Apparel,1,5159.0,,
1004467,P00212942,M,51-55,52,0,Maharashtra,Western,IT Sector,Clothing & Apparel,3,5159.0,,
1003993,P00225442,F,26-35,35,1,AndhraÂ Pradesh,Southern,Lawyer,Clothing & Apparel,3,5158.0,,
1001681,P00323942,F,18-25,21,0,Bihar,Eastern,Textile,Clothing & Apparel,4,5158.0,,
1001343,P00314242,F,36-45,41,1,Himachal Pradesh,Northern,Lawyer,Clothing & Apparel,1,5158.0,,
1004481,P00173842,F,26-35,30,0,Karnataka,Southern,Retail,Clothing & Apparel,4,5158.0,,
1001244,P00015542,F,26-35,27,0,Maharashtra,Western,Automobile,Clothing & Apparel,4,5158.0,,
1003352,P00241242,F,36-45,45,0,Maharashtra,Western,Media,Clothing & Apparel,1,5158.0,,
1002680,P00310842,M,26-35,33,1,Uttar Pradesh,Central,Automobile,Clothing & Apparel,2,5158.0,,
1001483,P00111042,F,18-25,21,0,Haryana,Northern,Food Processing,Clothing & Apparel,4,5157.0,,
1001620,P00238442,F,26-35,35,0,Himachal Pradesh,Northern,Govt,Clothing & Apparel,1,5157.0,,
1000877,P00195342,F,26-35,26,0,Uttar Pradesh,Central,IT Sector,Clothing & Apparel,2,5157.0,,
1005717,P00288342,F,26-35,31,1,Uttar Pradesh,Central,IT Sector,Clothing & Apparel,2,5157.0,,
1003735,P00218242,F,26-35,30,0,Uttarakhand,Central,Media,Clothing & Apparel,4,5157.0,,
1005652,P00247542,F,18-25,24,1,Gujarat,Western,Media,Clothing & Apparel,2,5155.0,,
1003930,P00086042,F,55+,85,1,Himachal Pradesh,Northern,Food Processing,Clothing & Apparel,2,5155.0,,
1000187,P00158642,M,46-50,46,0,Bihar,Eastern,Hospitality,Clothing & Apparel,1,5153.0,,
1001053,P00150942,F,36-45,44,0,Himachal Pradesh,Northern,Govt,Clothing & Apparel,2,5151.0,,
1000839,P00143342,F,26-35,29,0,Himachal Pradesh,Northern,Hospitality,Clothing & Apparel,1,5150.0,,
1004345,P00158842,M,26-35,29,1,Madhya Pradesh,Central,IT Sector,Clothing & Apparel,4,5150.0,,
1000736,P0009842,F,18-25,24,1,Himachal Pradesh,Northern,Healthcare,Clothing & Apparel,4,5149.0,,
1001727,P00337542,F,36-45,43,0,Jharkhand,Eastern,Banking,Clothing & Apparel,1,5149.0,,
1001600,P00157542,F,36-45,37,0,Karnataka,Southern,Banking,Clothing & Apparel,2,5149.0,,
1001130,P00350442,F,18-25,25,0,Kerala,Southern,Food Processing,Clothing & Apparel,2,5149.0,,
1000349,P00036842,F,0-17,13,0,Madhya Pradesh,Central,IT Sector,Clothing & Apparel,3,5149.0,,
1000335,P00053442,F,36-45,37,0,Himachal Pradesh,Northern,Retail,Clothing & Apparel,3,5148.0,,
1002178,P00226142,F,46-50,48,0,Jharkhand,Eastern,Construction,Clothing & Apparel,1,5147.0,,
1002773,P00088942,F,36-45,37,0,Punjab,Northern,Agriculture,Clothing & Apparel,3,5147.0,,
1003039,P00355642,M,51-55,53,0,Punjab,Northern,Textile,Clothing & Apparel,2,5147.0,,
1004223,P00354942,M,36-45,41,0,Delhi,Central,Govt,Clothing & Apparel,4,5146.0,,
1000695,P00046742,M,18-25,21,0,Haryana,Northern,Healthcare,Clothing & Apparel,3,5146.0,,
1003328,P00161942,F,55+,71,1,Uttarakhand,Central,Hospitality,Clothing & Apparel,4,5146.0,,
1003128,P00113642,F,18-25,20,1,Bihar,Eastern,Banking,Clothing & Apparel,3,5145.0,,
1005836,P00114942,M,26-35,33,0,Uttar Pradesh,Central,IT Sector,Clothing & Apparel,2,5145.0,,
1001404,P00277642,F,51-55,53,1,Madhya Pradesh,Central,IT Sector,Clothing & Apparel,4,5144.0,,
1000148,P00223942,F,51-55,55,1,Gujarat,Western,Healthcare,Clothing & Apparel,3,5143.0,,
1005829,P00080342,M,26-35,26,1,Madhya Pradesh,Central,Hospitality,Clothing & Apparel,4,5143.0,,
1004448,P00144242,F,26-35,34,0,Bihar,Eastern,Retail,Clothing & Apparel,3,5142.0,,
1001026,P00148642,M,46-50,48,1,Haryana,Northern,Food Processing,Clothing & Apparel,2,5142.0,,
1000149,P00224142,F,26-35,26,1,Himachal Pradesh,Northern,Automobile,Clothing & Apparel,1,5140.0,,
1005778,P00233342,F,36-45,43,1,Himachal Pradesh,Northern,Healthcare,Clothing & Apparel,3,5140.0,,
1004217,P00045842,F,18-25,19,1,Uttar Pradesh,Central,Banking,Clothing & Apparel,3,5139.0,,
1002576,P00142942,F,18-25,22,0,Uttar Pradesh,Central,Banking,Clothing & Apparel,1,5139.0,,
1004472,P00129342,M,46-50,48,0,Uttarakhand,Central,Healthcare,Clothing & Apparel,1,5139.0,,
1001101,P00100642,M,36-45,43,0,AndhraÂ Pradesh,Southern,Aviation,Hand & Power Tools,3,5137.0,,
1001501,P00206342,F,26-35,27,0,Delhi,Central,Healthcare,Stationery,4,4922.0,,
1000045,P00085642,M,46-50,49,0,Karnataka,Southern,Media,Stationery,4,4905.0,,
1002860,P00282442,F,36-45,45,0,Karnataka,Southern,IT Sector,Footwear & Shoes,4,4839.0,,
1001584,P00283942,F,26-35,27,1,Madhya Pradesh,Central,IT Sector,Footwear & Shoes,1,4822.0,,
1005538,P00324642,F,46-50,47,0,Karnataka,Southern,Aviation,Footwear & Shoes,2,4819.0,,
1003491,P00083042,F,26-35,30,1,Karnataka,Southern,Automobile,Footwear & Shoes,1,4810.0,,
1000485,P00324942,M,55+,69,0,Karnataka,Southern,Healthcare,Footwear & Shoes,1,4784.0,,
1004356,P00327542,F,36-45,39,0,Karnataka,Southern,Hospitality,Footwear & Shoes,1,4774.0,,
1002583,P00221342,F,36-45,37,0,Karnataka,Southern,Media,Footwear & Shoes,3,4771.0,,
1001943,P00041942,F,18-25,24,0,Kerala,Southern,Aviation,Furniture,2,4768.0,,
1005872,P00085242,M,26-35,31,0,Karnataka,Southern,IT Sector,Footwear & Shoes,3,4764.0,,
1000720,P00057942,F,18-25,21,0,Karnataka,Southern,IT Sector,Footwear & Shoes,2,4763.0,,
1000471,P00062842,F,36-45,39,0,Karnataka,Southern,Healthcare,Footwear & Shoes,2,4751.0,,
1001861,P00249142,M,51-55,54,1,Uttar Pradesh,Central,Lawyer,Footwear & Shoes,2,4733.0,,
1002909,P00128742,F,26-35,26,0,Madhya Pradesh,Central,Healthcare,Footwear & Shoes,2,4729.0,,
1001383,P00126042,M,26-35,32,0,Haryana,Northern,IT Sector,Footwear & Shoes,3,4727.0,,
1005175,P00351042,M,36-45,45,0,Maharashtra,Western,Lawyer,Beauty,1,4710.0,,
1004346,P00301542,F,18-25,21,1,Madhya Pradesh,Central,IT Sector,Beauty,2,4708.0,,
1003519,P00143642,M,26-35,29,0,Haryana,Northern,Media,Beauty,4,4707.0,,
1001383,P00145842,M,26-35,28,0,Delhi,Central,IT Sector,Beauty,1,4702.0,,
1000339,P00031042,F,51-55,54,0,Uttar Pradesh,Central,Banking,Beauty,4,4702.0,,
1003967,P00362442,M,18-25,22,1,Kerala,Southern,Aviation,Beauty,2,4697.0,,
1004032,P00282442,F,26-35,35,0,Delhi,Central,Healthcare,Beauty,1,4696.0,,
1000744,P00221742,M,26-35,34,0,Maharashtra,Western,Healthcare,Beauty,1,4693.0,,
1004130,P00037142,F,36-45,45,0,Madhya Pradesh,Central,Banking,Beauty,1,4692.0,,
1000053,P00295842,F,26-35,31,0,Karnataka,Southern,IT Sector,Footwear & Shoes,3,4691.0,,
1002547,P00108442,M,36-45,39,0,Karnataka,Southern,IT Sector,Beauty,3,4691.0,,
1005654,P00260042,F,26-35,27,1,Delhi,Central,Automobile,Footwear & Shoes,1,4690.0,,
1005616,P00327242,F,46-50,50,1,Madhya Pradesh,Central,Aviation,Beauty,3,4690.0,,
1000858,P00251242,F,36-45,38,0,Karnataka,Southern,Media,Tupperware,1,4689.0,,
1000838,P00242742,F,51-55,51,1,Madhya Pradesh,Central,Hospitality,Beauty,1,4685.0,,
1001150,P00264342,M,26-35,31,1,Delhi,Central,Aviation,Beauty,2,4670.0,,
1000136,P00051842,F,18-25,22,1,Madhya Pradesh,Central,IT Sector,Beauty,1,4669.0,,
1000402,P00028842,F,26-35,31,0,Madhya Pradesh,Central,Aviation,Beauty,4,4665.0,,
1003909,P00220342,F,18-25,21,1,Karnataka,Southern,Banking,Footwear & Shoes,1,4664.0,,
1005140,P00352442,F,26-35,32,1,Uttar Pradesh,Central,Automobile,Beauty,4,4662.0,,
1000984,P00109542,F,51-55,53,0,Madhya Pradesh,Central,Hospitality,Beauty,1,4661.0,,
1004490,P00118142,F,36-45,40,1,Madhya Pradesh,Central,Retail,Beauty,1,4659.0,,
1005275,P00034942,F,26-35,26,1,Delhi,Central,Automobile,Stationery,4,4658.0,,
1005787,P0096742,F,26-35,28,0,Madhya Pradesh,Central,Govt,Beauty,3,4654.0,,
1003458,P00159442,F,46-50,48,0,Karnataka,Southern,Lawyer,Footwear & Shoes,2,4651.0,,
1001383,P00117242,M,26-35,28,0,AndhraÂ Pradesh,Southern,Banking,Beauty,2,4649.0,,
1001396,P00194442,M,26-35,27,1,Maharashtra,Western,IT Sector,Footwear & Shoes,4,4646.0,,
1003518,P00152442,M,18-25,18,1,Karnataka,Southern,Media,Tupperware,3,4642.0,,
1003121,P00305042,F,26-35,26,1,Madhya Pradesh,Central,Chemical,Beauty,4,4642.0,,
1003509,P00157642,F,18-25,22,0,Uttar Pradesh,Central,Lawyer,Beauty,1,4642.0,,
1000550,P00126042,F,46-50,49,0,Madhya Pradesh,Central,Govt,Beauty,2,4640.0,,
1002887,P00192642,F,26-35,27,0,Madhya Pradesh,Central,Construction,Beauty,1,4639.0,,
1001805,P00158242,F,18-25,20,0,Madhya Pradesh,Central,Banking,Beauty,3,4636.0,,
1004789,P00163242,F,36-45,41,0,Maharashtra,Western,Retail,Beauty,2,4636.0,,
1002537,P00088242,F,36-45,37,1,Madhya Pradesh,Central,Retail,Beauty,3,4635.0,,
1001093,P00182142,F,51-55,54,1,Maharashtra,Western,Aviation,Beauty,1,4635.0,,
1003503,P00088942,M,18-25,22,1,AndhraÂ Pradesh,Southern,IT Sector,Beauty,3,4634.0,,
1003503,P00088942,M,18-25,22,1,Haryana,Northern,IT Sector,Beauty,3,4634.0,,
1005283,P00115542,F,18-25,21,1,Uttar Pradesh,Central,Automobile,Beauty,3,4634.0,,
1003476,P00181642,F,51-55,51,0,Delhi,Central,Hospitality,Beauty,4,4632.0,,
1003618,P00344142,M,18-25,19,0,Madhya Pradesh,Central,Media,Beauty,4,4629.0,,
1003705,P00240142,F,46-50,50,0,Madhya Pradesh,Central,Govt,Beauty,4,4628.0,,
1004303,P00279542,F,26-35,27,1,Madhya Pradesh,Central,Banking,Beauty,2,4620.0,,
1002165,P00324442,F,26-35,30,0,Karnataka,Southern,Healthcare,Footwear & Shoes,3,4615.0,,
1001077,P00117342,M,26-35,28,1,Delhi,Central,Lawyer,Footwear & Shoes,1,4610.0,,
1002017,P00020342,F,26-35,29,1,Maharashtra,Western,IT Sector,Beauty,4,4610.0,,
1005698,P00329242,F,36-45,40,0,Madhya Pradesh,Central,Food Processing,Beauty,4,4609.0,,
1000749,P00326742,F,36-45,42,0,Uttar Pradesh,Central,Healthcare,Footwear & Shoes,3,4608.0,,
1002030,P00252242,F,26-35,30,1,Madhya Pradesh,Central,Media,Beauty,1,4605.0,,
1000970,P00218142,F,26-35,29,0,Maharashtra,Western,Automobile,Furniture,4,4604.0,,
1001897,P00205642,M,51-55,52,1,Haryana,Northern,IT Sector,Beauty,3,4603.0,,
1005350,P00304242,F,18-25,22,1,Madhya Pradesh,Central,Govt,Beauty,3,4603.0,,
1004112,P00241242,F,46-50,50,0,Karnataka,Southern,Construction,Footwear & Shoes,2,4602.0,,
1001246,P00225642,F,18-25,21,0,Madhya Pradesh,Central,Media,Beauty,1,4602.0,,
1003635,P00083842,F,51-55,54,1,Maharashtra,Western,Banking,Beauty,1,4602.0,,
1003687,P00155242,M,51-55,54,0,Madhya Pradesh,Central,Banking,Beauty,4,4600.0,,
1001200,P00307542,F,0-17,17,0,Madhya Pradesh,Central,Chemical,Beauty,1,4598.0,,
1001835,P00111742,F,26-35,29,1,Madhya Pradesh,Central,Healthcare,Beauty,2,4596.0,,
1005163,P00209742,F,46-50,47,0,AndhraÂ Pradesh,Southern,Healthcare,Beauty,1,4595.0,,
1003401,P00191742,F,36-45,44,1,Uttar Pradesh,Central,Agriculture,Beauty,3,4595.0,,
1005428,P00028142,M,26-35,27,0,Madhya Pradesh,Central,Construction,Beauty,1,4592.0,,
1003691,P00112542,F,26-35,35,1,Madhya Pradesh,Central,Agriculture,Beauty,2,4591.0,,
1004023,P00117942,M,36-45,44,0,AndhraÂ Pradesh,Southern,Retail,Beauty,1,4589.0,,
1005367,P00144642,F,18-25,23,0,Madhya Pradesh,Central,Lawyer,Beauty,2,4588.0,,
1002419,P00201542,F,26-35,27,0,Maharashtra,Western,Chemical,Beauty,3,4588.0,,
1003999,P00016842,F,36-45,37,1,Delhi,Central,IT Sector,Beauty,2,4586.0,,
1003509,P00351142,F,18-25,25,0,Uttar Pradesh,Central,Govt,Beauty,3,4586.0,,
1001619,P00089442,F,51-55,54,1,Madhya Pradesh,Central,IT Sector,Beauty,3,4584.0,,
1002526,P00339842,F,55+,84,0,Uttar Pradesh,Central,Healthcare,Beauty,2,4584.0,,
1003900,P00258842,M,26-35,31,0,Delhi,Central,Hospitality,Beauty,4,4582.0,,
1003726,P00216742,F,26-35,34,1,AndhraÂ Pradesh,Southern,Banking,Beauty,2,4581.0,,
1001466,P00113142,F,18-25,23,0,Madhya Pradesh,Central,Healthcare,Beauty,4,4580.0,,
1005011,P00245642,F,18-25,24,1,Uttar Pradesh,Central,IT Sector,Beauty,3,4577.0,,
1004573,P00298242,F,51-55,54,0,Madhya Pradesh,Central,Banking,Beauty,4,4574.0,,
1003588,P00044442,F,26-35,31,1,AndhraÂ Pradesh,Southern,Lawyer,Beauty,4,4571.0,,
1004001,P00002242,M,26-35,29,0,Himachal Pradesh,Northern,Healthcare,Stationery,3,4570.0,,
1004132,P00278642,F,26-35,35,1,Haryana,Northern,Banking,Furniture,4,4569.0,,
1005002,P00324742,M,26-35,35,0,Karnataka,Southern,Banking,Footwear & Shoes,1,4569.0,,
1001266,P00199142,F,26-35,29,0,Madhya Pradesh,Central,IT Sector,Beauty,3,4567.0,,
1000314,P00318342,M,55+,72,0,AndhraÂ Pradesh,Southern,IT Sector,Beauty,3,4565.0,,
1001301,P00057442,M,26-35,32,1,Uttar Pradesh,Central,Lawyer,Beauty,1,4564.0,,
1002236,P00354342,F,0-17,14,0,Madhya Pradesh,Central,Banking,Beauty,1,4561.0,,
1000245,P00269642,F,36-45,38,0,Madhya Pradesh,Central,Banking,Beauty,3,4560.0,,
1004140,P00319342,F,26-35,31,0,AndhraÂ Pradesh,Southern,IT Sector,Beauty,2,4559.0,,
1001448,P00192942,M,26-35,26,0,Delhi,Central,IT Sector,Stationery,4,4558.0,,
1005585,P00288942,F,26-35,34,1,Karnataka,Southern,Food Processing,Footwear & Shoes,2,4553.0,,
1001425,P00153742,F,0-17,15,1,Madhya Pradesh,Central,Hospitality,Beauty,2,4553.0,,
1005065,P00117942,F,26-35,34,1,Uttar Pradesh,Central,Govt,Beauty,3,4552.0,,
1003328,P00134542,F,55+,74,1,Karnataka,Southern,IT Sector,Food,3,4548.0,,
1000587,P00177742,F,26-35,31,1,Madhya Pradesh,Central,IT Sector,Beauty,4,4545.0,,
1004808,P00347142,F,36-45,40,0,Madhya Pradesh,Central,Retail,Beauty,2,4545.0,,
1001298,P00148642,F,36-45,45,0,AndhraÂ Pradesh,Southern,Healthcare,Beauty,4,4541.0,,
1000157,P00243942,F,36-45,42,0,Delhi,Central,Aviation,Beauty,3,4540.0,,
1005789,P00175642,F,26-35,30,0,Madhya Pradesh,Central,IT Sector,Beauty,2,4538.0,,
1001355,P00250842,M,46-50,50,0,Uttar Pradesh,Central,Healthcare,Food,3,4536.0,,
1003380,P00052842,F,51-55,51,0,Uttar Pradesh,Central,Hospitality,Food,3,4533.0,,
1003401,P00124242,F,36-45,41,0,Delhi,Central,Construction,Footwear & Shoes,2,4532.0,,
1002476,P00293342,M,51-55,51,0,Haryana,Northern,Hospitality,Furniture,2,4527.0,,
1005294,P00052842,F,26-35,31,1,AndhraÂ Pradesh,Southern,IT Sector,Beauty,3,4524.0,,
1000173,P00204942,F,26-35,33,1,Madhya Pradesh,Central,IT Sector,Beauty,4,4524.0,,
1005536,P00019042,F,26-35,29,0,Gujarat,Western,Banking,Furniture,4,4523.0,,
1002498,P0094442,F,55+,72,0,Madhya Pradesh,Central,IT Sector,Beauty,1,4522.0,,
1001041,P00200642,F,46-50,50,0,Delhi,Central,Healthcare,Beauty,1,4519.0,,
1001203,P00303442,M,26-35,31,1,Karnataka,Southern,Aviation,Food,1,4519.0,,
1004972,P00180142,F,36-45,44,0,Madhya Pradesh,Central,Healthcare,Footwear & Shoes,2,4518.0,,
1002348,P00123742,F,51-55,53,0,Madhya Pradesh,Central,Aviation,Beauty,3,4518.0,,
1004573,P00052842,F,51-55,54,0,Madhya Pradesh,Central,Healthcare,Beauty,3,4518.0,,
1002570,P00034142,M,55+,58,1,Gujarat,Western,Retail,Beauty,1,4517.0,,
1001301,P00000742,M,26-35,26,0,Gujarat,Western,Lawyer,Beauty,1,4515.0,,
1001599,P00306042,F,26-35,30,1,Madhya Pradesh,Central,Construction,Footwear & Shoes,4,4515.0,,
1003985,P00029742,F,46-50,46,0,Madhya Pradesh,Central,Chemical,Beauty,1,4515.0,,
1005787,P00120642,F,26-35,31,0,Delhi,Central,IT Sector,Footwear & Shoes,3,4514.0,,
1001172,P00169542,M,26-35,29,1,Madhya Pradesh,Central,IT Sector,Beauty,3,4514.0,,
1001556,P00356742,F,18-25,20,1,AndhraÂ Pradesh,Southern,Aviation,Food,3,4513.0,,
1005323,P00188642,M,26-35,35,0,AndhraÂ Pradesh,Southern,Govt,Beauty,2,4513.0,,
1001448,P00246742,M,26-35,32,0,Maharashtra,Western,Construction,Food,1,4510.0,,
1004506,P00165742,F,51-55,52,0,Uttar Pradesh,Central,Healthcare,Beauty,2,4509.0,,
1002759,P00008242,F,26-35,35,0,Delhi,Central,Healthcare,Footwear & Shoes,1,4507.0,,
1001112,P00337642,F,18-25,18,1,Madhya Pradesh,Central,Healthcare,Food,4,4506.0,,
1003153,P00212942,M,26-35,32,0,Madhya Pradesh,Central,Govt,Food,2,4506.0,,
1001016,P00358742,F,55+,59,0,Uttar Pradesh,Central,Media,Beauty,1,4506.0,,
1005367,P00103042,F,18-25,22,0,Delhi,Central,IT Sector,Beauty,1,4502.0,,
1002194,P00019342,F,26-35,29,0,Delhi,Central,Banking,Beauty,4,4502.0,,
1002649,P00227642,M,26-35,29,0,Karnataka,Southern,Banking,Food,1,4501.0,,
1001584,P00243942,F,26-35,27,1,Himachal Pradesh,Northern,IT Sector,Furniture,3,4500.0,,
1004522,P00288942,F,46-50,48,1,Uttar Pradesh,Central,Hospitality,Footwear & Shoes,3,4498.0,,
1004831,P00293242,M,26-35,33,0,Himachal Pradesh,Northern,Media,Beauty,4,4497.0,,
1005026,P00017642,F,26-35,32,1,Madhya Pradesh,Central,Govt,Beauty,4,4497.0,,
1000953,P00217142,F,51-55,52,1,Uttar Pradesh,Central,Banking,Beauty,2,4497.0,,
1002748,P00065042,F,26-35,35,1,Madhya Pradesh,Central,Agriculture,Beauty,3,4494.0,,
1001937,P00114042,F,26-35,29,1,Maharashtra,Western,IT Sector,Beauty,3,4494.0,,
1003311,P00028842,F,26-35,26,0,Karnataka,Southern,Healthcare,Footwear & Shoes,1,4492.0,,
1001087,P00117142,F,26-35,30,1,Madhya Pradesh,Central,Lawyer,Beauty,3,4491.0,,
1000174,P00312742,F,26-35,35,1,AndhraÂ Pradesh,Southern,IT Sector,Beauty,2,4490.0,,
1001737,P00145642,F,36-45,37,0,Delhi,Central,Healthcare,Footwear & Shoes,3,4488.0,,
1001274,P00071542,F,46-50,50,0,Maharashtra,Western,Media,Food,3,4488.0,,
1005042,P00051942,M,18-25,19,1,Gujarat,Western,Hospitality,Food,1,4487.0,,
1003756,P00149642,F,18-25,18,0,Karnataka,Southern,Aviation,Food,2,4487.0,,
1001941,P00218342,M,36-45,26,1,Madhya Pradesh,Central,Aviation,Beauty,2,4486.0,,
1000308,P00021142,F,26-35,33,0,Madhya Pradesh,Central,IT Sector,Food,4,4486.0,,
1004626,P00132042,F,26-35,34,0,Uttar Pradesh,Central,Retail,Food,2,4484.0,,
1003529,P00194242,M,46-50,50,1,Maharashtra,Western,Govt,Food,2,4482.0,,
1002414,P00071442,F,26-35,30,1,Uttar Pradesh,Central,Automobile,Footwear & Shoes,2,4480.0,,
1003592,P00145642,M,55+,65,1,Jharkhand,Eastern,Banking,Food,3,4479.0,,
1002898,P00100942,F,18-25,19,0,Madhya Pradesh,Central,Hospitality,Beauty,3,4479.0,,
1002026,P00367542,F,51-55,51,0,Telangana,Southern,Retail,Food,2,4478.0,,
1003576,P00288642,F,51-55,52,0,Madhya Pradesh,Central,IT Sector,Beauty,1,4476.0,,
1002907,P00010242,M,36-45,40,0,Maharashtra,Western,Textile,Beauty,1,4475.0,,
1004309,P00131042,F,26-35,28,1,Madhya Pradesh,Central,Lawyer,Beauty,1,4474.0,,
1003993,P00345242,F,26-35,26,0,AndhraÂ Pradesh,Southern,Govt,Beauty,1,4473.0,,
1001988,P00286642,M,26-35,28,0,Madhya Pradesh,Central,Healthcare,Food,3,4473.0,,
1001605,P00159642,M,18-25,24,1,Karnataka,Southern,Healthcare,Beauty,1,4472.0,,
1005535,P00265242,F,26-35,33,0,AndhraÂ Pradesh,Southern,Textile,Beauty,2,4470.0,,
1000981,P00134142,F,26-35,29,0,Delhi,Central,Aviation,Beauty,3,4468.0,,
1003242,P00112542,F,51-55,52,0,Delhi,Central,Retail,Stationery,1,4467.0,,
1000424,P00331842,F,26-35,26,1,Madhya Pradesh,Central,Textile,Beauty,2,4467.0,,
1002570,P00110042,M,55+,61,1,Maharashtra,Western,Media,Food,1,4466.0,,
1005352,P00191642,M,36-45,45,0,Uttar Pradesh,Central,Healthcare,Beauty,1,4464.0,,
1001741,P00084942,F,36-45,42,0,Madhya Pradesh,Central,Banking,Beauty,4,4463.0,,
1003378,P00139942,F,18-25,18,0,Madhya Pradesh,Central,IT Sector,Beauty,3,4462.0,,
1005143,P00042842,F,18-25,18,1,Delhi,Central,Automobile,Beauty,1,4460.0,,
1004271,P00128242,F,36-45,42,1,Madhya Pradesh,Central,Agriculture,Beauty,2,4459.0,,
1002308,P00248742,M,46-50,49,0,Madhya Pradesh,Central,Retail,Beauty,3,4459.0,,
1001150,P00046142,M,26-35,30,0,Maharashtra,Western,Healthcare,Beauty,3,4452.0,,
1004990,P00288742,M,26-35,33,1,Himachal Pradesh,Northern,Banking,Stationery,3,4451.0,,
1005411,P00276642,M,0-17,12,0,Haryana,Northern,Banking,Food,3,4450.0,,
1001358,P00160642,F,36-45,44,0,Delhi,Central,Healthcare,Beauty,4,4448.0,,
1001017,P00368242,F,36-45,42,1,Madhya Pradesh,Central,Media,Beauty,3,4444.0,,
1005161,P00113142,F,26-35,35,1,AndhraÂ Pradesh,Southern,Hospitality,Beauty,3,4443.0,,
1003416,P00158542,F,26-35,31,0,Maharashtra,Western,Govt,Beauty,3,4443.0,,
1002611,P00319042,F,26-35,27,1,Uttar Pradesh,Central,Banking,Footwear & Shoes,2,4443.0,,
1005079,P00295942,F,26-35,32,0,AndhraÂ Pradesh,Southern,Food Processing,Beauty,3,4441.0,,
1005163,P00138542,F,46-50,48,0,Delhi,Central,Banking,Footwear & Shoes,3,4441.0,,
1001579,P00235442,F,26-35,33,0,Karnataka,Southern,Food Processing,Food,3,4441.0,,
1001680,P00016642,M,26-35,26,0,Uttar Pradesh,Central,Food Processing,Food,2,4440.0,,
1002048,P00116142,F,51-55,51,0,Madhya Pradesh,Central,Aviation,Beauty,1,4439.0,,
1004643,P0099242,F,26-35,30,1,Madhya Pradesh,Central,Food Processing,Beauty,2,4438.0,,
1001844,P00148642,M,18-25,19,1,Karnataka,Southern,Healthcare,Food,3,4436.0,,
1001099,P00071442,F,26-35,33,0,Delhi,Central,IT Sector,Food,1,4431.0,,
1000824,P00177442,F,36-45,38,0,Maharashtra,Western,Aviation,Beauty,4,4430.0,,
1005788,P00035842,F,26-35,33,1,Madhya Pradesh,Central,IT Sector,Food,3,4428.0,,
1002477,P00183442,F,46-50,49,0,Madhya Pradesh,Central,IT Sector,Beauty,1,4428.0,,
1004773,P00210342,F,46-50,47,1,Karnataka,Southern,Automobile,Food,1,4426.0,,
1004318,P00131942,F,26-35,32,1,Maharashtra,Western,Healthcare,Beauty,2,4423.0,,
1000482,P00052742,F,26-35,26,0,Madhya Pradesh,Central,Construction,Beauty,3,4421.0,,
1005812,P00115942,M,26-35,33,0,Delhi,Central,IT Sector,Food,2,4409.0,,
1005957,P00016542,F,18-25,25,1,AndhraÂ Pradesh,Southern,IT Sector,Food,2,4405.0,,
1004852,P00176042,F,36-45,39,1,Karnataka,Southern,Lawyer,Footwear & Shoes,3,4402.0,,
1005564,P00337542,F,46-50,48,0,Delhi,Central,Media,Food,3,4399.0,,
1005282,P00220242,M,18-25,20,1,Karnataka,Southern,Banking,Food,1,4397.0,,
1003081,P00046742,M,26-35,34,0,Uttar Pradesh,Central,IT Sector,Footwear & Shoes,1,4392.0,,
1000397,P00117942,F,36-45,43,0,Uttar Pradesh,Central,IT Sector,Footwear & Shoes,2,4391.0,,
1004508,P00213542,F,26-35,27,0,Maharashtra,Western,Retail,Food,4,4380.0,,
1002611,P00102642,F,26-35,35,1,Uttar Pradesh,Central,Govt,Food,4,4380.0,,
1003469,P00046242,F,46-50,47,1,Jharkhand,Eastern,IT Sector,Food,1,4372.0,,
1001201,P00289942,F,18-25,22,1,Maharashtra,Western,Lawyer,Food,4,4365.0,,
1000202,P00145442,F,18-25,25,1,Uttar Pradesh,Central,Retail,Food,3,4365.0,,
1002106,P00346742,M,18-25,22,0,Maharashtra,Western,Banking,Food,3,4358.0,,
1004238,P00331042,F,36-45,44,0,Uttar Pradesh,Central,Banking,Food,2,4350.0,,
1004510,P00237042,F,46-50,49,0,Karnataka,Southern,IT Sector,Footwear & Shoes,4,4347.0,,
1002694,P00179042,F,18-25,20,0,Karnataka,Southern,IT Sector,Food,1,4344.0,,
1000187,P00036042,M,46-50,49,0,Karnataka,Southern,Healthcare,Food,4,4342.0,,
1004016,P00278042,F,51-55,52,1,Uttar Pradesh,Central,Lawyer,Food,4,4332.0,,
1004021,P00131342,F,51-55,54,0,Uttar Pradesh,Central,Healthcare,Food,1,4325.0,,
1001835,P00029542,F,26-35,31,1,Maharashtra,Western,Automobile,Food,1,4322.0,,
1002205,P00190142,M,26-35,32,0,Maharashtra,Western,Banking,Food,2,4317.0,,
1000134,P00350942,F,26-35,29,0,Maharashtra,Western,Aviation,Food,1,4311.0,,
1002051,P00028842,F,36-45,38,1,Delhi,Central,Food Processing,Footwear & Shoes,1,4303.0,,
1001050,P00344542,F,26-35,34,0,Maharashtra,Western,Healthcare,Food,2,4299.0,,
1005482,P00184042,F,18-25,19,1,Maharashtra,Western,Media,Food,3,4298.0,,
1001404,P00259342,F,51-55,55,0,Uttar Pradesh,Central,Banking,Furniture,4,4296.0,,
1005738,P00249542,F,26-35,29,1,Delhi,Central,Automobile,Footwear & Shoes,4,4294.0,,
1003850,P00113242,F,18-25,21,1,AndhraÂ Pradesh,Southern,Chemical,Food,3,4293.0,,
1005394,P00048342,F,18-25,25,0,Karnataka,Southern,Textile,Food,2,4293.0,,
1001499,P00100442,F,0-17,15,0,Maharashtra,Western,Aviation,Food,1,4293.0,,
1002820,P00177842,M,36-45,41,1,Himachal Pradesh,Northern,IT Sector,Food,1,4290.0,,
1005046,P00302042,F,26-35,34,0,Maharashtra,Western,Aviation,Food,2,4286.0,,
1001124,P00218242,F,26-35,27,0,Uttar Pradesh,Central,IT Sector,Food,2,4284.0,,
1003842,P00000142,M,36-45,41,0,Karnataka,Southern,IT Sector,Food,3,4282.0,,
1000780,P00208742,F,26-35,29,0,Uttar Pradesh,Central,Healthcare,Food,2,4278.0,,
1004262,P00030942,M,36-45,40,0,Uttar Pradesh,Central,Healthcare,Food,1,4277.0,,
1004917,P00176942,F,46-50,47,0,Gujarat,Western,Aviation,Food,4,4276.0,,
1001357,P00118742,M,46-50,46,1,Karnataka,Southern,Banking,Footwear & Shoes,3,4276.0,,
1000351,P00034042,F,18-25,20,1,Uttar Pradesh,Central,Aviation,Food,3,4276.0,,
1005602,P00296042,F,36-45,39,0,Madhya Pradesh,Central,Construction,Food,1,4273.0,,
1004796,P00276642,F,36-45,43,1,Uttar Pradesh,Central,Govt,Food,4,4272.0,,
1005634,P00183242,F,26-35,34,0,Maharashtra,Western,Aviation,Food,1,4269.0,,
1002164,P00118442,F,36-45,37,1,Delhi,Central,Banking,Food,2,4268.0,,
1005345,P00216342,M,26-35,28,0,Delhi,Central,Banking,Electronics & Gadgets,2,4265.0,,
1005788,P00319142,F,26-35,32,0,Uttar Pradesh,Central,Healthcare,Electronics & Gadgets,4,4263.0,,
1001185,P00135142,M,36-45,37,1,AndhraÂ Pradesh,Southern,Automobile,Electronics & Gadgets,4,4262.0,,
1005643,P00183242,M,36-45,39,0,Uttar Pradesh,Central,IT Sector,Electronics & Gadgets,1,4262.0,,
1004251,P00295842,F,46-50,47,0,Himachal Pradesh,Northern,Media,Electronics & Gadgets,4,4261.0,,
1000752,P00041842,M,26-35,27,0,Karnataka,Southern,Healthcare,Food,1,4259.0,,
1000857,P00085642,F,36-45,45,1,Bihar,Eastern,Healthcare,Electronics & Gadgets,3,4251.0,,
1001338,P00160942,F,26-35,27,0,Uttar Pradesh,Central,Lawyer,Electronics & Gadgets,1,4251.0,,
1000293,P00110542,F,55+,73,0,Jharkhand,Eastern,Food Processing,Electronics & Gadgets,3,4250.0,,
1000608,P00288542,F,18-25,21,1,Maharashtra,Western,Hospitality,Hand & Power Tools,4,4250.0,,
1003012,P00064242,F,26-35,27,1,AndhraÂ Pradesh,Southern,Hospitality,Electronics & Gadgets,1,4248.0,,
1002458,P00057642,F,26-35,29,0,Jharkhand,Eastern,Hospitality,Electronics & Gadgets,1,4247.0,,
1001137,P00109842,F,18-25,21,1,Maharashtra,Western,Healthcare,Food,2,4245.0,,
1001202,P00232342,F,36-45,42,0,Uttar Pradesh,Central,Banking,Food,3,4242.0,,
1000498,P00278642,F,36-45,37,0,Uttar Pradesh,Central,Chemical,Electronics & Gadgets,1,4240.0,,
1005323,P00317842,F,26-35,26,1,Himachal Pradesh,Northern,Hospitality,Electronics & Gadgets,3,4236.0,,
1004703,P00224142,F,26-35,32,0,AndhraÂ Pradesh,Southern,Banking,Electronics & Gadgets,4,4235.0,,
1005457,P00190742,F,18-25,18,0,Telangana,Southern,Healthcare,Food,2,4235.0,,
1003471,P00145942,F,18-25,22,1,Madhya Pradesh,Central,Aviation,Footwear & Shoes,3,4234.0,,
1001939,P00273042,M,36-45,42,0,Maharashtra,Western,Healthcare,Food,1,4234.0,,
1001758,P00115642,M,26-35,26,0,Delhi,Central,Healthcare,Food,3,4233.0,,
1001727,P00112942,F,36-45,45,1,Gujarat,Western,Aviation,Electronics & Gadgets,4,4233.0,,
1002666,P00199442,F,46-50,46,1,Kerala,Southern,Lawyer,Electronics & Gadgets,2,4233.0,,
1005445,P00318142,F,26-35,28,1,Delhi,Central,Healthcare,Electronics & Gadgets,3,4232.0,,
1005938,P00188042,F,26-35,31,1,Maharashtra,Western,IT Sector,Stationery,2,4230.0,,
1005090,P00080042,M,36-45,40,0,Karnataka,Southern,Automobile,Food,3,4229.0,,
1004962,P00177542,F,26-35,34,0,Haryana,Northern,IT Sector,Food,2,4228.0,,
1000553,P00224442,F,26-35,31,0,Madhya Pradesh,Central,Retail,Food,2,4228.0,,
1005474,P00111142,F,26-35,30,0,Punjab,Northern,Textile,Electronics & Gadgets,3,4228.0,,
1001010,P00215642,F,26-35,30,1,Jharkhand,Eastern,Aviation,Electronics & Gadgets,1,4227.0,,
1001182,P00100442,F,0-17,16,1,Kerala,Southern,IT Sector,Food,3,4227.0,,
1005874,P00120042,F,26-35,32,1,Rajasthan,Northern,Govt,Electronics & Gadgets,1,4227.0,,
1003043,P00351042,F,18-25,25,1,Gujarat,Western,Banking,Electronics & Gadgets,3,4224.0,,
1003431,P00201342,M,46-50,50,1,AndhraÂ Pradesh,Southern,Govt,Food,3,4220.0,,
1002042,P00002442,F,0-17,15,0,Uttar Pradesh,Central,Healthcare,Food,1,4217.0,,
1002031,P00150942,F,36-45,45,1,Himachal Pradesh,Northern,IT Sector,Electronics & Gadgets,4,4214.0,,
1005059,P00169742,M,46-50,50,1,Jharkhand,Eastern,Construction,Electronics & Gadgets,1,4214.0,,
1005059,P00169742,M,46-50,50,1,Madhya Pradesh,Central,Construction,Electronics & Gadgets,3,4214.0,,
1000970,P00021742,F,26-35,33,1,Uttar Pradesh,Central,Aviation,Food,2,4213.0,,
1002208,P00294542,F,26-35,32,1,Maharashtra,Western,IT Sector,Electronics & Gadgets,3,4211.0,,
1003751,P00295442,M,36-45,36,0,Karnataka,Southern,Aviation,Electronics & Gadgets,3,4210.0,,
1004715,P00112442,F,26-35,35,1,Uttar Pradesh,Central,Govt,Electronics & Gadgets,2,4209.0,,
1003662,P00311442,F,36-45,44,0,Punjab,Northern,IT Sector,Electronics & Gadgets,2,4208.0,,
1004281,P00218242,F,55+,58,0,Rajasthan,Northern,Agriculture,Food,4,4208.0,,
1004760,P00341342,M,36-45,41,1,Delhi,Central,Govt,Stationery,3,4204.0,,
1004833,P00117942,F,36-45,38,1,Haryana,Northern,Banking,Electronics & Gadgets,2,4204.0,,
1005459,P00276742,M,0-17,12,0,Punjab,Northern,IT Sector,Food,1,4204.0,,
1005382,P00154642,F,18-25,22,0,Maharashtra,Western,Healthcare,Food,2,4203.0,,
1003196,P00249142,M,18-25,19,1,Madhya Pradesh,Central,Healthcare,Food,4,4202.0,,
1005371,P00303742,F,26-35,35,0,Himachal Pradesh,Northern,Textile,Electronics & Gadgets,4,4201.0,,
1005371,P00303742,F,26-35,35,0,Telangana,Southern,Textile,Electronics & Gadgets,1,4201.0,,
1003695,P00278242,F,26-35,29,0,Uttar Pradesh,Central,Automobile,Food,3,4201.0,,
1002038,P00200242,M,46-50,47,0,Jharkhand,Eastern,Retail,Food,4,4199.0,,
1002038,P00200242,M,46-50,47,0,Telangana,Southern,Retail,Food,1,4199.0,,
1005172,P00265742,M,36-45,45,1,Karnataka,Southern,Textile,Electronics & Gadgets,1,4194.0,,
1004673,P00224442,F,36-45,37,0,Delhi,Central,Healthcare,Stationery,3,4192.0,,
1001671,P00310742,F,36-45,43,0,Delhi,Central,Construction,Footwear & Shoes,4,4192.0,,
1004595,P00084842,F,26-35,28,0,Karnataka,Southern,Hospitality,Footwear & Shoes,2,4192.0,,
1001017,P00041342,F,36-45,39,1,Maharashtra,Western,Chemical,Electronics & Gadgets,4,4192.0,,
1003660,P00209642,F,36-45,36,0,Delhi,Central,Food Processing,Footwear & Shoes,4,4191.0,,
1004418,P00153742,M,51-55,55,1,Delhi,Central,IT Sector,Electronics & Gadgets,4,4191.0,,
1002994,P00199042,F,36-45,41,0,Rajasthan,Northern,Media,Electronics & Gadgets,3,4191.0,,
1000996,P00193542,F,26-35,29,0,Punjab,Northern,Healthcare,Electronics & Gadgets,4,4190.0,,
1004224,P0095842,M,46-50,50,1,Uttar Pradesh,Central,Hospitality,Electronics & Gadgets,1,4190.0,,
1005105,P00252742,F,51-55,51,0,Maharashtra,Western,Healthcare,Food,1,4189.0,,
1003292,P00051442,M,51-55,51,1,Madhya Pradesh,Central,Banking,Electronics & Gadgets,2,4188.0,,
1002105,P00178642,F,26-35,27,0,Punjab,Northern,Aviation,Electronics & Gadgets,2,4188.0,,
1001482,P00284042,F,26-35,26,0,AndhraÂ Pradesh,Southern,Lawyer,Electronics & Gadgets,4,4187.0,,
1004344,P00266442,F,26-35,34,1,Delhi,Central,IT Sector,Food,1,4186.0,,
1004277,P00035842,F,36-45,42,0,Jharkhand,Eastern,Govt,Electronics & Gadgets,2,4186.0,,
1002572,P00114942,F,36-45,39,1,AndhraÂ Pradesh,Southern,Banking,Electronics & Gadgets,3,4184.0,,
1002572,P00114942,F,36-45,39,1,Madhya Pradesh,Central,Banking,Electronics & Gadgets,3,4184.0,,
1001908,P00270042,F,55+,56,1,Delhi,Central,Construction,Food,2,4179.0,,
1005605,P00117442,M,18-25,22,1,Haryana,Northern,IT Sector,Electronics & Gadgets,1,4178.0,,
1003927,P00157642,M,26-35,31,1,Karnataka,Southern,Govt,Electronics & Gadgets,2,4178.0,,
1005553,P00181842,F,36-45,43,0,Kerala,Southern,Automobile,Electronics & Gadgets,1,4178.0,,
1001421,P00278942,F,0-17,12,0,Maharashtra,Western,Healthcare,Furniture,1,4178.0,,
1000053,P00363242,M,26-35,29,0,Uttar Pradesh,Central,Chemical,Footwear & Shoes,2,4178.0,,
1001357,P00244342,F,46-50,46,0,AndhraÂ Pradesh,Southern,Media,Food,2,4177.0,,
1005973,P00114942,F,0-17,16,0,Kerala,Southern,Healthcare,Furniture,3,4177.0,,
1002955,P00251442,F,36-45,44,0,Uttar Pradesh,Central,Hospitality,Electronics & Gadgets,2,4175.0,,
1005063,P00241642,M,0-17,16,0,Delhi,Central,Food Processing,Electronics & Gadgets,2,4174.0,,
1005170,P00110942,F,18-25,22,1,Madhya Pradesh,Central,Hospitality,Electronics & Gadgets,4,4174.0,,
1003007,P00179342,F,36-45,42,1,Karnataka,Southern,Lawyer,Food,4,4172.0,,
1002361,P00218642,F,55+,87,1,Maharashtra,Western,IT Sector,Food,2,4171.0,,
1005502,P00344842,F,26-35,30,1,Uttar Pradesh,Central,Healthcare,Electronics & Gadgets,2,4171.0,,
1003539,P00212142,M,26-35,27,1,Karnataka,Southern,Construction,Electronics & Gadgets,3,4169.0,,
1003498,P00149342,F,26-35,32,0,Rajasthan,Northern,Aviation,Food,3,4169.0,,
1004867,P00107642,F,26-35,32,0,AndhraÂ Pradesh,Southern,Retail,Electronics & Gadgets,2,4166.0,,
1005759,P00221342,M,26-35,27,0,Haryana,Northern,IT Sector,Electronics & Gadgets,1,4164.0,,
1005759,P00221342,M,26-35,27,0,Telangana,Southern,IT Sector,Electronics & Gadgets,4,4164.0,,
1005271,P00289942,M,26-35,31,1,Karnataka,Southern,Media,Food,3,4161.0,,
1000678,P00265242,F,26-35,28,0,Bihar,Eastern,Construction,Food,1,4160.0,,
1000473,P00085842,M,18-25,19,0,Uttarakhand,Central,Banking,Electronics & Gadgets,2,4159.0,,
1005733,P00093342,F,26-35,27,0,Uttar Pradesh,Central,Construction,Food,1,4157.0,,
1003592,P00360142,M,55+,75,0,Uttar Pradesh,Central,Banking,Electronics & Gadgets,3,4156.0,,
1001528,P00113042,F,26-35,30,1,AndhraÂ Pradesh,Southern,Banking,Electronics & Gadgets,1,4154.0,,
1001474,P00345842,F,26-35,32,0,Haryana,Northern,Healthcare,Food,4,4154.0,,
1001755,P00151742,M,18-25,22,0,Maharashtra,Western,Govt,Electronics & Gadgets,2,4154.0,,
1003934,P00161442,F,26-35,28,0,Maharashtra,Western,Healthcare,Food,1,4153.0,,
1000710,P00309342,F,26-35,28,0,Madhya Pradesh,Central,Chemical,Food,1,4150.0,,
1004408,P00117142,M,46-50,48,0,Uttar Pradesh,Central,Hospitality,Electronics & Gadgets,1,4150.0,,
1000931,P00089042,M,55+,61,1,Maharashtra,Western,Construction,Electronics & Gadgets,1,4149.0,,
1001434,P00138842,M,0-17,13,0,Uttar Pradesh,Central,IT Sector,Electronics & Gadgets,4,4147.0,,
1001465,P00123142,F,51-55,54,0,Himachal Pradesh,Northern,Healthcare,Electronics & Gadgets,3,4144.0,,
1004090,P00233442,M,55+,63,1,Uttar Pradesh,Central,Lawyer,Footwear & Shoes,3,4144.0,,
1002384,P00004742,F,36-45,43,1,Karnataka,Southern,Automobile,Footwear & Shoes,2,4143.0,,
1005517,P00085542,M,55+,75,1,Uttar Pradesh,Central,IT Sector,Footwear & Shoes,3,4143.0,,
1004526,P00346142,F,26-35,26,0,Haryana,Northern,IT Sector,Electronics & Gadgets,2,4142.0,,
1000928,P00134342,M,55+,92,0,Uttar Pradesh,Central,Healthcare,Food,4,4139.0,,
1001680,P00214542,M,26-35,26,0,Himachal Pradesh,Northern,Hospitality,Electronics & Gadgets,1,4138.0,,
1001264,P00242742,F,26-35,28,1,Himachal Pradesh,Northern,Textile,Electronics & Gadgets,3,4135.0,,
1001322,P00227542,F,55+,83,1,Gujarat,Western,IT Sector,Electronics & Gadgets,3,4133.0,,
1001322,P00227542,F,55+,83,1,Rajasthan,Northern,IT Sector,Electronics & Gadgets,3,4133.0,,
1004808,P00205942,F,36-45,39,0,Punjab,Northern,IT Sector,Electronics & Gadgets,2,4128.0,,
1003367,P00062842,F,51-55,53,0,Uttar Pradesh,Central,Aviation,Food,3,4128.0,,
1005517,P00107642,M,55+,65,0,Haryana,Northern,Aviation,Footwear & Shoes,1,4127.0,,
1002895,P00111942,F,26-35,27,0,Maharashtra,Western,Aviation,Electronics & Gadgets,3,4127.0,,
1000952,P00102442,M,55+,78,1,Kerala,Southern,Hospitality,Footwear & Shoes,4,4125.0,,
1005567,P00308342,F,51-55,51,0,Uttar Pradesh,Central,Aviation,Electronics & Gadgets,1,4124.0,,
1001325,P00185342,F,26-35,27,1,Gujarat,Western,Hospitality,Electronics & Gadgets,3,4123.0,,
1001639,P00348742,F,26-35,32,0,Maharashtra,Western,Banking,Electronics & Gadgets,4,4123.0,,
1001010,P00025342,F,26-35,34,0,Uttar Pradesh,Central,Hospitality,Electronics & Gadgets,4,4122.0,,
1000438,P00112542,F,18-25,20,0,Maharashtra,Western,IT Sector,Food,3,4119.0,,
1001325,P00086242,F,26-35,26,1,Delhi,Central,Hospitality,Footwear & Shoes,4,4118.0,,
1001383,P00101842,M,26-35,33,0,Kerala,Southern,IT Sector,Electronics & Gadgets,3,4118.0,,
1005758,P00077942,M,51-55,55,1,Jharkhand,Eastern,Banking,Electronics & Gadgets,1,4115.0,,
1005665,P00156442,F,18-25,24,0,Uttarakhand,Central,Aviation,Electronics & Gadgets,2,4113.0,,
1000850,P00178442,F,36-45,44,1,Madhya Pradesh,Central,Aviation,Electronics & Gadgets,3,4112.0,,
1000242,P00362342,M,18-25,23,0,Rajasthan,Northern,Construction,Electronics & Gadgets,2,4111.0,,
1005950,P00052842,F,26-35,32,1,Kerala,Southern,Hospitality,Electronics & Gadgets,1,4110.0,,
1004026,P00174442,F,26-35,28,0,Bihar,Eastern,Banking,Electronics & Gadgets,3,4109.0,,
1003507,P00288042,F,26-35,29,0,Uttar Pradesh,Central,Healthcare,Electronics & Gadgets,4,4108.0,,
1004356,P00119242,F,36-45,42,0,Jharkhand,Eastern,Automobile,Electronics & Gadgets,2,4107.0,,
1002740,P00198742,F,46-50,46,1,Himachal Pradesh,Northern,Agriculture,Electronics & Gadgets,2,4105.0,,
1002857,P00160342,F,26-35,30,0,Karnataka,Southern,Aviation,Food,3,4105.0,,
1005616,P00114442,F,46-50,47,0,Madhya Pradesh,Central,Banking,Electronics & Gadgets,2,4105.0,,
1004732,P00274242,F,26-35,30,0,AndhraÂ Pradesh,Southern,Healthcare,Electronics & Gadgets,1,4103.0,,
1005996,P00156242,M,26-35,27,0,Uttar Pradesh,Central,Chemical,Electronics & Gadgets,2,4103.0,,
1003082,P00165742,M,36-45,44,0,Kerala,Southern,Healthcare,Food,1,4102.0,,
1005838,P00034742,M,46-50,46,0,Gujarat,Western,Aviation,Furniture,4,4101.0,,
1000549,P00324642,F,26-35,30,0,Karnataka,Southern,IT Sector,Food,3,4092.0,,
1000889,P00196342,F,46-50,48,0,Bihar,Eastern,Hospitality,Electronics & Gadgets,1,4089.0,,
1003456,P00111142,F,26-35,28,0,Kerala,Southern,Aviation,Electronics & Gadgets,3,4088.0,,
1003691,P00019342,F,26-35,27,0,Jharkhand,Eastern,Chemical,Electronics & Gadgets,3,4086.0,,
1003313,P0095542,F,36-45,44,0,Madhya Pradesh,Central,Govt,Food,1,4086.0,,
1005484,P00112142,F,46-50,47,0,Rajasthan,Northern,IT Sector,Electronics & Gadgets,1,4086.0,,
1005222,P00178242,F,26-35,30,1,Himachal Pradesh,Northern,IT Sector,Electronics & Gadgets,4,4085.0,,
1002071,P00142942,F,46-50,50,1,Karnataka,Southern,Aviation,Footwear & Shoes,3,4085.0,,
1005222,P00178242,F,26-35,30,1,Uttar Pradesh,Central,IT Sector,Electronics & Gadgets,4,4085.0,,
1000390,P00124842,F,26-35,29,0,AndhraÂ Pradesh,Southern,Media,Electronics & Gadgets,3,4084.0,,
1003307,P00125342,F,51-55,55,0,Jharkhand,Eastern,Food Processing,Electronics & Gadgets,4,4084.0,,
1005046,P00346142,F,26-35,27,0,Delhi,Central,Automobile,Food,1,4083.0,,
1003560,P00101542,M,26-35,32,0,Karnataka,Southern,Hospitality,Electronics & Gadgets,3,4082.0,,
1004265,P00119742,F,26-35,34,0,Haryana,Northern,Hospitality,Electronics & Gadgets,3,4081.0,,
1005426,P00282642,F,26-35,32,0,Karnataka,Southern,Automobile,Electronics & Gadgets,2,4081.0,,
1005679,P00241242,F,36-45,38,1,Maharashtra,Western,Healthcare,Food,3,4079.0,,
1000911,P00101342,M,51-55,55,1,Karnataka,Southern,Media,Footwear & Shoes,1,4078.0,,
1000271,P00285742,F,18-25,25,1,Madhya Pradesh,Central,Automobile,Food,4,4076.0,,
1003806,P00245442,F,18-25,21,0,AndhraÂ Pradesh,Southern,Aviation,Electronics & Gadgets,1,4075.0,,
1002018,P00033542,F,36-45,45,0,Maharashtra,Western,Textile,Food,1,4074.0,,
1001262,P00154642,F,26-35,30,1,Uttar Pradesh,Central,Aviation,Food,3,4074.0,,
1003619,P00246942,F,51-55,51,0,Karnataka,Southern,Aviation,Footwear & Shoes,4,4063.0,,
1000161,P00249642,F,46-50,46,0,Gujarat,Western,Aviation,Electronics & Gadgets,2,4061.0,,
1000707,P00223242,F,36-45,40,1,Karnataka,Southern,IT Sector,Food,2,4061.0,,
1003018,P00346042,F,36-45,45,0,Karnataka,Southern,Chemical,Footwear & Shoes,1,4061.0,,
1001494,P00292742,F,26-35,32,0,Madhya Pradesh,Central,Aviation,Electronics & Gadgets,2,4061.0,,
1005262,P00265242,M,26-35,33,1,Maharashtra,Western,Banking,Electronics & Gadgets,4,4060.0,,
1005035,P00106042,M,26-35,35,0,Karnataka,Southern,IT Sector,Electronics & Gadgets,2,4059.0,,
1002262,P00199442,F,46-50,49,1,AndhraÂ Pradesh,Southern,Healthcare,Food,4,4058.0,,
1000280,P00202742,F,51-55,53,1,Punjab,Northern,Lawyer,Electronics & Gadgets,1,4056.0,,
1002748,P00004142,F,26-35,31,0,Uttar Pradesh,Central,IT Sector,Footwear & Shoes,1,4056.0,,
1002416,P00058042,F,46-50,47,0,Uttar Pradesh,Central,Construction,Electronics & Gadgets,1,4056.0,,
1003403,P00022142,F,36-45,42,0,Uttar Pradesh,Central,Healthcare,Footwear & Shoes,2,4054.0,,
1005848,P00183342,F,51-55,51,1,AndhraÂ Pradesh,Southern,Banking,Electronics & Gadgets,3,4050.0,,
1001980,P00329642,M,36-45,40,0,Himachal Pradesh,Northern,Aviation,Electronics & Gadgets,3,4050.0,,
1000531,P00067842,M,18-25,19,0,Madhya Pradesh,Central,Automobile,Electronics & Gadgets,3,4050.0,,
1001980,P00329642,M,36-45,40,0,Madhya Pradesh,Central,Aviation,Electronics & Gadgets,1,4050.0,,
1005848,P00183342,F,51-55,51,1,Rajasthan,Northern,Banking,Electronics & Gadgets,2,4050.0,,
1002475,P00245642,M,26-35,32,0,Jharkhand,Eastern,Healthcare,Food,2,4049.0,,
1004611,P00016342,M,18-25,25,1,Uttar Pradesh,Central,Healthcare,Food,2,4049.0,,
1000625,P00057742,M,36-45,36,1,Uttar Pradesh,Central,Banking,Electronics & Gadgets,1,4049.0,,
1004260,P00223642,F,26-35,28,1,Delhi,Central,Chemical,Electronics & Gadgets,2,4048.0,,
1004878,P00182442,F,51-55,52,0,Himachal Pradesh,Northern,Healthcare,Electronics & Gadgets,4,4046.0,,
1004403,P0097242,F,26-35,30,1,Maharashtra,Western,Retail,Food,1,4046.0,,
1005805,P00025942,M,26-35,27,0,Karnataka,Southern,Healthcare,Electronics & Gadgets,2,4044.0,,
1005680,P00321742,F,51-55,55,0,Kerala,Southern,Food Processing,Electronics & Gadgets,2,4044.0,,
1005367,P00207442,F,18-25,25,1,Uttar Pradesh,Central,Agriculture,Electronics & Gadgets,2,4044.0,,
1004531,P00354342,F,18-25,22,1,AndhraÂ Pradesh,Southern,Chemical,Food,2,4042.0,,
1005390,P00313542,F,0-17,12,0,Gujarat,Western,Banking,Electronics & Gadgets,2,4041.0,,
1002549,P00037142,F,55+,76,1,Uttar Pradesh,Central,Banking,Electronics & Gadgets,4,4039.0,,
1003445,P00334042,M,36-45,36,0,Karnataka,Southern,Chemical,Electronics & Gadgets,3,4036.0,,
1003636,P00110842,F,26-35,28,0,AndhraÂ Pradesh,Southern,Healthcare,Electronics & Gadgets,1,4035.0,,
1001284,P00067842,F,46-50,47,0,Delhi,Central,IT Sector,Food,4,4034.0,,
1004390,P00046742,F,26-35,27,0,Rajasthan,Northern,Food Processing,Electronics & Gadgets,3,4033.0,,
1005616,P00100642,F,46-50,46,0,Uttar Pradesh,Central,Aviation,Food,3,4033.0,,
1005605,P00030842,M,18-25,21,1,AndhraÂ Pradesh,Southern,Govt,Electronics & Gadgets,1,4030.0,,
1000947,P00287942,F,18-25,20,0,Jharkhand,Eastern,Healthcare,Electronics & Gadgets,2,4028.0,,
1000947,P00287942,F,18-25,20,0,Telangana,Southern,Healthcare,Electronics & Gadgets,1,4028.0,,
1001038,P00266542,M,55+,83,0,Madhya Pradesh,Central,Healthcare,Electronics & Gadgets,3,4023.0,,
1000550,P00071442,F,46-50,47,1,Uttar Pradesh,Central,Healthcare,Electronics & Gadgets,3,4022.0,,
1000048,P00010242,F,26-35,32,1,Punjab,Northern,Hospitality,Electronics & Gadgets,4,4016.0,,
1005403,P00195742,M,0-17,12,1,Haryana,Northern,Healthcare,Food,1,4014.0,,
1001182,P00139942,F,0-17,13,1,Kerala,Southern,Agriculture,Electronics & Gadgets,3,4013.0,,
1003231,P00321042,F,26-35,26,0,Haryana,Northern,IT Sector,Electronics & Gadgets,2,4012.0,,
1001988,P00089142,M,26-35,26,0,Maharashtra,Western,Aviation,Electronics & Gadgets,2,4008.0,,
1005324,P00307342,F,26-35,33,1,Bihar,Eastern,Lawyer,Food,2,4007.0,,
1001837,P00182642,F,26-35,33,0,Delhi,Central,IT Sector,Electronics & Gadgets,4,4005.0,,
1005127,P00105142,F,46-50,49,0,AndhraÂ Pradesh,Southern,Aviation,Electronics & Gadgets,2,4003.0,,
1005127,P00105142,F,46-50,49,0,Madhya Pradesh,Central,Aviation,Electronics & Gadgets,4,4003.0,,
1004021,P00090942,F,51-55,55,1,Madhya Pradesh,Central,Automobile,Electronics & Gadgets,3,4000.0,,
1005001,P00109042,M,26-35,29,1,AndhraÂ Pradesh,Southern,IT Sector,Electronics & Gadgets,2,3997.0,,
1004819,P00184342,F,36-45,37,0,Uttarakhand,Central,Aviation,Electronics & Gadgets,4,3996.0,,
1000633,P00022742,F,26-35,30,0,Telangana,Southern,Retail,Food,4,3994.0,,
1005493,P00052242,M,36-45,45,0,Uttarakhand,Central,Banking,Furniture,4,3992.0,,
1003814,P00339842,F,26-35,33,1,Madhya Pradesh,Central,Banking,Food,4,3991.0,,
1002276,P00002242,F,55+,75,0,Bihar,Eastern,Healthcare,Electronics & Gadgets,2,3988.0,,
1000604,P00250842,F,46-50,49,0,Haryana,Northern,IT Sector,Electronics & Gadgets,3,3987.0,,
1000180,P00109742,F,46-50,48,0,Maharashtra,Western,Healthcare,Electronics & Gadgets,1,3987.0,,
1004257,P0099242,F,51-55,54,1,Maharashtra,Western,Banking,Food,2,3987.0,,
1004934,P00083842,M,26-35,33,1,Maharashtra,Western,Banking,Electronics & Gadgets,3,3985.0,,
1003610,P00084642,F,18-25,21,0,Gujarat,Western,Chemical,Food,4,3984.0,,
1002777,P00182142,F,18-25,25,1,AndhraÂ Pradesh,Southern,Automobile,Electronics & Gadgets,3,3982.0,,
1003612,P00070342,F,26-35,28,0,Rajasthan,Northern,Aviation,Electronics & Gadgets,3,3980.0,,
1001070,P00113242,M,46-50,50,1,Bihar,Eastern,Healthcare,Electronics & Gadgets,1,3977.0,,
1000001,P00059442,F,0-17,13,1,Maharashtra,Western,Aviation,Electronics & Gadgets,1,3977.0,,
1000845,P00173342,M,18-25,22,0,Delhi,Central,Lawyer,Electronics & Gadgets,4,3975.0,,
1004194,P00197542,F,18-25,21,1,Maharashtra,Western,Aviation,Food,4,3975.0,,
1000356,P00181842,F,55+,91,0,Delhi,Central,Chemical,Food,1,3971.0,,
1004706,P00325742,F,26-35,28,1,Maharashtra,Western,Aviation,Electronics & Gadgets,2,3970.0,,
1004906,P00176942,F,51-55,55,1,Bihar,Eastern,IT Sector,Food,4,3969.0,,
1004406,P00127442,F,26-35,29,0,Gujarat,Western,Chemical,Electronics & Gadgets,3,3969.0,,
1004406,P00127442,F,26-35,29,0,Jharkhand,Eastern,Chemical,Electronics & Gadgets,2,3969.0,,
1002909,P00047442,F,26-35,27,0,Himachal Pradesh,Northern,Textile,Electronics & Gadgets,2,3967.0,,
1000131,P00303742,F,18-25,21,0,Punjab,Northern,Healthcare,Electronics & Gadgets,1,3967.0,,
1001203,P00238342,M,26-35,28,1,Delhi,Central,Hospitality,Electronics & Gadgets,3,3966.0,,
1000676,P00112442,F,18-25,20,0,Karnataka,Southern,Healthcare,Food,1,3965.0,,
1003462,P00144242,M,26-35,28,1,Madhya Pradesh,Central,Textile,Electronics & Gadgets,1,3965.0,,
1001697,P00035342,M,18-25,22,0,Delhi,Central,Food Processing,Electronics & Gadgets,3,3964.0,,
1000550,P00222642,F,46-50,50,0,Gujarat,Western,IT Sector,Food,3,3963.0,,
1001475,P00054242,M,26-35,28,1,Karnataka,Southern,Healthcare,Food,2,3961.0,,
1003090,P00124442,F,26-35,30,0,Haryana,Northern,IT Sector,Electronics & Gadgets,4,3960.0,,
1003945,P00196042,M,46-50,46,1,Madhya Pradesh,Central,Hospitality,Food,3,3960.0,,
1001545,P00127742,F,26-35,29,0,Madhya Pradesh,Central,Textile,Electronics & Gadgets,1,3956.0,,
1004009,P00104542,F,18-25,18,0,Maharashtra,Western,Govt,Food,4,3956.0,,
1002796,P00183942,F,26-35,26,0,Maharashtra,Western,Aviation,Food,1,3948.0,,
1000216,P00085642,F,46-50,50,0,Rajasthan,Northern,Healthcare,Electronics & Gadgets,1,3947.0,,
1005794,P00302542,F,36-45,38,0,Uttarakhand,Central,Hospitality,Electronics & Gadgets,1,3947.0,,
1003129,P00022442,F,26-35,35,1,Bihar,Eastern,Retail,Electronics & Gadgets,3,3942.0,,
1005271,P0097242,M,26-35,30,1,Madhya Pradesh,Central,Automobile,Food,4,3942.0,,
1003129,P00022442,F,26-35,35,1,Telangana,Southern,Retail,Electronics & Gadgets,2,3942.0,,
1003430,P00255842,M,46-50,48,0,Uttar Pradesh,Central,Healthcare,Food,1,3935.0,,
1003292,P00010842,M,51-55,51,0,Uttarakhand,Central,Govt,Food,4,3934.0,,
1003007,P00035942,F,36-45,45,0,AndhraÂ Pradesh,Southern,Hospitality,Electronics & Gadgets,3,3933.0,,
1005249,P00118442,M,46-50,50,0,Karnataka,Southern,Construction,Food,3,3933.0,,
1001040,P00080342,F,26-35,27,1,Madhya Pradesh,Central,Media,Food,4,3932.0,,
1005250,P00002542,F,51-55,51,1,AndhraÂ Pradesh,Southern,Healthcare,Food,2,3928.0,,
1005667,P00271442,F,36-45,41,1,Uttar Pradesh,Central,IT Sector,Decor,4,3928.0,,
1004933,P00028042,F,26-35,32,0,Gujarat,Western,Hospitality,Electronics & Gadgets,2,3927.0,,
1004425,P00260042,F,36-45,39,0,Uttar Pradesh,Central,Healthcare,Electronics & Gadgets,1,3927.0,,
1004083,P00135342,F,55+,86,0,Maharashtra,Western,Govt,Electronics & Gadgets,3,3925.0,,
1003170,P00114142,F,26-35,27,1,Bihar,Eastern,IT Sector,Electronics & Gadgets,3,3924.0,,
1002327,P00129342,F,18-25,18,1,Karnataka,Southern,IT Sector,Food,1,3923.0,,
1003134,P00294242,F,18-25,20,0,Maharashtra,Western,Chemical,Food,3,3920.0,,
1002241,P00336542,F,46-50,50,0,Uttar Pradesh,Central,Retail,Electronics & Gadgets,2,3918.0,,
1002241,P00336542,F,46-50,50,0,Uttar Pradesh,Central,Retail,Decor,4,3918.0,,
1004054,P00189942,F,36-45,42,0,Maharashtra,Western,IT Sector,Decor,3,3911.0,,
1005234,P00271142,M,26-35,33,1,Haryana,Northern,Media,Electronics & Gadgets,1,3910.0,,
1000899,P00183342,M,26-35,26,1,Uttar Pradesh,Central,IT Sector,Electronics & Gadgets,1,3910.0,,
1002575,P00110542,F,36-45,43,0,AndhraÂ Pradesh,Southern,IT Sector,Electronics & Gadgets,1,3908.0,,
1004130,P00128042,F,36-45,39,0,Delhi,Central,Aviation,Food,1,3905.0,,
1001410,P00087242,F,51-55,54,0,Gujarat,Western,Agriculture,Food,3,3903.0,,
1000843,P00161442,F,26-35,30,1,Maharashtra,Western,Healthcare,Household items,1,3900.0,,
1004976,P00322142,F,26-35,30,1,Maharashtra,Western,Healthcare,Household items,4,3900.0,,
1000187,P00144642,M,46-50,48,1,Maharashtra,Western,Healthcare,Food,2,3898.0,,
1001303,P00170542,F,26-35,29,0,Punjab,Northern,Chemical,Electronics & Gadgets,1,3897.0,,
1003243,P00053042,F,26-35,31,1,Maharashtra,Western,Automobile,Household items,1,3896.0,,
1004343,P00155042,F,26-35,26,0,Uttar Pradesh,Central,Govt,Household items,2,3895.0,,
1001265,P00015542,M,18-25,23,0,Karnataka,Southern,IT Sector,Household items,4,3894.0,,
1001051,P00031942,M,26-35,33,0,Rajasthan,Northern,IT Sector,Household items,4,3894.0,,
1001749,P00271942,F,26-35,28,1,Karnataka,Southern,Govt,Household items,2,3893.0,,
1003917,P00015642,M,36-45,39,0,Karnataka,Southern,Healthcare,Household items,4,3892.0,,
1003515,P00117142,F,36-45,39,0,Karnataka,Southern,IT Sector,Food,2,3892.0,,
1004203,P00215642,F,26-35,26,1,Karnataka,Southern,IT Sector,Household items,4,3891.0,,
1006039,P00210942,M,46-50,50,0,Karnataka,Southern,Hospitality,Household items,3,3890.0,,
1005094,P00182142,F,18-25,20,0,Maharashtra,Western,Food Processing,Household items,1,3890.0,,
1003327,P0096842,F,18-25,20,0,Maharashtra,Western,Retail,Household items,2,3890.0,,
1004167,P00221842,F,26-35,27,1,Uttar Pradesh,Central,Banking,Food,1,3890.0,,
1002205,P00114742,M,26-35,29,1,Uttarakhand,Central,Chemical,Food,2,3890.0,,
1003576,P00193542,F,51-55,53,0,Jharkhand,Eastern,Agriculture,Electronics & Gadgets,2,3889.0,,
1000575,P00157642,F,26-35,28,0,Maharashtra,Western,IT Sector,Food,4,3889.0,,
1001613,P00119242,F,18-25,20,1,Uttarakhand,Central,Govt,Household items,4,3888.0,,
1005448,P00001742,F,46-50,48,0,AndhraÂ Pradesh,Southern,Chemical,Electronics & Gadgets,2,3887.0,,
1004482,P00005742,M,36-45,45,0,Delhi,Central,Food Processing,Household items,4,3887.0,,
1004166,P00113142,M,26-35,28,1,Himachal Pradesh,Northern,Construction,Household items,2,3887.0,,
1003778,P00046842,F,26-35,28,1,Karnataka,Southern,Retail,Household items,2,3887.0,,
1002688,P00152742,F,26-35,29,0,Maharashtra,Western,IT Sector,Household items,2,3887.0,,
1001333,P00051442,F,26-35,30,1,Karnataka,Southern,IT Sector,Household items,3,3886.0,,
1005065,P00112542,F,26-35,26,0,Maharashtra,Western,Aviation,Food,3,3885.0,,
1004674,P0096742,M,36-45,41,0,Gujarat,Western,Chemical,Household items,4,3884.0,,
1000425,P00258442,F,26-35,34,1,Delhi,Central,Govt,Household items,3,3883.0,,
1002063,P00329342,F,26-35,34,1,Karnataka,Southern,IT Sector,Household items,1,3883.0,,
1003320,P00127742,F,26-35,27,1,Maharashtra,Western,Aviation,Household items,3,3881.0,,
1002181,P00368142,F,26-35,26,1,Punjab,Northern,IT Sector,Electronics & Gadgets,4,3881.0,,
1000702,P00357642,F,36-45,36,1,Maharashtra,Western,Aviation,Household items,2,3879.0,,
1000303,P00018142,F,26-35,32,0,Delhi,Central,Construction,Household items,1,3878.0,,
1005678,P00327842,F,36-45,41,0,Gujarat,Western,Lawyer,Food,4,3878.0,,
1004116,P00111742,M,36-45,37,0,Jharkhand,Eastern,Banking,Household items,2,3878.0,,
1005536,P00351342,F,26-35,31,0,Karnataka,Southern,Healthcare,Household items,4,3878.0,,
1001938,P00216342,M,26-35,31,1,Rajasthan,Northern,IT Sector,Household items,4,3878.0,,
1005464,P00110542,F,36-45,44,0,Maharashtra,Western,Banking,Food,3,3877.0,,
1000179,P00057642,F,26-35,31,0,Maharashtra,Western,IT Sector,Household items,4,3876.0,,
1001884,P00175042,F,46-50,50,0,Maharashtra,Western,Healthcare,Food,3,3875.0,,
1003259,P00026042,M,18-25,20,1,Kerala,Southern,IT Sector,Household items,4,3873.0,,
1003519,P00023042,M,26-35,33,1,Delhi,Central,IT Sector,Household items,2,3872.0,,
1003779,P00324742,M,46-50,47,0,Delhi,Central,IT Sector,Food,3,3872.0,,
1005084,P00057242,F,18-25,21,0,Karnataka,Southern,Lawyer,Household items,1,3872.0,,
1005170,P00190542,F,18-25,21,1,Maharashtra,Western,Hospitality,Household items,1,3872.0,,
1002205,P00091142,M,26-35,27,0,Jharkhand,Eastern,IT Sector,Household items,1,3869.0,,
1004104,P00116842,F,18-25,25,1,Karnataka,Southern,IT Sector,Household items,3,3869.0,,
1002203,P00030842,F,46-50,47,0,Karnataka,Southern,IT Sector,Household items,4,3869.0,,
1002504,P00034742,F,26-35,26,0,Delhi,Central,Agriculture,Household items,1,3868.0,,
1001752,P00143142,F,26-35,34,0,Madhya Pradesh,Central,Chemical,Food,2,3867.0,,
1002934,P00159442,M,36-45,44,0,Delhi,Central,Textile,Food,1,3866.0,,
1005795,P00250942,F,26-35,34,0,Maharashtra,Western,Healthcare,Household items,1,3866.0,,
1003693,P00125942,F,26-35,32,0,Karnataka,Southern,Aviation,Household items,2,3865.0,,
1005142,P00276342,M,26-35,32,0,Uttar Pradesh,Central,Textile,Food,4,3865.0,,
1005812,P00323042,M,26-35,28,0,Haryana,Northern,Chemical,Household items,2,3864.0,,
1002100,P0097142,M,26-35,26,1,Uttar Pradesh,Central,Media,Household items,2,3864.0,,
1001626,P00333042,F,18-25,22,1,Kerala,Southern,IT Sector,Household items,3,3863.0,,
1004682,P00364842,F,26-35,34,1,Delhi,Central,Construction,Household items,4,3862.0,,
1002793,P0099342,M,36-45,43,1,Delhi,Central,Construction,Household items,1,3862.0,,
1002793,P0099342,M,36-45,43,1,Punjab,Northern,Construction,Household items,2,3862.0,,
1002537,P00089142,M,36-45,40,1,Karnataka,Southern,Govt,Household items,2,3861.0,,
1004088,P00159542,F,26-35,32,1,Karnataka,Southern,IT Sector,Household items,2,3860.0,,
1001004,P00140742,F,26-35,33,0,Delhi,Central,Healthcare,Household items,2,3858.0,,
1001579,P0098242,F,26-35,35,0,Kerala,Southern,IT Sector,Household items,4,3858.0,,
1005997,P00233442,M,26-35,35,1,Delhi,Central,Govt,Household items,3,3857.0,,
1001897,P00328242,M,51-55,52,0,Maharashtra,Western,IT Sector,Household items,3,3857.0,,
1002761,P00197342,M,36-45,42,0,Himachal Pradesh,Northern,IT Sector,Household items,4,3854.0,,
1002742,P00363242,M,26-35,34,1,Karnataka,Southern,Healthcare,Household items,1,3851.0,,
1005747,P00119142,F,26-35,35,1,Maharashtra,Western,Automobile,Food,4,3851.0,,
1003538,P00135542,F,36-45,39,1,Karnataka,Southern,Media,Food,1,3850.0,,
1001173,P00006142,M,26-35,26,0,Maharashtra,Western,Lawyer,Household items,1,3849.0,,
1001285,P00348642,M,36-45,41,0,AndhraÂ Pradesh,Southern,Banking,Food,2,3848.0,,
1005519,P00129842,M,36-45,39,0,Karnataka,Southern,Banking,Household items,3,3848.0,,
1002153,P00142942,F,18-25,20,1,Karnataka,Southern,Agriculture,Household items,1,3847.0,,
1002760,P00278642,F,55+,86,1,Bihar,Eastern,Hospitality,Food,3,3843.0,,
1004444,P00247542,M,26-35,26,1,Rajasthan,Northern,Hospitality,Household items,1,3843.0,,
1005090,P00270242,M,36-45,43,0,Kerala,Southern,Aviation,Household items,3,3841.0,,
1004170,P00271442,F,46-50,47,0,Delhi,Central,Aviation,Food,1,3840.0,,
1001146,P00022442,M,18-25,23,0,Maharashtra,Western,Aviation,Household items,1,3840.0,,
1003211,P00313442,F,51-55,55,0,AndhraÂ Pradesh,Southern,Healthcare,Food,2,3839.0,,
1003180,P00229342,F,26-35,26,0,Delhi,Central,Retail,Household items,1,3839.0,,
1001150,P00315742,M,26-35,27,0,Haryana,Northern,Healthcare,Household items,1,3839.0,,
1001356,P00186642,M,18-25,22,1,Madhya Pradesh,Central,Govt,Household items,4,3839.0,,
1005198,P00223942,M,18-25,25,0,Uttarakhand,Central,IT Sector,Household items,3,3838.0,,
1004647,P00189642,F,36-45,37,1,Uttar Pradesh,Central,Aviation,Food,4,3837.0,,
1003044,P00102842,F,36-45,38,1,Kerala,Southern,Retail,Household items,1,3835.0,,
1002226,P00156442,M,26-35,29,1,Uttar Pradesh,Central,IT Sector,Household items,3,3834.0,,
1004979,P00369442,M,36-45,44,0,Delhi,Central,Lawyer,Household items,1,3831.0,,
1004144,P00100942,F,18-25,20,0,Maharashtra,Western,Healthcare,Household items,4,3830.0,,
1005780,P00234642,F,18-25,18,0,Karnataka,Southern,Food Processing,Household items,2,3828.0,,
1000193,P00116342,M,46-50,50,0,Madhya Pradesh,Central,Healthcare,Household items,4,3827.0,,
1005605,P00241542,M,18-25,21,1,Bihar,Eastern,Media,Household items,3,3825.0,,
1004877,P00237542,F,26-35,33,0,Maharashtra,Western,Retail,Household items,3,3825.0,,
1005530,P00048442,M,18-25,22,1,Bihar,Eastern,Textile,Household items,1,3824.0,,
1001422,P00118142,F,36-45,42,0,Gujarat,Western,Retail,Food,1,3822.0,,
1005722,P00317942,F,26-35,28,0,Kerala,Southern,Food Processing,Household items,3,3822.0,,
1002735,P00233242,M,26-35,35,0,Delhi,Central,Automobile,Household items,1,3821.0,,
1001206,P00323942,M,51-55,52,0,Jharkhand,Eastern,Aviation,Household items,4,3821.0,,
1002504,P00184942,F,26-35,34,1,Karnataka,Southern,Automobile,Household items,1,3821.0,,
1003154,P00125942,M,26-35,35,0,Bihar,Eastern,IT Sector,Household items,2,3820.0,,
1003917,P00036842,M,36-45,40,0,Karnataka,Southern,Chemical,Food,1,3820.0,,
1004725,P00217742,F,36-45,41,0,Karnataka,Southern,Healthcare,Household items,1,3819.0,,
1001755,P00251942,M,18-25,24,1,Maharashtra,Western,Aviation,Household items,4,3817.0,,
1003065,P00121142,M,18-25,19,0,Uttar Pradesh,Central,IT Sector,Household items,4,3816.0,,
1003481,P00119742,F,18-25,25,1,Karnataka,Southern,Construction,Household items,1,3815.0,,
1003032,P00337542,F,26-35,26,1,Karnataka,Southern,Aviation,Household items,1,3815.0,,
1005472,P00187942,M,36-45,40,0,AndhraÂ Pradesh,Southern,Aviation,Household items,4,3814.0,,
1001764,P00045342,F,18-25,21,0,Maharashtra,Western,Aviation,Household items,4,3814.0,,
1002774,P00120342,F,26-35,28,1,Maharashtra,Western,Aviation,Household items,3,3813.0,,
1005272,P00117942,F,26-35,28,1,Karnataka,Southern,Automobile,Household items,3,3812.0,,
1001495,P00312742,F,18-25,19,0,Maharashtra,Western,Banking,Household items,4,3812.0,,
1000453,P00111742,F,18-25,20,0,Uttar Pradesh,Central,Chemical,Household items,2,3811.0,,
1005749,P00178742,F,26-35,28,1,Karnataka,Southern,Healthcare,Household items,1,3810.0,,
1003778,P00034842,F,26-35,35,0,Karnataka,Southern,Chemical,Household items,3,3810.0,,
1004729,P00319342,F,51-55,53,0,Uttar Pradesh,Central,Banking,Food,2,3810.0,,
1002383,P00223542,M,26-35,30,1,Karnataka,Southern,Construction,Household items,1,3805.0,,
1001941,P00305042,M,36-45,26,1,AndhraÂ Pradesh,Southern,Automobile,Food,1,3804.0,,
1001607,P00250642,F,46-50,47,1,Maharashtra,Western,Construction,Food,1,3803.0,,
1004292,P00265242,F,26-35,27,1,Kerala,Southern,Banking,Household items,2,3801.0,,
1005994,P00301542,M,36-45,44,0,Karnataka,Southern,Automobile,Household items,1,3800.0,,
1002617,P00247042,M,46-50,49,0,Madhya Pradesh,Central,Aviation,Household items,1,3800.0,,
1004311,P00282442,F,51-55,53,0,Uttar Pradesh,Central,Hospitality,Food,2,3800.0,,
1001137,P00178442,F,18-25,21,1,Karnataka,Southern,Healthcare,Household items,4,3799.0,,
1002230,P00011042,M,46-50,49,0,Karnataka,Southern,Banking,Household items,2,3799.0,,
1001676,P00225742,F,18-25,18,1,Maharashtra,Western,Aviation,Household items,2,3799.0,,
1004499,P00085242,F,26-35,29,1,Delhi,Central,Banking,Household items,1,3798.0,,
1001298,P00106642,F,36-45,36,0,Gujarat,Western,Govt,Food,3,3795.0,,
1002764,P00282142,F,26-35,30,0,Karnataka,Southern,Retail,Household items,4,3795.0,,
1001366,P00074342,F,0-17,16,0,Karnataka,Southern,IT Sector,Household items,4,3794.0,,
1003887,P00034042,F,18-25,21,0,Karnataka,Southern,Govt,Household items,1,3794.0,,
1001351,P00057642,M,26-35,30,1,Maharashtra,Western,Aviation,Household items,4,3794.0,,
1002453,P00020242,F,26-35,30,0,Karnataka,Southern,Banking,Household items,4,3792.0,,
1005655,P00037142,M,26-35,34,1,Delhi,Central,Hospitality,Household items,2,3791.0,,
1003026,P00084442,M,18-25,22,1,Gujarat,Western,Food Processing,Food,3,3791.0,,
1004720,P00249742,F,26-35,30,1,Karnataka,Southern,Textile,Household items,2,3791.0,,
1005482,P00163442,M,18-25,19,1,Delhi,Central,Banking,Household items,1,3790.0,,
1004535,P00185842,F,18-25,21,0,Delhi,Central,Agriculture,Household items,4,3790.0,,
1004814,P00249742,F,18-25,20,0,Karnataka,Southern,Lawyer,Household items,4,3790.0,,
1002845,P00184242,F,26-35,30,0,Kerala,Southern,Healthcare,Household items,3,3790.0,,
1004430,P00077942,M,26-35,31,0,Uttar Pradesh,Central,Hospitality,Household items,4,3790.0,,
1003095,P00242742,M,26-35,30,1,Kerala,Southern,Textile,Household items,2,3789.0,,
1000777,P00293242,M,18-25,22,0,Uttar Pradesh,Central,IT Sector,Household items,3,3787.0,,
1003507,P00123742,F,26-35,28,0,Jharkhand,Eastern,IT Sector,Games & Toys,2,3786.0,,
1000674,P00002142,M,26-35,26,0,Delhi,Central,Aviation,Household items,1,3785.0,,
1005645,P00118742,F,26-35,29,0,Karnataka,Southern,Aviation,Household items,4,3784.0,,
1003887,P00092442,F,18-25,18,0,Maharashtra,Western,Aviation,Household items,4,3784.0,,
1000869,P00208742,F,18-25,18,1,Karnataka,Southern,Banking,Household items,1,3782.0,,
1000387,P00368642,M,36-45,44,0,Delhi,Central,Agriculture,Household items,1,3779.0,,
1005039,P00325242,M,36-45,44,0,Gujarat,Western,IT Sector,Household items,3,3779.0,,
1000118,P00251942,F,36-45,36,1,Karnataka,Southern,Agriculture,Household items,2,3779.0,,
1002820,P00234842,M,36-45,36,1,Maharashtra,Western,Hospitality,Household items,4,3778.0,,
1000955,P00216042,M,51-55,53,0,Delhi,Central,Govt,Household items,4,3777.0,,
1006013,P00025542,M,26-35,34,1,Uttar Pradesh,Central,Aviation,Household items,3,3777.0,,
1003728,P00255842,F,18-25,18,1,Maharashtra,Western,Hospitality,Household items,2,3776.0,,
1004546,P00000142,F,26-35,31,1,Maharashtra,Western,IT Sector,Household items,1,3775.0,,
1005493,P00225042,M,36-45,44,0,Madhya Pradesh,Central,Healthcare,Household items,2,3774.0,,
1001899,P00103042,M,46-50,47,1,Madhya Pradesh,Central,Healthcare,Household items,2,3774.0,,
1005011,P00048142,F,18-25,25,0,Maharashtra,Western,Automobile,Household items,1,3774.0,,
1002505,P00295442,F,26-35,26,0,Karnataka,Southern,Automobile,Household items,3,3772.0,,
1000023,P00276342,F,36-45,41,0,Karnataka,Southern,Chemical,Household items,1,3772.0,,
1001301,P00140742,M,26-35,28,0,Himachal Pradesh,Northern,Media,Household items,4,3770.0,,
1001301,P00140742,M,26-35,28,0,Uttar Pradesh,Central,Media,Household items,2,3770.0,,
1004520,P00179042,F,26-35,28,1,Haryana,Northern,Automobile,Clothing & Apparel,2,3768.0,,
1005726,P00113142,F,26-35,29,0,Himachal Pradesh,Northern,Textile,Clothing & Apparel,4,3768.0,,
1000149,P00046942,M,26-35,30,0,Karnataka,Southern,Healthcare,Household items,2,3768.0,,
1001635,P00111142,F,26-35,30,0,Karnataka,Southern,Hospitality,Household items,4,3768.0,,
1003399,P00156242,F,26-35,35,1,Bihar,Eastern,Chemical,Clothing & Apparel,4,3767.0,,
1005890,P00033942,F,36-45,43,0,Gujarat,Western,Govt,Clothing & Apparel,4,3767.0,,
1003426,P00057442,F,26-35,27,1,Karnataka,Southern,Chemical,Clothing & Apparel,4,3767.0,,
1004009,P00032142,F,18-25,20,1,Maharashtra,Western,Aviation,Household items,3,3767.0,,
1003729,P00130642,F,18-25,24,0,Maharashtra,Western,Automobile,Household items,2,3767.0,,
1002895,P0099342,F,26-35,33,0,Maharashtra,Western,Healthcare,Household items,3,3767.0,,
1002164,P00128942,F,36-45,38,0,Bihar,Eastern,Banking,Clothing & Apparel,4,3766.0,,
1000337,P00150842,F,18-25,21,0,Kerala,Southern,Construction,Clothing & Apparel,1,3766.0,,
1001688,P00017542,M,18-25,22,0,Maharashtra,Western,Media,Clothing & Apparel,4,3765.0,,
1005070,P00345742,F,26-35,29,0,Uttar Pradesh,Central,Retail,Household items,4,3764.0,,
1003118,P00144642,F,26-35,27,1,Uttar Pradesh,Central,Chemical,Household items,1,3763.0,,
1004733,P00196042,F,18-25,22,1,Maharashtra,Western,Aviation,Household items,3,3762.0,,
1005364,P00044142,M,26-35,30,1,Maharashtra,Western,Automobile,Household items,1,3762.0,,
1003909,P00255942,F,18-25,18,1,Delhi,Central,Banking,Household items,1,3760.0,,
1001320,P00084442,F,26-35,27,1,Karnataka,Southern,Hospitality,Household items,4,3760.0,,
1004589,P00109842,F,26-35,30,0,Karnataka,Southern,Textile,Household items,4,3760.0,,
1004430,P00184542,M,26-35,29,1,Madhya Pradesh,Central,Healthcare,Household items,3,3760.0,,
1004815,P00054742,M,51-55,54,1,Madhya Pradesh,Central,Hospitality,Clothing & Apparel,2,3760.0,,
1005838,P00260142,M,46-50,47,1,Uttar Pradesh,Central,Govt,Household items,2,3760.0,,
1000392,P00014542,F,18-25,21,0,Bihar,Eastern,Govt,Clothing & Apparel,3,3759.0,,
1001473,P00220142,F,26-35,34,1,Karnataka,Southern,Aviation,Household items,2,3757.0,,
1002649,P00249642,M,26-35,30,0,Uttar Pradesh,Central,Lawyer,Household items,4,3757.0,,
1003920,P00237642,F,36-45,44,0,Delhi,Central,IT Sector,Household items,4,3756.0,,
1004950,P00195742,F,26-35,28,1,Maharashtra,Western,Lawyer,Household items,4,3756.0,,
1002445,P00229742,M,26-35,35,0,Uttar Pradesh,Central,Lawyer,Household items,2,3755.0,,
1003675,P00233942,F,36-45,43,0,Madhya Pradesh,Central,Food Processing,Clothing & Apparel,1,3754.0,,
1004345,P00251942,M,26-35,32,0,Uttar Pradesh,Central,IT Sector,Household items,1,3754.0,,
1004103,P00178342,F,18-25,21,0,Delhi,Central,Media,Household items,3,3753.0,,
1005583,P00286042,F,55+,84,0,Karnataka,Southern,Healthcare,Household items,1,3753.0,,
1000019,P00329542,M,0-17,13,1,Kerala,Southern,Healthcare,Clothing & Apparel,2,3753.0,,
1001181,P00069542,F,36-45,38,1,Madhya Pradesh,Central,Healthcare,Clothing & Apparel,4,3753.0,,
1005755,P00061442,M,36-45,39,1,Jharkhand,Eastern,Hospitality,Clothing & Apparel,3,3752.0,,
1003768,P00116842,F,26-35,34,1,Karnataka,Southern,Healthcare,Household items,4,3750.0,,
1003922,P00048042,F,18-25,23,1,Uttar Pradesh,Central,Govt,Clothing & Apparel,2,3750.0,,
1005557,P00112542,M,36-45,43,0,Uttar Pradesh,Central,Hospitality,Household items,4,3750.0,,
1002378,P00255842,F,26-35,35,0,Delhi,Central,Aviation,Clothing & Apparel,2,3749.0,,
1004922,P00135742,F,18-25,20,0,Jharkhand,Eastern,Retail,Clothing & Apparel,4,3749.0,,
1001552,P00218742,F,46-50,47,1,Uttar Pradesh,Central,Retail,Clothing & Apparel,3,3747.0,,
1004517,P00187242,M,18-25,22,1,Maharashtra,Western,Lawyer,Clothing & Apparel,3,3746.0,,
1003508,P00307542,F,18-25,23,1,Uttar Pradesh,Central,Automobile,Clothing & Apparel,3,3743.0,,
1002818,P00221142,F,26-35,34,0,Maharashtra,Western,Healthcare,Clothing & Apparel,4,3742.0,,
1004054,P00101942,F,36-45,41,1,Haryana,Northern,Media,Clothing & Apparel,2,3741.0,,
1003367,P00213842,F,51-55,53,0,Kerala,Southern,Aviation,Clothing & Apparel,3,3740.0,,
1000234,P00051442,F,36-45,43,0,Rajasthan,Northern,Lawyer,Clothing & Apparel,4,3739.0,,
1002897,P00112142,F,26-35,27,1,Gujarat,Western,Aviation,Clothing & Apparel,3,3738.0,,
1004277,P00319942,F,36-45,43,0,Uttar Pradesh,Central,Healthcare,Clothing & Apparel,4,3736.0,,
1003681,P00275842,F,26-35,30,1,Himachal Pradesh,Northern,Media,Clothing & Apparel,1,3734.0,,
1004532,P00058042,M,26-35,32,0,Uttar Pradesh,Central,Hospitality,Clothing & Apparel,2,3732.0,,
1001634,P00249642,M,55+,75,0,Haryana,Northern,IT Sector,Clothing & Apparel,3,3730.0,,
1002544,P00110942,F,46-50,50,1,Uttarakhand,Central,Hospitality,Clothing & Apparel,3,3730.0,,
1000669,P00304042,F,26-35,27,0,Himachal Pradesh,Northern,Chemical,Clothing & Apparel,1,3729.0,,
1002121,P00284742,F,55+,60,0,Uttar Pradesh,Central,Textile,Clothing & Apparel,4,3729.0,,
1004711,P00080042,F,26-35,26,0,Gujarat,Western,Retail,Clothing & Apparel,1,3728.0,,
1005209,P00328142,F,51-55,52,1,Himachal Pradesh,Northern,Aviation,Clothing & Apparel,1,3728.0,,
1002479,P00324442,M,26-35,26,1,Uttar Pradesh,Central,Media,Clothing & Apparel,3,3728.0,,
1000757,P00263142,M,26-35,33,1,Uttar Pradesh,Central,Aviation,Clothing & Apparel,1,3728.0,,
1004897,P00258742,F,36-45,39,1,Uttar Pradesh,Central,Banking,Clothing & Apparel,3,3728.0,,
1003690,P00268442,F,18-25,24,1,Himachal Pradesh,Northern,Media,Clothing & Apparel,4,3727.0,,
1002164,P00222042,F,36-45,44,0,Uttarakhand,Central,Chemical,Clothing & Apparel,3,3726.0,,
1005180,P00052842,F,36-45,38,0,Uttar Pradesh,Central,Healthcare,Clothing & Apparel,1,3725.0,,
1005954,P00218142,F,46-50,50,0,Gujarat,Western,Media,Clothing & Apparel,2,3724.0,,
1001285,P00046742,M,36-45,43,0,Himachal Pradesh,Northern,Banking,Clothing & Apparel,4,3724.0,,
1004573,P00176342,F,51-55,53,1,Kerala,Southern,Aviation,Clothing & Apparel,2,3724.0,,
1002225,P00321042,F,26-35,35,1,Haryana,Northern,Aviation,Games & Toys,2,3721.0,,
1004852,P00117842,F,36-45,38,0,Himachal Pradesh,Northern,Healthcare,Clothing & Apparel,4,3719.0,,
1004517,P00129342,M,18-25,22,1,Uttar Pradesh,Central,Hospitality,Clothing & Apparel,1,3716.0,,
1004227,P00113842,F,26-35,27,0,Uttar Pradesh,Central,IT Sector,Games & Toys,1,3716.0,,
1004808,P00221042,F,36-45,42,0,AndhraÂ Pradesh,Southern,Banking,Clothing & Apparel,3,3714.0,,
1006036,P00174542,M,26-35,27,0,Delhi,Central,Govt,Clothing & Apparel,3,3714.0,,
1005208,P00170342,F,26-35,27,1,Uttar Pradesh,Central,Aviation,Clothing & Apparel,1,3714.0,,
1004336,P00072842,M,26-35,35,0,Haryana,Northern,Healthcare,Clothing & Apparel,2,3711.0,,
1004887,P00352842,F,18-25,25,0,AndhraÂ Pradesh,Southern,Hospitality,Clothing & Apparel,4,3709.0,,
1001952,P00013942,F,36-45,41,0,Delhi,Central,Aviation,Clothing & Apparel,3,3709.0,,
1005878,P00259342,M,26-35,27,0,Kerala,Southern,Agriculture,Clothing & Apparel,4,3709.0,,
1000255,P00273742,F,36-45,43,1,Maharashtra,Western,Construction,Clothing & Apparel,1,3709.0,,
1003705,P00258742,F,46-50,50,1,Maharashtra,Western,IT Sector,Clothing & Apparel,4,3707.0,,
1004922,P00110342,F,18-25,24,0,Uttar Pradesh,Central,Retail,Clothing & Apparel,4,3706.0,,
1000707,P00057642,F,36-45,43,1,AndhraÂ Pradesh,Southern,Banking,Clothing & Apparel,4,3705.0,,
1003850,P00081142,F,18-25,22,1,Haryana,Northern,Textile,Clothing & Apparel,4,3704.0,,
1002433,P00053042,F,26-35,32,1,Maharashtra,Western,Lawyer,Clothing & Apparel,4,3703.0,,
1004224,P00101342,M,46-50,50,0,Karnataka,Southern,IT Sector,Clothing & Apparel,3,3701.0,,
1005605,P00312142,M,18-25,24,0,Bihar,Eastern,Agriculture,Clothing & Apparel,1,3700.0,,
1005585,P00044442,F,26-35,33,1,Karnataka,Southern,Banking,Clothing & Apparel,2,3699.0,,
1004064,P00247542,F,46-50,46,0,Maharashtra,Western,Healthcare,Clothing & Apparel,2,3699.0,,
1003624,P00146242,F,26-35,28,0,Himachal Pradesh,Northern,Automobile,Clothing & Apparel,3,3698.0,,
1005768,P00288442,M,0-17,16,0,Madhya Pradesh,Central,Banking,Clothing & Apparel,4,3697.0,,
1003732,P00084642,F,26-35,31,1,Uttar Pradesh,Central,Healthcare,Clothing & Apparel,1,3697.0,,
1003013,P00029842,F,46-50,50,1,Himachal Pradesh,Northern,Food Processing,Clothing & Apparel,4,3696.0,,
1005881,P00022642,F,36-45,45,1,Gujarat,Western,Healthcare,Games & Toys,4,3695.0,,
1004882,P00326642,F,46-50,47,1,Jharkhand,Eastern,Hospitality,Clothing & Apparel,2,3695.0,,
1002756,P00192642,F,18-25,19,0,Haryana,Northern,Hospitality,Clothing & Apparel,4,3694.0,,
1005615,P00007842,F,36-45,43,1,AndhraÂ Pradesh,Southern,Healthcare,Clothing & Apparel,3,3693.0,,
1000687,P00103042,M,26-35,26,1,Delhi,Central,Media,Clothing & Apparel,2,3693.0,,
1000687,P00103042,M,26-35,26,1,Kerala,Southern,Media,Clothing & Apparel,2,3693.0,,
1000991,P00287942,M,26-35,33,1,Delhi,Central,Aviation,Clothing & Apparel,3,3692.0,,
1000236,P00031042,F,26-35,30,1,Himachal Pradesh,Northern,Hospitality,Clothing & Apparel,1,3692.0,,
1003578,P00244042,F,51-55,54,0,Madhya Pradesh,Central,IT Sector,Clothing & Apparel,4,3692.0,,
1001194,P0094542,M,26-35,32,1,Maharashtra,Western,Automobile,Clothing & Apparel,2,3692.0,,
1002825,P00319542,M,26-35,34,0,Maharashtra,Western,Healthcare,Clothing & Apparel,4,3692.0,,
1002304,P00289642,F,46-50,46,0,Karnataka,Southern,Textile,Games & Toys,2,3679.0,,
1005380,P00006542,F,18-25,18,1,Maharashtra,Western,Hospitality,Clothing & Apparel,1,3677.0,,
1001530,P00286642,F,26-35,33,0,Maharashtra,Western,Banking,Clothing & Apparel,3,3677.0,,
1003576,P00344442,F,51-55,52,0,Uttar Pradesh,Central,Govt,Clothing & Apparel,2,3677.0,,
1000520,P00033342,M,36-45,39,1,Jharkhand,Eastern,IT Sector,Clothing & Apparel,1,3676.0,,
1001988,P00212242,M,26-35,31,1,Himachal Pradesh,Northern,Healthcare,Games & Toys,3,3674.0,,
1000036,P00297742,F,26-35,34,0,Gujarat,Western,Textile,Clothing & Apparel,2,3673.0,,
1003615,P00064042,F,26-35,30,1,Haryana,Northern,IT Sector,Clothing & Apparel,1,3673.0,,
1002801,P00229342,M,26-35,34,1,Uttar Pradesh,Central,Textile,Clothing & Apparel,3,3673.0,,
1006035,P00025042,M,26-35,35,1,Delhi,Central,Healthcare,Clothing & Apparel,1,3672.0,,
1003992,P00034142,F,26-35,30,0,Uttar Pradesh,Central,Healthcare,Clothing & Apparel,2,3672.0,,
1001010,P00116142,F,26-35,28,0,Maharashtra,Western,Hospitality,Games & Toys,2,3671.0,,
1000929,P00301242,F,26-35,32,1,Uttar Pradesh,Central,IT Sector,Clothing & Apparel,3,3671.0,,
1002604,P00295842,F,26-35,28,0,Jharkhand,Eastern,Chemical,Clothing & Apparel,1,3670.0,,
1004478,P00108942,M,0-17,13,1,Delhi,Central,Aviation,Clothing & Apparel,1,3669.0,,
1003196,P00144042,M,18-25,18,0,Uttar Pradesh,Central,Banking,Clothing & Apparel,1,3669.0,,
1003159,P00237642,M,26-35,30,0,Delhi,Central,Healthcare,Clothing & Apparel,3,3668.0,,
1002890,P00114342,F,36-45,41,1,Himachal Pradesh,Northern,IT Sector,Clothing & Apparel,1,3668.0,,
1003159,P00237642,M,26-35,30,0,Madhya Pradesh,Central,Healthcare,Clothing & Apparel,2,3668.0,,
1005372,P00267542,F,26-35,26,1,Gujarat,Western,Textile,Clothing & Apparel,3,3667.0,,
1005579,P00248342,M,36-45,44,1,Karnataka,Southern,Aviation,Clothing & Apparel,2,3667.0,,
1005074,P00282742,M,0-17,17,0,Uttarakhand,Central,Construction,Clothing & Apparel,4,3664.0,,
1003240,P00294542,M,18-25,24,0,Delhi,Central,Textile,Clothing & Apparel,3,3663.0,,
1001335,P00093242,F,36-45,41,0,Himachal Pradesh,Northern,Construction,Clothing & Apparel,4,3661.0,,
1003823,P00339942,F,55+,89,0,Bihar,Eastern,Lawyer,Clothing & Apparel,3,3660.0,,
1003092,P00111042,F,36-45,37,0,Himachal Pradesh,Northern,Healthcare,Clothing & Apparel,3,3660.0,,
1001303,P00115242,F,26-35,29,1,Himachal Pradesh,Northern,Aviation,Clothing & Apparel,2,3659.0,,
1001110,P00248742,M,55+,57,0,Madhya Pradesh,Central,IT Sector,Clothing & Apparel,2,3659.0,,
1002665,P00174442,F,36-45,36,1,Maharashtra,Western,IT Sector,Clothing & Apparel,4,3658.0,,
1001184,P00186342,M,26-35,28,0,AndhraÂ Pradesh,Southern,Media,Clothing & Apparel,4,3657.0,,
1004815,P00309242,M,51-55,52,0,Madhya Pradesh,Central,Aviation,Clothing & Apparel,1,3657.0,,
1001425,P00127842,F,0-17,17,0,Uttar Pradesh,Central,IT Sector,Clothing & Apparel,2,3657.0,,
1004448,P00322042,F,26-35,32,1,Maharashtra,Western,Automobile,Games & Toys,2,3656.0,,
1002481,P00178342,F,36-45,38,0,Himachal Pradesh,Northern,Healthcare,Clothing & Apparel,3,3654.0,,
1002223,P00181542,F,26-35,34,1,Himachal Pradesh,Northern,Aviation,Clothing & Apparel,2,3653.0,,
1003182,P00216042,F,26-35,29,1,Uttar Pradesh,Central,Lawyer,Clothing & Apparel,3,3652.0,,
1002004,P00032042,F,46-50,50,1,Uttar Pradesh,Central,Govt,Clothing & Apparel,2,3652.0,,
1002475,P00198042,M,26-35,28,1,Maharashtra,Western,Banking,Clothing & Apparel,4,3651.0,,
1001810,P00184542,F,51-55,54,0,Uttar Pradesh,Central,IT Sector,Clothing & Apparel,4,3651.0,,
1000749,P00369242,F,36-45,36,1,Maharashtra,Western,Healthcare,Clothing & Apparel,1,3650.0,,
1004016,P00036142,F,51-55,53,0,Maharashtra,Western,Automobile,Clothing & Apparel,1,3650.0,,
1005057,P00274942,F,51-55,52,0,AndhraÂ Pradesh,Southern,Govt,Clothing & Apparel,1,3649.0,,
1005273,P00323042,F,55+,74,0,Uttarakhand,Central,Media,Clothing & Apparel,2,3648.0,,
1005550,P00010842,F,36-45,36,1,Maharashtra,Western,IT Sector,Games & Toys,1,3647.0,,
1000955,P00024342,M,51-55,54,0,Haryana,Northern,Automobile,Clothing & Apparel,3,3646.0,,
1005402,P00244742,M,26-35,30,0,AndhraÂ Pradesh,Southern,Healthcare,Clothing & Apparel,2,3645.0,,
1005545,P00111842,M,36-45,38,1,Delhi,Central,IT Sector,Clothing & Apparel,4,3645.0,,
1003315,P00173842,M,26-35,35,0,Uttarakhand,Central,IT Sector,Clothing & Apparel,2,3645.0,,
1004007,P00358342,F,36-45,45,0,Jharkhand,Eastern,Automobile,Clothing & Apparel,3,3644.0,,
1003261,P00215242,F,46-50,49,1,Maharashtra,Western,Agriculture,Clothing & Apparel,1,3644.0,,
1001980,P00338542,F,36-45,42,0,Bihar,Eastern,Aviation,Clothing & Apparel,4,3643.0,,
1001794,P00128042,M,26-35,31,0,Karnataka,Southern,Banking,Clothing & Apparel,3,3643.0,,
1000695,P00341942,M,18-25,24,1,Kerala,Southern,Aviation,Clothing & Apparel,3,3643.0,,
1002577,P00296342,F,26-35,35,0,Maharashtra,Western,Govt,Clothing & Apparel,1,3643.0,,
1002275,P00002442,F,55+,87,0,Uttar Pradesh,Central,IT Sector,Clothing & Apparel,3,3643.0,,
1005480,P00035542,M,26-35,33,0,Haryana,Northern,Hospitality,Clothing & Apparel,4,3639.0,,
1003313,P00341242,F,36-45,39,0,Uttar Pradesh,Central,IT Sector,Clothing & Apparel,4,3639.0,,
1003999,P00173042,F,36-45,40,1,Himachal Pradesh,Northern,IT Sector,Clothing & Apparel,2,3637.0,,
1002092,P00190242,F,55+,58,0,Himachal Pradesh,Northern,Aviation,Clothing & Apparel,2,3634.0,,
1004416,P00138542,F,18-25,23,0,Maharashtra,Western,Aviation,Clothing & Apparel,4,3634.0,,
1002279,P00346042,F,51-55,52,0,Uttar Pradesh,Central,Hospitality,Clothing & Apparel,4,3634.0,,
1004131,P00035842,F,46-50,46,1,Jharkhand,Eastern,Hospitality,Clothing & Apparel,4,3633.0,,
1005787,P00130642,F,26-35,26,0,Kerala,Southern,Aviation,Clothing & Apparel,4,3633.0,,
1004543,P00248942,F,26-35,26,1,Uttar Pradesh,Central,Healthcare,Clothing & Apparel,3,3632.0,,
1001246,P00184242,F,18-25,19,0,Jharkhand,Eastern,Aviation,Clothing & Apparel,1,3631.0,,
1001598,P00122442,F,36-45,36,0,Karnataka,Southern,Aviation,Clothing & Apparel,3,3630.0,,
1000466,P00031742,F,26-35,29,1,Kerala,Southern,Healthcare,Clothing & Apparel,1,3630.0,,
1002962,P00210942,F,36-45,37,0,Telangana,Southern,Hospitality,Clothing & Apparel,2,3629.0,,
1003672,P00257542,F,36-45,42,1,Uttarakhand,Central,Media,Clothing & Apparel,4,3629.0,,
1001780,P00359242,F,36-45,43,1,Uttar Pradesh,Central,Govt,Clothing & Apparel,3,3628.0,,
1004802,P00173042,F,55+,71,0,AndhraÂ Pradesh,Southern,Aviation,Clothing & Apparel,2,3627.0,,
1003265,P00266142,F,26-35,28,1,Haryana,Northern,Healthcare,Clothing & Apparel,2,3626.0,,
1002116,P00075642,F,18-25,22,0,Uttar Pradesh,Central,IT Sector,Clothing & Apparel,1,3624.0,,
1003806,P00244742,F,18-25,23,1,Gujarat,Western,Aviation,Clothing & Apparel,4,3623.0,,
1004009,P00217542,F,18-25,22,0,Maharashtra,Western,Retail,Clothing & Apparel,3,3623.0,,
1001647,P00130442,F,18-25,22,0,Uttar Pradesh,Central,Aviation,Clothing & Apparel,1,3623.0,,
1002547,P00115342,M,36-45,44,1,Punjab,Northern,Retail,Clothing & Apparel,1,3622.0,,
1005674,P00114342,M,36-45,39,0,Telangana,Southern,Aviation,Clothing & Apparel,1,3618.0,,
1004167,P00304242,F,26-35,35,0,Himachal Pradesh,Northern,Chemical,Clothing & Apparel,4,3617.0,,
1000013,P00035942,F,46-50,50,1,Karnataka,Southern,Aviation,Clothing & Apparel,4,3616.0,,
1001434,P00236042,M,0-17,15,0,Kerala,Southern,Healthcare,Clothing & Apparel,1,3616.0,,
1005313,P00310842,F,55+,91,1,Himachal Pradesh,Northern,Banking,Clothing & Apparel,4,3614.0,,
1005762,P00100442,M,36-45,39,1,Karnataka,Southern,IT Sector,Clothing & Apparel,2,3613.0,,
1004388,P00019842,F,46-50,47,0,Karnataka,Southern,Lawyer,Clothing & Apparel,2,3611.0,,
1003224,P00217742,M,26-35,32,1,Delhi,Central,Healthcare,Clothing & Apparel,2,3610.0,,
1004459,P00303042,F,26-35,28,1,Maharashtra,Western,IT Sector,Games & Toys,1,3610.0,,
1003649,P00153842,M,26-35,27,0,Delhi,Central,Automobile,Clothing & Apparel,2,3607.0,,
1004089,P00024742,F,26-35,34,1,Himachal Pradesh,Northern,Banking,Clothing & Apparel,4,3607.0,,
1001480,P00364042,F,26-35,26,1,Madhya Pradesh,Central,Media,Clothing & Apparel,3,3607.0,,
1005493,P00110942,F,36-45,41,0,Uttar Pradesh,Central,Healthcare,Clothing & Apparel,2,3605.0,,
1002796,P00193942,F,26-35,28,1,Karnataka,Southern,Healthcare,Games & Toys,3,3603.0,,
1004269,P00233742,F,36-45,38,0,Maharashtra,Western,Chemical,Clothing & Apparel,4,3603.0,,
1005029,P00303242,F,26-35,29,0,Telangana,Southern,Retail,Clothing & Apparel,1,3603.0,,
1000759,P00237442,M,55+,91,1,Haryana,Northern,Banking,Clothing & Apparel,1,3602.0,,
1004359,P00249542,F,18-25,24,0,Kerala,Southern,Healthcare,Clothing & Apparel,4,3602.0,,
1000238,P00126142,M,51-55,53,0,Bihar,Eastern,Hospitality,Clothing & Apparel,2,3600.0,,
1001983,P00277442,F,26-35,27,0,Gujarat,Western,Food Processing,Clothing & Apparel,2,3600.0,,
1003476,P00070642,F,51-55,53,0,Delhi,Central,Aviation,Clothing & Apparel,1,3598.0,,
1004951,P00021142,M,36-45,38,1,Himachal Pradesh,Northern,IT Sector,Clothing & Apparel,3,3598.0,,
1006036,P00050642,M,26-35,33,1,Karnataka,Southern,Govt,Clothing & Apparel,1,3597.0,,
1005511,P00126142,F,46-50,48,0,Karnataka,Southern,Agriculture,Clothing & Apparel,3,3597.0,,
1004708,P00010842,F,26-35,33,0,Karnataka,Southern,Retail,Clothing & Apparel,3,3595.0,,
1004183,P00004742,F,26-35,28,0,Uttar Pradesh,Central,Media,Clothing & Apparel,2,3594.0,,
1000743,P00324942,M,0-17,13,1,Karnataka,Southern,Chemical,Clothing & Apparel,2,3593.0,,
1001029,P00093542,F,26-35,28,0,Kerala,Southern,Healthcare,Clothing & Apparel,3,3592.0,,
1002446,P00116642,F,18-25,23,0,Karnataka,Southern,Agriculture,Clothing & Apparel,1,3589.0,,
1004107,P00114542,M,26-35,30,0,Maharashtra,Western,Aviation,Clothing & Apparel,4,3589.0,,
1000368,P00305142,F,26-35,30,1,Jharkhand,Eastern,Media,Clothing & Apparel,2,3588.0,,
1001183,P00085342,F,36-45,38,0,Maharashtra,Western,Aviation,Clothing & Apparel,1,3588.0,,
1005795,P00117442,F,26-35,34,1,Bihar,Eastern,Chemical,Clothing & Apparel,1,3586.0,,
1005182,P00194142,M,36-45,42,0,Karnataka,Southern,Hospitality,Clothing & Apparel,3,3585.0,,
1003413,P00297342,M,26-35,30,1,Maharashtra,Western,Textile,Clothing & Apparel,2,3583.0,,
1003413,P00297342,M,26-35,30,1,Maharashtra,Western,Textile,Clothing & Apparel,3,3583.0,,
1004821,P00047042,M,18-25,21,0,Haryana,Northern,Construction,Clothing & Apparel,4,3581.0,,
1004904,P00314042,F,51-55,53,1,Karnataka,Southern,Construction,Clothing & Apparel,2,3579.0,,
1002676,P00204742,F,55+,92,0,Kerala,Southern,Construction,Clothing & Apparel,4,3579.0,,
1000308,P00117642,F,26-35,31,0,Karnataka,Southern,Construction,Games & Toys,3,3578.0,,
1003233,P00313742,F,51-55,53,0,Madhya Pradesh,Central,Healthcare,Clothing & Apparel,1,3578.0,,
1001496,P00031942,F,26-35,28,1,Maharashtra,Western,Banking,Clothing & Apparel,1,3577.0,,
1005536,P0094142,F,26-35,26,1,Jharkhand,Eastern,Food Processing,Clothing & Apparel,4,3573.0,,
1003769,P00017342,M,26-35,30,1,Uttar Pradesh,Central,Automobile,Clothing & Apparel,3,3573.0,,
1000637,P00188942,F,36-45,39,1,Haryana,Northern,Govt,Clothing & Apparel,3,3572.0,,
1003320,P00102842,F,26-35,29,0,Madhya Pradesh,Central,Food Processing,Clothing & Apparel,2,3572.0,,
1004085,P00236342,M,26-35,27,0,Maharashtra,Western,IT Sector,Games & Toys,2,3571.0,,
1002352,P00258042,F,51-55,51,1,Uttar Pradesh,Central,Govt,Clothing & Apparel,4,3571.0,,
1003792,P00254242,F,26-35,32,1,Karnataka,Southern,Healthcare,Clothing & Apparel,3,3570.0,,
1002219,P00276642,F,26-35,27,0,Kerala,Southern,IT Sector,Clothing & Apparel,1,3570.0,,
1003597,P00010542,F,26-35,31,1,Maharashtra,Western,Construction,Clothing & Apparel,4,3570.0,,
1002774,P00315842,F,26-35,33,1,Himachal Pradesh,Northern,Healthcare,Clothing & Apparel,2,3565.0,,
1001449,P00308342,F,36-45,39,0,Maharashtra,Western,Govt,Clothing & Apparel,1,3565.0,,
1002645,P00121142,F,26-35,28,1,Uttar Pradesh,Central,Healthcare,Clothing & Apparel,3,3565.0,,
1000316,P00206742,F,55+,77,1,Uttarakhand,Central,Media,Clothing & Apparel,4,3565.0,,
1001613,P00316542,F,18-25,22,1,Uttar Pradesh,Central,Lawyer,Clothing & Apparel,4,3563.0,,
1000612,P00327842,F,51-55,52,0,Jharkhand,Eastern,IT Sector,Clothing & Apparel,3,3562.0,,
1004055,P00235442,M,51-55,51,0,Uttar Pradesh,Central,Media,Clothing & Apparel,3,3561.0,,
1003892,P00070042,F,26-35,31,1,Kerala,Southern,Banking,Clothing & Apparel,2,3560.0,,
1004249,P00006042,M,18-25,25,0,Delhi,Central,Media,Clothing & Apparel,1,3559.0,,
1003833,P00004742,F,26-35,35,0,Jharkhand,Eastern,Govt,Clothing & Apparel,1,3559.0,,
1004171,P00093642,F,55+,73,0,Uttar Pradesh,Central,Govt,Clothing & Apparel,4,3558.0,,
1003360,P00121642,M,26-35,26,1,Delhi,Central,IT Sector,Clothing & Apparel,3,3557.0,,
1001884,P00207942,F,46-50,49,1,Delhi,Central,Retail,Clothing & Apparel,1,3557.0,,
1001203,P00026642,M,26-35,26,1,Madhya Pradesh,Central,IT Sector,Clothing & Apparel,4,3557.0,,
1003512,P00091642,F,18-25,19,0,Uttarakhand,Central,Healthcare,Pet Care,1,3555.0,,
1005831,P00147942,F,26-35,33,1,Uttar Pradesh,Central,Agriculture,Pet Care,4,3554.0,,
1000515,P00059442,F,26-35,30,1,Himachal Pradesh,Northern,Aviation,Clothing & Apparel,1,3552.0,,
1004510,P00236942,F,46-50,46,1,Delhi,Central,Automobile,Pet Care,3,3551.0,,
1006035,P00192542,M,26-35,35,1,Maharashtra,Western,Hospitality,Clothing & Apparel,2,3551.0,,
1000839,P0096842,F,26-35,27,0,Haryana,Northern,Healthcare,Pet Care,3,3550.0,,
1005365,P00302742,F,18-25,25,1,Himachal Pradesh,Northern,Govt,Clothing & Apparel,4,3550.0,,
1005661,P00120242,M,26-35,26,0,Rajasthan,Northern,Govt,Clothing & Apparel,2,3548.0,,
1005364,P00303042,M,26-35,28,1,Uttar Pradesh,Central,IT Sector,Clothing & Apparel,1,3547.0,,
1002922,P00100842,F,26-35,29,1,Maharashtra,Western,Retail,Clothing & Apparel,3,3545.0,,
1001983,P00213942,F,26-35,29,1,Maharashtra,Western,IT Sector,Pet Care,4,3544.0,,
1001925,P00250642,F,51-55,53,0,Uttarakhand,Central,Govt,Pet Care,3,3538.0,,
1002164,P00179442,F,36-45,38,0,Himachal Pradesh,Northern,Retail,Clothing & Apparel,1,3536.0,,
1001710,P00242342,F,18-25,19,1,Uttar Pradesh,Central,Lawyer,Clothing & Apparel,4,3534.0,,
1002205,P00204842,M,26-35,32,1,Madhya Pradesh,Central,IT Sector,Clothing & Apparel,2,3533.0,,
1004001,P00009242,M,26-35,29,0,Karnataka,Southern,Automobile,Pet Care,3,3530.0,,
1004915,P00270942,F,26-35,28,0,Uttar Pradesh,Central,Aviation,Clothing & Apparel,4,3527.0,,
1005627,P00217142,F,26-35,34,0,Bihar,Eastern,Construction,Clothing & Apparel,2,3525.0,,
1003465,P0095842,F,26-35,33,0,Karnataka,Southern,Agriculture,Clothing & Apparel,2,3525.0,,
1005468,P00028842,F,26-35,27,0,Jharkhand,Eastern,Automobile,Clothing & Apparel,1,3524.0,,
1004460,P00000642,F,26-35,29,0,Himachal Pradesh,Northern,Food Processing,Pet Care,4,3523.0,,
1002251,P00252242,F,36-45,45,1,Kerala,Southern,Banking,Clothing & Apparel,1,3522.0,,
1002446,P00201442,F,18-25,21,0,Kerala,Southern,Healthcare,Clothing & Apparel,3,3521.0,,
1002756,P00118142,F,18-25,24,1,Maharashtra,Western,Lawyer,Clothing & Apparel,4,3520.0,,
1002874,P00087342,M,36-45,41,0,Karnataka,Southern,Retail,Clothing & Apparel,1,3519.0,,
1005005,P00326242,F,46-50,47,0,Maharashtra,Western,Banking,Pet Care,1,3519.0,,
1001434,P00035842,M,0-17,14,0,Uttar Pradesh,Central,IT Sector,Clothing & Apparel,1,3519.0,,
1001249,P00245942,F,36-45,36,1,Maharashtra,Western,Retail,Clothing & Apparel,2,3518.0,,
1005576,P00101042,F,26-35,34,0,Jharkhand,Eastern,Banking,Clothing & Apparel,4,3516.0,,
1005788,P00218842,F,26-35,26,1,Uttar Pradesh,Central,Healthcare,Pet Care,1,3516.0,,
1003469,P00189842,F,46-50,49,0,Uttar Pradesh,Central,IT Sector,Pet Care,3,3515.0,,
1004302,P00204742,F,51-55,52,1,Karnataka,Southern,Retail,Clothing & Apparel,3,3513.0,,
1004490,P00066242,F,36-45,42,1,AndhraÂ Pradesh,Southern,Retail,Clothing & Apparel,3,3511.0,,
1002051,P00081742,F,36-45,45,1,Karnataka,Southern,Media,Pet Care,1,3511.0,,
1005812,P00289342,M,26-35,29,0,Uttar Pradesh,Central,Healthcare,Clothing & Apparel,1,3511.0,,
1005645,P00114142,F,26-35,30,0,Uttarakhand,Central,Media,Clothing & Apparel,3,3511.0,,
1004602,P00034842,F,36-45,44,1,Uttarakhand,Central,Chemical,Clothing & Apparel,1,3511.0,,
1002793,P00198842,F,36-45,38,1,AndhraÂ Pradesh,Southern,Hospitality,Clothing & Apparel,2,3509.0,,
1000419,P00086342,F,18-25,24,0,Karnataka,Southern,Textile,Games & Toys,4,3509.0,,
1005443,P00042342,F,26-35,27,1,Kerala,Southern,Aviation,Clothing & Apparel,3,3509.0,,
1003328,P00022442,F,55+,66,1,Himachal Pradesh,Northern,Media,Clothing & Apparel,1,3507.0,,
1001587,P00174442,M,26-35,26,1,Uttar Pradesh,Central,Healthcare,Clothing & Apparel,2,3507.0,,
1003203,P00224742,F,36-45,43,0,Karnataka,Southern,Aviation,Pet Care,1,3506.0,,
1004277,P00038342,F,36-45,41,1,Uttar Pradesh,Central,Aviation,Clothing & Apparel,3,3506.0,,
1004150,P00190242,F,26-35,35,0,AndhraÂ Pradesh,Southern,Banking,Clothing & Apparel,2,3505.0,,
1002840,P00195342,F,26-35,31,0,Uttar Pradesh,Central,IT Sector,Pet Care,3,3505.0,,
1001177,P00293242,M,26-35,30,0,Uttar Pradesh,Central,IT Sector,Clothing & Apparel,2,3503.0,,
1004344,P00009042,F,26-35,28,1,Uttar Pradesh,Central,Banking,Clothing & Apparel,1,3501.0,,
1003838,P00268342,M,26-35,28,1,Uttar Pradesh,Central,Hospitality,Clothing & Apparel,3,3501.0,,
1002344,P00321742,F,26-35,28,1,Karnataka,Southern,Hospitality,Clothing & Apparel,1,3500.0,,
1005135,P00182442,F,36-45,45,1,Jharkhand,Eastern,Banking,Clothing & Apparel,4,3499.0,,
1003320,P00062842,F,26-35,26,0,Gujarat,Western,Healthcare,Clothing & Apparel,2,3496.0,,
1003612,P00101842,F,26-35,28,0,Karnataka,Southern,Agriculture,Pet Care,4,3496.0,,
1003096,P00368042,M,46-50,50,1,AndhraÂ Pradesh,Southern,Banking,Pet Care,1,3495.0,,
1003253,P00319342,M,36-45,43,1,Karnataka,Southern,Agriculture,Clothing & Apparel,3,3495.0,,
1004242,P00136742,F,51-55,52,0,Uttarakhand,Central,Automobile,Clothing & Apparel,4,3495.0,,
1003711,P00293242,F,36-45,44,1,Uttarakhand,Central,Healthcare,Clothing & Apparel,1,3491.0,,
1000752,P00141542,M,26-35,33,1,Maharashtra,Western,Hospitality,Clothing & Apparel,1,3488.0,,
1003679,P00289942,F,26-35,29,0,Punjab,Northern,Media,Clothing & Apparel,2,3488.0,,
1001880,P00265242,F,36-45,38,1,Jharkhand,Eastern,IT Sector,Clothing & Apparel,1,3487.0,,
1003053,P00158642,M,26-35,27,0,Punjab,Northern,Automobile,Clothing & Apparel,3,3487.0,,
1002010,P00194342,F,18-25,22,0,AndhraÂ Pradesh,Southern,Healthcare,Clothing & Apparel,3,3486.0,,
1001120,P00350942,F,18-25,20,0,Jharkhand,Eastern,Hospitality,Clothing & Apparel,4,3485.0,,
1001737,P00045342,F,36-45,36,1,Karnataka,Southern,Lawyer,Pet Care,4,3485.0,,
1003386,P00249142,F,18-25,23,0,Bihar,Eastern,Healthcare,Clothing & Apparel,1,3482.0,,
1002581,P00302942,F,26-35,29,1,Karnataka,Southern,Media,Pet Care,1,3480.0,,
1000922,P00153742,F,55+,83,0,Uttar Pradesh,Central,Textile,Clothing & Apparel,4,3480.0,,
1004258,P00337942,F,26-35,31,1,Jharkhand,Eastern,Banking,Clothing & Apparel,2,3478.0,,
1002015,P00260542,F,18-25,19,0,Uttar Pradesh,Central,IT Sector,Pet Care,1,3478.0,,
1002901,P00112342,F,26-35,35,1,Uttarakhand,Central,Lawyer,Clothing & Apparel,3,3478.0,,
1003518,P00304142,M,18-25,24,0,Kerala,Southern,Construction,Clothing & Apparel,4,3477.0,,
1002585,P00110742,F,46-50,50,0,Uttarakhand,Central,Agriculture,Clothing & Apparel,1,3477.0,,
1003729,P00136542,F,18-25,23,0,Himachal Pradesh,Northern,Aviation,Clothing & Apparel,4,3472.0,,
1002824,P00242742,F,18-25,25,1,Himachal Pradesh,Northern,Textile,Clothing & Apparel,3,3472.0,,
1004013,P00265242,F,26-35,30,0,Kerala,Southern,Textile,Clothing & Apparel,3,3471.0,,
1006000,P00232642,M,46-50,48,0,Maharashtra,Western,Media,Clothing & Apparel,1,3471.0,,
1001239,P00129842,M,26-35,30,0,Haryana,Northern,Healthcare,Games & Toys,2,3468.0,,
1002162,P00119142,M,0-17,15,0,Gujarat,Western,Healthcare,Clothing & Apparel,1,3467.0,,
1004049,P00145042,F,46-50,47,0,Jharkhand,Eastern,Healthcare,Clothing & Apparel,4,3465.0,,
1001552,P00190842,F,46-50,46,0,Uttar Pradesh,Central,Aviation,Clothing & Apparel,2,3464.0,,
1005014,P00117942,F,46-50,48,0,Karnataka,Southern,Aviation,Clothing & Apparel,3,3462.0,,
1000319,P00298142,M,51-55,52,1,Karnataka,Southern,Govt,Clothing & Apparel,2,3462.0,,
1004055,P00153742,F,51-55,52,0,Maharashtra,Western,Hospitality,Clothing & Apparel,3,3462.0,,
1001912,P00180542,F,26-35,27,1,Delhi,Central,Healthcare,Clothing & Apparel,1,3461.0,,
1002272,P00153842,F,26-35,33,0,Bihar,Eastern,Hospitality,Clothing & Apparel,3,3459.0,,
1003075,P00200642,M,26-35,30,0,Uttarakhand,Central,Aviation,Pet Care,3,3459.0,,
1000760,P00068442,F,55+,76,0,Delhi,Central,Hospitality,Pet Care,4,3455.0,,
1003425,P00146442,F,18-25,23,0,Uttar Pradesh,Central,Healthcare,Pet Care,2,3451.0,,
1001980,P00185142,F,36-45,39,1,Uttar Pradesh,Central,Automobile,Clothing & Apparel,2,3450.0,,
1003320,P00199442,F,26-35,33,0,Delhi,Central,Textile,Clothing & Apparel,4,3448.0,,
1001496,P00194142,F,26-35,28,0,Uttarakhand,Central,IT Sector,Pet Care,2,3448.0,,
1005734,P00273542,M,26-35,32,0,Uttar Pradesh,Central,Aviation,Clothing & Apparel,4,3447.0,,
1002438,P00216042,F,36-45,36,1,Uttarakhand,Central,Media,Clothing & Apparel,1,3447.0,,
1005636,P00270842,F,26-35,27,0,Uttar Pradesh,Central,Media,Pet Care,4,3446.0,,
1005222,P00127742,F,26-35,33,1,Bihar,Eastern,Chemical,Clothing & Apparel,4,3445.0,,
1001120,P00088342,F,18-25,25,0,Gujarat,Western,Chemical,Clothing & Apparel,1,3445.0,,
1005888,P00035942,F,26-35,29,0,Uttar Pradesh,Central,Hospitality,Clothing & Apparel,4,3445.0,,
1002393,P00255742,F,55+,71,1,Bihar,Eastern,Govt,Clothing & Apparel,2,3444.0,,
1002537,P00080042,F,36-45,40,1,Maharashtra,Western,Chemical,Clothing & Apparel,2,3441.0,,
1005511,P00120342,F,46-50,47,0,Haryana,Northern,Hospitality,Clothing & Apparel,2,3439.0,,
1001274,P00115342,F,46-50,48,1,Himachal Pradesh,Northern,Automobile,Clothing & Apparel,1,3439.0,,
1002457,P00026142,F,26-35,32,1,Jharkhand,Eastern,Aviation,Clothing & Apparel,4,3439.0,,
1004607,P00110042,F,26-35,26,0,Karnataka,Southern,Retail,Games & Toys,4,3439.0,,
1003075,P00010842,M,26-35,26,0,Maharashtra,Western,IT Sector,Clothing & Apparel,4,3439.0,,
1006000,P00249042,F,46-50,48,0,Telangana,Southern,Food Processing,Clothing & Apparel,2,3439.0,,
1001912,P00314242,M,26-35,30,0,Himachal Pradesh,Northern,Retail,Pet Care,1,3436.0,,
1004312,P00138842,F,26-35,30,1,Maharashtra,Western,Banking,Clothing & Apparel,3,3435.0,,
1003540,P00337842,F,18-25,19,0,Uttar Pradesh,Central,Textile,Clothing & Apparel,2,3434.0,,
1005157,P00265242,F,36-45,41,1,Uttarakhand,Central,Hospitality,Clothing & Apparel,2,3434.0,,
1003841,P00000642,F,46-50,47,0,Haryana,Northern,Govt,Clothing & Apparel,4,3433.0,,
1002223,P0097842,F,26-35,26,0,Maharashtra,Western,Aviation,Clothing & Apparel,4,3432.0,,
1001141,P00058142,M,26-35,33,1,Maharashtra,Western,IT Sector,Pet Care,1,3432.0,,
1003391,P00016042,F,18-25,21,1,Karnataka,Southern,Banking,Clothing & Apparel,3,3431.0,,
1005795,P00110742,F,26-35,27,0,Maharashtra,Western,Hospitality,Clothing & Apparel,2,3431.0,,
1004655,P00103042,M,26-35,28,1,Rajasthan,Northern,Banking,Pet Care,4,3430.0,,
1005317,P0096442,M,26-35,32,1,Madhya Pradesh,Central,Media,Clothing & Apparel,1,3429.0,,
1003600,P00156242,F,36-45,39,0,Maharashtra,Western,Lawyer,Clothing & Apparel,1,3429.0,,
1004207,P00272142,F,36-45,44,0,Karnataka,Southern,Automobile,Clothing & Apparel,1,3428.0,,
1001585,P00031042,F,55+,78,1,Himachal Pradesh,Northern,Textile,Clothing & Apparel,1,3427.0,,
1005333,P00249742,M,26-35,30,0,Madhya Pradesh,Central,Aviation,Clothing & Apparel,1,3426.0,,
1002605,P00028042,F,36-45,41,0,Uttar Pradesh,Central,Media,Clothing & Apparel,4,3426.0,,
1003572,P00230642,F,36-45,41,0,Uttar Pradesh,Central,Construction,Games & Toys,3,3425.0,,
1003916,P00251242,F,26-35,29,1,Karnataka,Southern,Chemical,Pet Care,4,3423.0,,
1003529,P00114942,M,46-50,47,0,Madhya Pradesh,Central,Retail,Pet Care,3,3423.0,,
1000435,P00045342,F,26-35,33,0,Himachal Pradesh,Northern,Healthcare,Games & Toys,2,3420.0,,
1000531,P00051142,M,18-25,21,1,Himachal Pradesh,Northern,Lawyer,Games & Toys,4,3358.0,,
1000591,P00357042,F,26-35,33,0,AndhraÂ Pradesh,Southern,IT Sector,Games & Toys,3,3354.0,,
1004303,P00109742,F,26-35,29,1,Maharashtra,Western,Construction,Games & Toys,1,3303.0,,
1003842,P00285842,M,36-45,43,0,Uttar Pradesh,Central,Automobile,Games & Toys,3,3271.0,,
1003823,P00112842,F,55+,61,0,Maharashtra,Western,Lawyer,Games & Toys,3,3266.0,,
1000048,P00003242,F,26-35,28,1,Madhya Pradesh,Central,Govt,Beauty,4,3235.0,,
1005470,P00315042,F,55+,66,0,Madhya Pradesh,Central,Healthcare,Beauty,3,3234.0,,
1001273,P00103242,F,36-45,44,0,AndhraÂ Pradesh,Southern,Aviation,Beauty,2,3229.0,,
1001113,P00118342,F,18-25,22,0,Gujarat,Western,Aviation,Games & Toys,3,3228.0,,
1005576,P00233542,F,26-35,30,1,Uttar Pradesh,Central,Food Processing,Games & Toys,4,3228.0,,
1005548,P00324942,M,18-25,19,1,Maharashtra,Western,Govt,Beauty,4,3207.0,,
1004879,P00252442,F,26-35,30,1,Madhya Pradesh,Central,IT Sector,Beauty,1,3205.0,,
1001195,P00317842,F,0-17,17,1,Madhya Pradesh,Central,Hospitality,Beauty,4,3201.0,,
1003792,P00129842,F,26-35,31,1,Madhya Pradesh,Central,Aviation,Beauty,3,3200.0,,
1001377,P00318742,F,36-45,40,0,Uttar Pradesh,Central,Construction,Games & Toys,4,3199.0,,
1005214,P00339042,M,36-45,44,0,Punjab,Northern,Media,Beauty,3,3197.0,,
1004117,P00139942,F,18-25,18,0,Madhya Pradesh,Central,Healthcare,Beauty,2,3194.0,,
1004411,P00017542,F,18-25,23,0,Delhi,Central,Aviation,Beauty,1,3189.0,,
1000336,P00052842,F,18-25,19,0,Maharashtra,Western,Retail,Beauty,1,3189.0,,
1005299,P00120742,F,26-35,27,1,Maharashtra,Western,Aviation,Beauty,2,3185.0,,
1003934,P00351242,F,26-35,30,0,Uttar Pradesh,Central,Aviation,Beauty,3,3185.0,,
1005806,P00189542,M,51-55,54,1,Karnataka,Southern,Govt,Beauty,3,3180.0,,
1001671,P00087142,F,36-45,45,1,Madhya Pradesh,Central,Hospitality,Beauty,3,3178.0,,
1002106,P00023342,M,18-25,24,1,Kerala,Southern,Govt,Beauty,3,3171.0,,
1005282,P00174442,M,18-25,21,0,Madhya Pradesh,Central,Healthcare,Beauty,1,3162.0,,
1004454,P00274542,F,26-35,30,0,Delhi,Central,Banking,Beauty,2,3160.0,,
1003878,P00252542,F,36-45,39,0,Madhya Pradesh,Central,Chemical,Beauty,2,3157.0,,
1002854,P00223442,M,18-25,18,1,Uttar Pradesh,Central,Media,Beauty,3,3157.0,,
1003118,P00200142,F,26-35,35,0,Delhi,Central,IT Sector,Beauty,3,3155.0,,
1004890,P00299142,M,26-35,31,0,Maharashtra,Western,Banking,Household items,3,3150.0,,
1005561,P00033442,M,26-35,30,0,Punjab,Northern,Aviation,Household items,4,3150.0,,
1003529,P00251342,M,46-50,49,1,Punjab,Northern,Aviation,Household items,1,3150.0,,
1003808,P00045842,F,26-35,29,0,Madhya Pradesh,Central,Banking,Beauty,2,3149.0,,
1003407,P00326042,M,46-50,49,0,Madhya Pradesh,Central,Lawyer,Beauty,2,3148.0,,
1000877,P00303942,M,26-35,26,0,Uttar Pradesh,Central,IT Sector,Household items,2,3148.0,,
1001831,P00028842,F,18-25,22,1,Maharashtra,Western,Lawyer,Household items,4,3147.0,,
1000195,P00071442,F,26-35,30,1,Uttar Pradesh,Central,Lawyer,Sports Products,1,3146.0,,
1002793,P00027542,M,36-45,45,1,Uttar Pradesh,Central,Hospitality,Household items,2,3146.0,,
1002967,P00073642,F,26-35,26,0,Delhi,Central,Govt,Household items,3,3144.0,,
1006036,P00255342,M,26-35,32,0,Delhi,Central,Media,Beauty,4,3144.0,,
1004682,P00270542,F,26-35,29,0,Uttar Pradesh,Central,Chemical,Household items,2,3144.0,,
1002376,P00181542,F,26-35,34,1,AndhraÂ Pradesh,Southern,Banking,Beauty,4,3143.0,,
1004429,P00111942,F,26-35,33,0,Karnataka,Southern,Retail,Household items,3,3143.0,,
1001211,P00113642,F,18-25,19,1,Uttar Pradesh,Central,Automobile,Beauty,4,3142.0,,
1001377,P00254842,F,36-45,40,1,Karnataka,Southern,Aviation,Household items,4,3141.0,,
1004231,P00051142,M,51-55,54,0,Gujarat,Western,Lawyer,Sports Products,4,3139.0,,
1003976,P00150142,M,26-35,33,1,Kerala,Southern,Healthcare,Beauty,2,3138.0,,
1001425,P00295742,F,0-17,15,0,Uttar Pradesh,Central,Agriculture,Household items,4,3137.0,,
1004408,P0096942,M,46-50,47,0,Maharashtra,Western,Govt,Household items,2,3136.0,,
1002073,P00058342,M,18-25,18,0,Karnataka,Southern,Aviation,Household items,3,3135.0,,
1005282,P00188042,M,18-25,24,1,AndhraÂ Pradesh,Southern,Automobile,Household items,2,3134.0,,
1001796,P00115142,F,51-55,52,0,AndhraÂ Pradesh,Southern,Automobile,Beauty,4,3134.0,,
1005282,P00188042,M,18-25,24,1,Gujarat,Western,Automobile,Household items,2,3134.0,,
1004323,P00190742,F,18-25,22,1,Maharashtra,Western,Healthcare,Household items,3,3134.0,,
1001413,P00347942,F,18-25,18,1,Karnataka,Southern,Banking,Household items,2,3133.0,,
1005838,P00265542,M,46-50,48,1,Maharashtra,Western,Chemical,Household items,1,3133.0,,
1003967,P00150342,M,18-25,22,1,Karnataka,Southern,Agriculture,Household items,2,3132.0,,
1005947,P00154042,M,46-50,50,0,Uttar Pradesh,Central,Aviation,Household items,1,3131.0,,
1005197,P00331942,M,55+,61,0,Bihar,Eastern,Food Processing,Household items,2,3130.0,,
1001638,P00365242,M,18-25,24,0,Haryana,Northern,Construction,Beauty,2,3129.0,,
1002535,P00247042,M,55+,71,1,Haryana,Northern,Banking,Household items,3,3129.0,,
1001124,P00281942,F,26-35,27,0,Delhi,Central,Retail,Household items,4,3128.0,,
1000061,P00337842,F,26-35,28,1,Karnataka,Southern,Construction,Household items,3,3128.0,,
1005636,P00111542,F,26-35,33,1,Karnataka,Southern,Textile,Household items,3,3128.0,,
1000712,P00064042,F,26-35,29,1,Maharashtra,Western,Food Processing,Household items,3,3128.0,,
1000009,P00307642,F,26-35,31,1,Delhi,Central,Automobile,Household items,3,3127.0,,
1003501,P00101842,M,36-45,40,0,Karnataka,Southern,IT Sector,Household items,4,3127.0,,
1001894,P00273642,M,36-45,45,1,Karnataka,Southern,Healthcare,Household items,2,3127.0,,
1002414,P00204742,F,26-35,29,0,Madhya Pradesh,Central,Healthcare,Beauty,1,3127.0,,
1000607,P00184942,F,26-35,26,1,Delhi,Central,Hospitality,Household items,2,3126.0,,
1003780,P00102342,M,0-17,17,0,Himachal Pradesh,Northern,Govt,Household items,3,3126.0,,
1003894,P00115542,F,36-45,38,0,Madhya Pradesh,Central,IT Sector,Beauty,4,3126.0,,
1004286,P00353142,F,36-45,43,1,Madhya Pradesh,Central,IT Sector,Beauty,1,3125.0,,
1005501,P00237142,F,26-35,31,0,Maharashtra,Western,Construction,Household items,3,3125.0,,
1005140,P00313142,F,26-35,32,0,Delhi,Central,Healthcare,Household items,2,3124.0,,
1002777,P00206342,F,18-25,24,1,Madhya Pradesh,Central,Chemical,Beauty,1,3124.0,,
1003808,P00168442,F,26-35,34,0,Maharashtra,Western,IT Sector,Household items,3,3124.0,,
1005650,P00064042,M,36-45,43,1,Karnataka,Southern,Healthcare,Household items,4,3123.0,,
1001201,P00251542,F,18-25,23,1,Delhi,Central,Food Processing,Household items,2,3121.0,,
1005241,P00003442,M,26-35,26,1,Delhi,Central,Agriculture,Household items,4,3121.0,,
1002807,P00084542,M,36-45,38,0,Delhi,Central,IT Sector,Household items,3,3121.0,,
1005964,P00316742,F,18-25,19,0,Karnataka,Southern,Retail,Sports Products,4,3121.0,,
1000281,P00085242,M,36-45,36,1,Madhya Pradesh,Central,Banking,Household items,2,3121.0,,
1001211,P00064242,F,18-25,25,0,Delhi,Central,Banking,Household items,4,3120.0,,
1004508,P00302542,F,26-35,28,0,Karnataka,Southern,Aviation,Household items,1,3120.0,,
1002401,P00118842,F,26-35,33,1,Karnataka,Southern,Food Processing,Household items,1,3120.0,,
1001509,P00324942,F,0-17,16,0,Maharashtra,Western,Govt,Household items,1,3119.0,,
1004085,P00222042,M,26-35,33,1,Rajasthan,Northern,Govt,Household items,2,3119.0,,
1002752,P00211142,F,26-35,35,0,Uttar Pradesh,Central,Aviation,Household items,3,3119.0,,
1002033,P00310142,M,46-50,48,1,Uttar Pradesh,Central,IT Sector,Beauty,3,3119.0,,
1002205,P00303042,M,26-35,30,0,Himachal Pradesh,Northern,Aviation,Household items,3,3118.0,,
1003474,P00086042,M,36-45,43,0,Madhya Pradesh,Central,Construction,Household items,2,3118.0,,
1000669,P00000642,F,26-35,32,1,Karnataka,Southern,Textile,Household items,4,3117.0,,
1002928,P00058242,F,26-35,33,0,Kerala,Southern,Automobile,Household items,4,3116.0,,
1001177,P00034842,M,26-35,34,1,Kerala,Southern,Media,Household items,2,3116.0,,
1001669,P00234742,M,26-35,29,1,AndhraÂ Pradesh,Southern,IT Sector,Household items,2,3115.0,,
1002873,P00266942,M,18-25,24,1,Maharashtra,Western,Chemical,Household items,2,3115.0,,
1003425,P00199442,F,18-25,18,0,Uttar Pradesh,Central,IT Sector,Household items,2,3115.0,,
1000655,P00045642,M,26-35,27,1,Bihar,Eastern,Hospitality,Household items,4,3114.0,,
1005507,P00250342,F,46-50,47,0,Madhya Pradesh,Central,IT Sector,Beauty,1,3114.0,,
1004672,P00220442,M,55+,69,0,Madhya Pradesh,Central,Lawyer,Beauty,3,3114.0,,
1003503,P00158542,F,18-25,23,0,Maharashtra,Western,IT Sector,Household items,2,3112.0,,
1001942,P00035742,F,36-45,38,1,Maharashtra,Western,IT Sector,Sports Products,2,3111.0,,
1004140,P00289442,M,26-35,33,1,Delhi,Central,IT Sector,Household items,3,3110.0,,
1003532,P00207942,M,36-45,38,1,Madhya Pradesh,Central,IT Sector,Household items,4,3110.0,,
1004062,P00031042,F,26-35,26,1,Uttar Pradesh,Central,Media,Household items,4,3110.0,,
1003808,P00213542,F,26-35,32,0,Delhi,Central,Aviation,Household items,3,3109.0,,
1001422,P00092442,M,36-45,45,0,Karnataka,Southern,Aviation,Household items,3,3109.0,,
1002497,P00331542,M,51-55,52,1,Uttarakhand,Central,Construction,Household items,2,3109.0,,
1002192,P00318742,M,26-35,35,0,Himachal Pradesh,Northern,Media,Household items,2,3108.0,,
1002288,P00357042,F,0-17,16,1,Kerala,Southern,Govt,Household items,1,3108.0,,
1005136,P00000742,F,26-35,29,0,Delhi,Central,IT Sector,Household items,3,3107.0,,
1001494,P00030942,F,26-35,33,1,Karnataka,Southern,Agriculture,Household items,4,3107.0,,
1001837,P00254442,F,26-35,35,1,Delhi,Central,Healthcare,Household items,3,3106.0,,
1002798,P00304442,F,36-45,41,1,Madhya Pradesh,Central,Hospitality,Beauty,4,3104.0,,
1003083,P0095742,M,51-55,52,0,Uttarakhand,Central,Healthcare,Household items,4,3104.0,,
1003285,P00010242,F,26-35,32,0,Maharashtra,Western,Banking,Household items,1,3103.0,,
1005208,P00274942,M,26-35,35,1,Uttar Pradesh,Central,Aviation,Household items,2,3103.0,,
1003807,P00091342,M,36-45,36,0,AndhraÂ Pradesh,Southern,IT Sector,Household items,2,3102.0,,
1001946,P00158242,F,26-35,34,0,Maharashtra,Western,Lawyer,Household items,4,3102.0,,
1000999,P00129042,F,26-35,33,0,Karnataka,Southern,Chemical,Household items,3,3101.0,,
1000919,P00295942,M,36-45,36,0,Delhi,Central,Textile,Household items,4,3100.0,,
1001124,P00197042,F,26-35,33,0,Karnataka,Southern,Textile,Household items,4,3100.0,,
1005861,P00100642,M,51-55,53,0,Bihar,Eastern,Lawyer,Household items,4,3098.0,,
1001369,P00305042,F,26-35,31,0,Maharashtra,Western,Healthcare,Household items,1,3098.0,,
1004728,P00048742,F,26-35,28,1,Delhi,Central,Textile,Household items,3,3097.0,,
1004849,P00252942,M,18-25,23,0,Karnataka,Southern,Aviation,Household items,1,3095.0,,
1000377,P00087042,F,26-35,28,1,Karnataka,Southern,Lawyer,Household items,3,3095.0,,
1004899,P00226342,F,26-35,34,1,Karnataka,Southern,Automobile,Sports Products,1,3095.0,,
1000735,P00246142,F,26-35,26,0,Karnataka,Southern,Banking,Household items,1,3094.0,,
1004386,P00173042,F,26-35,28,0,Maharashtra,Western,Retail,Household items,4,3094.0,,
1003829,P00307642,M,26-35,29,0,Maharashtra,Western,Banking,Household items,2,3094.0,,
1004467,P00221342,M,51-55,52,0,Uttarakhand,Central,Lawyer,Household items,2,3092.0,,
1002649,P00303242,M,26-35,34,1,Delhi,Central,Govt,Household items,4,3091.0,,
1000877,P0099342,F,26-35,27,0,Karnataka,Southern,IT Sector,Household items,1,3090.0,,
1005681,P00108842,M,26-35,27,1,Madhya Pradesh,Central,Healthcare,Household items,4,3090.0,,
1005468,P00050342,F,26-35,34,0,Maharashtra,Western,IT Sector,Household items,4,3090.0,,
1004889,P00084442,F,18-25,23,0,AndhraÂ Pradesh,Southern,Govt,Beauty,3,3089.0,,
1003129,P00041942,F,26-35,27,1,Delhi,Central,Construction,Household items,3,3089.0,,
1005677,P00242742,F,26-35,35,0,Maharashtra,Western,Food Processing,Household items,3,3088.0,,
1004591,P00113042,F,26-35,26,1,Karnataka,Southern,IT Sector,Household items,3,3087.0,,
1005283,P00332242,F,18-25,18,1,Uttar Pradesh,Central,Aviation,Household items,2,3087.0,,
1004386,P00100842,F,26-35,26,0,Maharashtra,Western,Lawyer,Household items,4,3086.0,,
1004223,P00358342,M,36-45,37,0,Punjab,Northern,Aviation,Household items,4,3086.0,,
1003371,P00297642,F,26-35,28,0,Uttar Pradesh,Central,Govt,Household items,4,3086.0,,
1002742,P00134342,F,26-35,32,0,Uttar Pradesh,Central,Lawyer,Household items,2,3086.0,,
1004535,P00182142,F,18-25,21,0,Karnataka,Southern,Govt,Household items,4,3084.0,,
1005539,P00088742,M,26-35,30,0,Madhya Pradesh,Central,Automobile,Household items,1,3083.0,,
1004334,P00116742,M,26-35,33,1,Delhi,Central,IT Sector,Household items,3,3082.0,,
1002457,P00246742,F,26-35,30,1,Karnataka,Southern,Aviation,Household items,2,3082.0,,
1002497,P00176342,M,51-55,53,0,AndhraÂ Pradesh,Southern,Textile,Beauty,4,3079.0,,
1005643,P00048442,M,36-45,37,0,Madhya Pradesh,Central,Healthcare,Household items,2,3078.0,,
1002383,P00286642,M,26-35,33,1,Uttarakhand,Central,Govt,Household items,1,3078.0,,
1003425,P00207842,F,18-25,24,0,Maharashtra,Western,IT Sector,Household items,1,3076.0,,
1003704,P00028842,M,36-45,44,1,Delhi,Central,Lawyer,Household items,4,3075.0,,
1002337,P00248442,M,36-45,40,0,Karnataka,Southern,Construction,Household items,4,3075.0,,
1002060,P00309242,F,0-17,16,0,Delhi,Central,Retail,Household items,3,3074.0,,
1003931,P00049542,F,26-35,28,0,Maharashtra,Western,IT Sector,Household items,3,3074.0,,
1004137,P00284642,F,26-35,31,1,Uttar Pradesh,Central,Hospitality,Beauty,4,3073.0,,
1001065,P00021842,M,26-35,34,1,Uttar Pradesh,Central,Lawyer,Household items,2,3073.0,,
1004367,P00119242,M,36-45,36,0,Uttarakhand,Central,Chemical,Household items,4,3073.0,,
1000765,P00207942,F,26-35,27,0,Karnataka,Southern,Retail,Household items,3,3072.0,,
1005956,P00035342,M,18-25,20,0,AndhraÂ Pradesh,Southern,IT Sector,Household items,2,3071.0,,
1005652,P00010742,F,18-25,22,0,Delhi,Central,Aviation,Household items,3,3071.0,,
1005011,P00244242,M,18-25,19,0,Karnataka,Southern,Banking,Household items,4,3071.0,,
1004436,P00102142,F,26-35,35,1,Madhya Pradesh,Central,Banking,Beauty,2,3071.0,,
1004771,P00312942,M,26-35,27,1,Delhi,Central,Food Processing,Beauty,2,3070.0,,
1003670,P00358442,F,46-50,46,0,Madhya Pradesh,Central,Agriculture,Beauty,2,3069.0,,
1002015,P00302342,F,18-25,18,0,Delhi,Central,Chemical,Household items,4,3068.0,,
1002453,P00361842,F,26-35,27,1,Kerala,Southern,Aviation,Household items,3,3066.0,,
1003087,P00088842,M,0-17,14,0,Karnataka,Southern,Healthcare,Beauty,4,3065.0,,
1003389,P00249542,F,18-25,23,1,Karnataka,Southern,Govt,Household items,2,3065.0,,
1005827,P00138542,F,26-35,33,1,Uttar Pradesh,Central,Textile,Household items,4,3065.0,,
1001626,P00026642,F,18-25,25,0,Maharashtra,Western,Aviation,Household items,2,3064.0,,
1000392,P00110942,F,18-25,21,0,Karnataka,Southern,IT Sector,Household items,3,3062.0,,
1002437,P00058042,F,26-35,35,0,Kerala,Southern,Lawyer,Household items,2,3062.0,,
1005972,P00315542,M,26-35,33,0,Maharashtra,Western,IT Sector,Household items,3,3061.0,,
1002029,P00193642,M,26-35,26,0,Uttar Pradesh,Central,Construction,Household items,4,3061.0,,
1005451,P00299842,M,26-35,31,1,Uttar Pradesh,Central,Govt,Household items,4,3061.0,,
1004790,P00115542,M,26-35,33,1,Uttar Pradesh,Central,Chemical,Household items,3,3061.0,,
1001758,P00321942,M,26-35,30,0,Delhi,Central,Banking,Household items,4,3060.0,,
1000648,P00115842,M,26-35,28,1,Maharashtra,Western,Banking,Household items,3,3058.0,,
1004361,P00074142,F,36-45,41,0,Madhya Pradesh,Central,Govt,Beauty,4,3057.0,,
1005954,P00105642,F,46-50,46,1,Madhya Pradesh,Central,IT Sector,Beauty,4,3057.0,,
1002237,P00348342,M,36-45,38,0,Haryana,Northern,IT Sector,Household items,1,3056.0,,
1000426,P00301542,F,18-25,19,0,Maharashtra,Western,Lawyer,Household items,3,3056.0,,
1002237,P00348342,M,36-45,38,0,Rajasthan,Northern,IT Sector,Household items,2,3056.0,,
1001193,P00153142,F,26-35,26,1,Karnataka,Southern,Aviation,Household items,2,3054.0,,
1004237,P00214842,F,26-35,30,1,Maharashtra,Western,Banking,Household items,2,3054.0,,
1000777,P00114942,M,18-25,22,0,Delhi,Central,Textile,Beauty,4,3053.0,,
1003265,P00028542,F,26-35,27,1,Karnataka,Southern,Construction,Household items,1,3053.0,,
1003425,P00219942,F,18-25,19,0,Maharashtra,Western,IT Sector,Household items,1,3053.0,,
1001899,P00172842,M,46-50,50,1,Maharashtra,Western,Food Processing,Household items,3,3052.0,,
1003768,P00105342,F,26-35,34,0,Madhya Pradesh,Central,Banking,Beauty,2,3051.0,,
1000425,P00129842,F,26-35,28,1,Maharashtra,Western,Aviation,Household items,2,3051.0,,
1003055,P00032842,M,26-35,30,1,Maharashtra,Western,Textile,Household items,4,3051.0,,
1002641,P00279442,F,26-35,30,1,Maharashtra,Western,Govt,Household items,1,3050.0,,
1000840,P00271142,M,26-35,26,1,Karnataka,Southern,Aviation,Household items,2,3049.0,,
1000929,P00350342,F,26-35,30,1,Maharashtra,Western,IT Sector,Household items,4,3049.0,,
1001132,P00002942,F,18-25,24,1,Maharashtra,Western,Agriculture,Household items,1,3048.0,,
1005988,P00003442,F,26-35,32,0,Delhi,Central,Healthcare,Household items,1,3047.0,,
1004167,P00266542,F,26-35,32,0,Madhya Pradesh,Central,Healthcare,Beauty,1,3046.0,,
1002042,P00313542,M,0-17,14,0,Delhi,Central,Hospitality,Household items,2,3045.0,,
1005841,P00039942,M,36-45,44,0,AndhraÂ Pradesh,Southern,Retail,Beauty,4,3044.0,,
1001303,P00046142,M,26-35,29,1,Delhi,Central,Media,Household items,2,3044.0,,
1004682,P00226842,F,26-35,27,0,Maharashtra,Western,Chemical,Household items,3,3044.0,,
1003950,P00080042,F,26-35,29,0,Maharashtra,Western,Banking,Household items,3,3043.0,,
1004797,P00036942,M,36-45,43,0,Uttar Pradesh,Central,IT Sector,Household items,4,3043.0,,
1002262,P00329542,F,46-50,47,1,Uttar Pradesh,Central,Aviation,Beauty,2,3043.0,,
1001943,P00295942,F,18-25,24,0,Karnataka,Southern,Automobile,Household items,4,3042.0,,
1005029,P00207942,F,26-35,33,0,Karnataka,Southern,Lawyer,Household items,2,3042.0,,
1001752,P00009242,F,26-35,33,0,Maharashtra,Western,Automobile,Household items,3,3042.0,,
1005567,P00033942,F,51-55,52,0,Maharashtra,Western,Lawyer,Beauty,4,3042.0,,
1005623,P00196542,F,26-35,35,1,Karnataka,Southern,Lawyer,Household items,1,3040.0,,
1003506,P00101942,F,18-25,22,0,Maharashtra,Western,Banking,Household items,4,3040.0,,
1004901,P00181542,F,26-35,27,0,Delhi,Central,Retail,Beauty,2,3039.0,,
1000408,P00119042,M,26-35,30,0,Delhi,Central,Aviation,Household items,2,3039.0,,
1005085,P00065442,F,55+,77,0,Delhi,Central,Banking,Beauty,1,3039.0,,
1004007,P00237542,F,36-45,42,1,Madhya Pradesh,Central,Lawyer,Beauty,3,3038.0,,
1005512,P00304142,M,26-35,29,0,Delhi,Central,Lawyer,Household items,1,3037.0,,
1005512,P00304142,M,26-35,29,0,Himachal Pradesh,Northern,Lawyer,Household items,3,3037.0,,
1001407,P00184942,M,36-45,38,0,Karnataka,Southern,Govt,Household items,1,3037.0,,
1002453,P00035842,M,26-35,28,0,Karnataka,Southern,Aviation,Household items,3,3036.0,,
1000045,P00034642,M,46-50,49,0,Karnataka,Southern,Govt,Household items,4,3035.0,,
1003509,P00211142,F,18-25,25,0,Maharashtra,Western,Lawyer,Household items,4,3035.0,,
1003378,P00179542,F,18-25,24,0,Delhi,Central,Govt,Household items,3,3034.0,,
1004041,P00138542,F,18-25,25,0,Karnataka,Southern,Hospitality,Household items,2,3034.0,,
1001632,P00313442,M,26-35,31,0,Karnataka,Southern,Chemical,Household items,1,3033.0,,
1000881,P00192642,F,18-25,23,0,Maharashtra,Western,Textile,Household items,4,3033.0,,
1005070,P00100842,M,26-35,26,0,Uttar Pradesh,Central,Construction,Household items,4,3033.0,,
1003292,P00086242,M,51-55,52,0,Uttar Pradesh,Central,Aviation,Household items,1,3033.0,,
1003859,P00303242,F,26-35,31,1,Delhi,Central,IT Sector,Household items,4,3032.0,,
1005636,P00232342,F,26-35,29,1,Karnataka,Southern,IT Sector,Household items,3,3031.0,,
1001182,P00006842,M,0-17,16,0,Bihar,Eastern,Lawyer,Household items,4,3030.0,,
1005232,P00059642,F,26-35,34,1,Maharashtra,Western,Aviation,Household items,3,3030.0,,
1001974,P00285642,F,36-45,42,1,Maharashtra,Western,Construction,Household items,4,3030.0,,
1001278,P00260042,F,18-25,19,1,Uttar Pradesh,Central,Media,Household items,3,3029.0,,
1004952,P00044442,M,26-35,35,1,Uttar Pradesh,Central,Aviation,Beauty,2,3029.0,,
1003512,P00304642,F,18-25,22,1,Delhi,Central,IT Sector,Household items,1,3028.0,,
1005638,P00148042,F,18-25,23,1,Delhi,Central,IT Sector,Household items,4,3025.0,,
1001211,P00158342,F,18-25,22,0,Maharashtra,Western,Banking,Household items,2,3025.0,,
1000785,P00066542,F,18-25,25,1,Delhi,Central,Govt,Beauty,2,3023.0,,
1002122,P00249542,F,36-45,44,0,Uttar Pradesh,Central,Govt,Beauty,2,3023.0,,
1005004,P00216742,M,55+,88,1,Uttar Pradesh,Central,IT Sector,Household items,2,3023.0,,
1001680,P00179942,M,26-35,26,1,Karnataka,Southern,IT Sector,Household items,2,3022.0,,
1004831,P00084942,M,26-35,28,1,Maharashtra,Western,IT Sector,Household items,1,3022.0,,
1000375,P00295242,F,26-35,29,0,Maharashtra,Western,Aviation,Household items,1,3022.0,,
1002081,P00310042,F,18-25,18,1,Maharashtra,Western,Food Processing,Household items,3,3021.0,,
1006025,P00170942,M,26-35,28,0,Delhi,Central,Banking,Household items,2,3020.0,,
1000260,P00321342,F,18-25,23,0,Karnataka,Southern,Automobile,Household items,1,3019.0,,
1004531,P00338542,F,18-25,20,0,Kerala,Southern,Lawyer,Household items,3,3019.0,,
1002900,P00283942,F,18-25,19,0,Madhya Pradesh,Central,Hospitality,Beauty,1,3019.0,,
1000746,P00184642,M,18-25,24,1,Maharashtra,Western,IT Sector,Household items,4,3019.0,,
1003173,P00352942,F,26-35,31,1,Karnataka,Southern,Hospitality,Household items,3,3018.0,,
1003067,P00016542,M,26-35,34,0,Gujarat,Western,Lawyer,Household items,2,3017.0,,
1003924,P00101542,F,51-55,54,0,Karnataka,Southern,Healthcare,Household items,3,3017.0,,
1000321,P00154042,F,18-25,19,1,Maharashtra,Western,Aviation,Household items,4,3017.0,,
1004213,P00145442,M,36-45,39,0,Delhi,Central,Chemical,Household items,4,3016.0,,
1004589,P00018242,F,26-35,26,0,Maharashtra,Western,IT Sector,Household items,1,3016.0,,
1000689,P00230442,M,51-55,55,0,Rajasthan,Northern,Construction,Household items,2,3016.0,,
1005071,P00274042,M,26-35,26,0,Uttar Pradesh,Central,Banking,Household items,4,3014.0,,
1000102,P00229342,F,36-45,37,1,Uttar Pradesh,Central,Food Processing,Sports Products,3,3013.0,,
1004688,P00346942,F,26-35,35,1,Maharashtra,Western,Aviation,Household items,1,3012.0,,
1005884,P00178642,F,18-25,22,0,Uttar Pradesh,Central,Banking,Household items,4,3010.0,,
1005744,P00053042,M,26-35,28,0,Bihar,Eastern,IT Sector,Household items,4,3009.0,,
1005312,P00143642,F,26-35,32,0,Delhi,Central,Media,Household items,3,3009.0,,
1000777,P00015242,M,18-25,22,0,Karnataka,Southern,IT Sector,Household items,2,3009.0,,
1002030,P00278642,F,26-35,26,0,Karnataka,Southern,Textile,Household items,2,3009.0,,
1003603,P00184042,M,36-45,39,0,Karnataka,Southern,IT Sector,Household items,1,3009.0,,
1001354,P00054042,M,26-35,28,1,Madhya Pradesh,Central,Banking,Household items,1,3009.0,,
1002665,P00266542,F,36-45,43,1,Jharkhand,Eastern,Chemical,Household items,4,3008.0,,
1000802,P00136742,F,26-35,27,1,Madhya Pradesh,Central,Aviation,Beauty,2,3008.0,,
1004274,P00223542,M,46-50,49,0,Kerala,Southern,Food Processing,Household items,2,3007.0,,
1003569,P00208842,M,18-25,20,1,Madhya Pradesh,Central,Aviation,Household items,1,3007.0,,
1001447,P00024642,F,18-25,19,0,Karnataka,Southern,IT Sector,Household items,4,3006.0,,
1005955,P00136742,M,26-35,30,1,Uttarakhand,Central,Media,Household items,4,3006.0,,
1000412,P00327442,F,36-45,41,0,Karnataka,Southern,Banking,Household items,4,3005.0,,
1005454,P00276042,F,36-45,43,0,Karnataka,Southern,Govt,Household items,1,3005.0,,
1001203,P00131542,M,26-35,28,1,Uttar Pradesh,Central,IT Sector,Beauty,2,3005.0,,
1001575,P00113142,M,51-55,53,1,Uttar Pradesh,Central,Aviation,Household items,2,3004.0,,
1003085,P00118142,F,26-35,32,0,Karnataka,Southern,Govt,Household items,4,3003.0,,
1001899,P00075642,M,46-50,47,1,Maharashtra,Western,Food Processing,Household items,2,3003.0,,
1005902,P00086442,F,51-55,52,0,Maharashtra,Western,Govt,Household items,4,3001.0,,
1000146,P00266042,M,36-45,44,1,Rajasthan,Northern,IT Sector,Household items,2,3001.0,,
1001367,P00253242,F,26-35,31,0,Uttar Pradesh,Central,IT Sector,Household items,2,3001.0,,
1002974,P00250642,F,18-25,25,0,Maharashtra,Western,Construction,Household items,4,3000.0,,
1001025,P00249642,M,26-35,34,1,Uttar Pradesh,Central,Lawyer,Household items,3,3000.0,,
1003452,P00112442,F,26-35,33,0,Maharashtra,Western,Healthcare,Beauty,1,2994.0,,
1000963,P00327242,F,26-35,34,1,Uttar Pradesh,Central,Retail,Beauty,3,2989.0,,
1001598,P00148642,F,36-45,42,0,Uttar Pradesh,Central,Healthcare,Beauty,4,2988.0,,
1005426,P00150042,F,26-35,28,1,Madhya Pradesh,Central,Media,Beauty,1,2987.0,,
1003410,P00191542,F,36-45,39,1,AndhraÂ Pradesh,Southern,Banking,Beauty,3,2982.0,,
1000149,P00276242,F,26-35,29,1,Uttar Pradesh,Central,Media,Beauty,2,2979.0,,
1003378,P00004742,F,18-25,23,1,Delhi,Central,IT Sector,Beauty,4,2977.0,,
1001920,P00244042,M,36-45,38,0,Himachal Pradesh,Northern,Media,Beauty,1,2972.0,,
1004520,P00146742,F,26-35,29,0,Madhya Pradesh,Central,Healthcare,Beauty,2,2969.0,,
1004028,P00346142,F,26-35,34,1,Madhya Pradesh,Central,IT Sector,Beauty,3,2960.0,,
1001328,P00110942,F,36-45,43,1,Madhya Pradesh,Central,Govt,Beauty,1,2957.0,,
1000284,P00320842,F,26-35,28,0,Uttar Pradesh,Central,IT Sector,Beauty,1,2955.0,,
1002540,P00028842,M,46-50,50,0,Himachal Pradesh,Northern,Healthcare,Sports Products,3,2952.0,,
1004356,P00349442,F,36-45,41,0,Madhya Pradesh,Central,Banking,Beauty,4,2948.0,,
1004521,P00277642,F,36-45,38,0,Madhya Pradesh,Central,Healthcare,Sports Products,2,2943.0,,
1004577,P00113242,F,36-45,39,0,Maharashtra,Western,Retail,Sports Products,1,2897.0,,
1004016,P00137242,F,51-55,54,0,Uttar Pradesh,Central,Media,Pet Care,4,2872.0,,
1004345,P00111842,M,26-35,33,0,Karnataka,Southern,Aviation,Pet Care,3,2869.0,,
1004855,P00204742,F,26-35,31,0,Maharashtra,Western,IT Sector,Pet Care,2,2867.0,,
1005220,P00250242,F,26-35,29,1,Himachal Pradesh,Northern,Aviation,Pet Care,3,2860.0,,
1001140,P00181542,M,46-50,50,0,Telangana,Southern,Banking,Pet Care,1,2859.0,,
1004418,P00286842,M,51-55,52,0,Delhi,Central,IT Sector,Pet Care,3,2857.0,,
1003829,P00173842,M,26-35,31,0,Uttar Pradesh,Central,Chemical,Pet Care,4,2853.0,,
1004353,P00113342,F,26-35,27,0,Karnataka,Southern,Construction,Pet Care,4,2851.0,,
1003860,P00292242,F,46-50,46,0,Himachal Pradesh,Northern,Healthcare,Pet Care,3,2850.0,,
1004018,P00346142,M,46-50,47,1,Uttar Pradesh,Central,Hospitality,Pet Care,2,2846.0,,
1005915,P00145642,F,18-25,24,0,Karnataka,Southern,Construction,Pet Care,2,2844.0,,
1003401,P00184642,F,36-45,43,0,Maharashtra,Western,Construction,Sports Products,2,2844.0,,
1000854,P00337542,M,26-35,27,0,Himachal Pradesh,Northern,Healthcare,Pet Care,4,2839.0,,
1000199,P00159242,F,18-25,18,0,Uttar Pradesh,Central,Healthcare,Pet Care,2,2839.0,,
1000854,P00337542,M,26-35,27,0,Uttar Pradesh,Central,Healthcare,Pet Care,4,2839.0,,
1005084,P00136542,F,18-25,19,1,Maharashtra,Western,Govt,Pet Care,3,2836.0,,
1003096,P00316642,M,46-50,47,0,Gujarat,Western,Lawyer,Pet Care,2,2835.0,,
1002796,P00316642,F,26-35,33,1,Uttar Pradesh,Central,Lawyer,Pet Care,3,2833.0,,
1000590,P00144442,M,36-45,40,0,Jharkhand,Eastern,Chemical,Pet Care,1,2831.0,,
1004084,P00010842,F,55+,76,0,Uttar Pradesh,Central,Banking,Pet Care,3,2830.0,,
1002506,P00271142,M,26-35,34,0,Maharashtra,Western,Healthcare,Pet Care,2,2826.0,,
1002848,P00295942,F,26-35,28,0,Uttar Pradesh,Central,Construction,Pet Care,3,2826.0,,
1005408,P00189842,F,26-35,28,1,Karnataka,Southern,Aviation,Pet Care,4,2825.0,,
1005950,P00274042,F,26-35,29,1,Karnataka,Southern,Aviation,Pet Care,4,2825.0,,
1004786,P00001142,F,46-50,50,1,AndhraÂ Pradesh,Southern,Food Processing,Pet Care,4,2824.0,,
1004486,P00317742,M,36-45,39,0,Uttar Pradesh,Central,Food Processing,Pet Care,1,2817.0,,
1005658,P00213042,F,55+,91,1,Himachal Pradesh,Northern,IT Sector,Pet Care,3,2815.0,,
1001424,P00110642,F,36-45,40,1,Uttarakhand,Central,Govt,Pet Care,3,2813.0,,
1001474,P00028542,F,26-35,27,0,Himachal Pradesh,Northern,Healthcare,Pet Care,4,2811.0,,
1005643,P00328842,M,36-45,39,0,Uttar Pradesh,Central,Aviation,Pet Care,2,2811.0,,
1003343,P00065242,M,18-25,21,0,Madhya Pradesh,Central,Retail,Pet Care,1,2808.0,,
1002436,P00048742,F,26-35,33,0,Haryana,Northern,Aviation,Pet Care,3,2805.0,,
1005954,P00226442,F,46-50,49,1,Himachal Pradesh,Northern,Media,Pet Care,2,2801.0,,
1000863,P00284842,F,26-35,35,1,Maharashtra,Western,Textile,Pet Care,3,2801.0,,
1004054,P00303342,F,36-45,36,0,Uttar Pradesh,Central,Lawyer,Pet Care,1,2801.0,,
1000148,P00047842,F,51-55,52,1,Haryana,Northern,Media,Pet Care,1,2798.0,,
1004849,P00177542,M,18-25,21,0,Uttar Pradesh,Central,Retail,Pet Care,3,2798.0,,
1003808,P00146742,F,26-35,34,1,Karnataka,Southern,Automobile,Pet Care,2,2792.0,,
1000148,P00183342,F,51-55,52,1,Bihar,Eastern,Healthcare,Pet Care,3,2790.0,,
1001599,P00221242,F,26-35,32,0,Maharashtra,Western,Healthcare,Pet Care,4,2790.0,,
1005029,P00140742,F,26-35,33,0,Maharashtra,Western,Healthcare,Sports Products,1,2789.0,,
1001998,P00309242,M,51-55,53,1,Maharashtra,Western,Aviation,Pet Care,3,2787.0,,
1002380,P00129542,F,26-35,35,0,Karnataka,Southern,Aviation,Pet Care,2,2786.0,,
1002681,P00231442,M,26-35,35,0,Uttar Pradesh,Central,Healthcare,Sports Products,1,2786.0,,
1000438,P00127642,F,18-25,22,0,Uttarakhand,Central,Hospitality,Pet Care,4,2786.0,,
1004477,P00116342,M,26-35,30,1,Gujarat,Western,Govt,Pet Care,4,2782.0,,
1001512,P00366542,F,26-35,32,1,Karnataka,Southern,Hospitality,Pet Care,1,2782.0,,
1005074,P00081142,F,0-17,15,0,Uttarakhand,Central,Govt,Pet Care,2,2782.0,,
1004220,P00207042,F,36-45,39,0,Haryana,Northern,Aviation,Pet Care,3,2781.0,,
1000129,P00212742,F,26-35,32,1,Himachal Pradesh,Northern,Retail,Pet Care,4,2781.0,,
1003762,P00200442,F,51-55,52,0,Uttar Pradesh,Central,IT Sector,Sports Products,1,2779.0,,
1004607,P00184942,F,26-35,28,1,Uttar Pradesh,Central,Chemical,Pet Care,2,2771.0,,
1003483,P00326642,M,46-50,48,0,Uttar Pradesh,Central,Food Processing,Pet Care,2,2766.0,,
1002466,P00327142,F,26-35,30,0,Uttar Pradesh,Central,Healthcare,Pet Care,2,2765.0,,
1000957,P00111842,F,36-45,36,1,Madhya Pradesh,Central,Govt,Pet Care,2,2763.0,,
1003942,P00116742,F,18-25,24,0,Gujarat,Western,Aviation,Pet Care,3,2762.0,,
1003481,P00102142,F,18-25,18,1,Maharashtra,Western,Hospitality,Pet Care,3,2754.0,,
1005385,P00274942,F,26-35,30,1,Haryana,Northern,Automobile,Pet Care,3,2751.0,,
1002634,P00318742,F,55+,60,1,Delhi,Central,Aviation,Pet Care,1,2748.0,,
1000787,P00350442,F,18-25,25,0,Uttarakhand,Central,IT Sector,Pet Care,2,2747.0,,
1005579,P00028842,M,36-45,37,0,Himachal Pradesh,Northern,Aviation,Pet Care,1,2746.0,,
1000149,P00152742,F,26-35,34,1,Karnataka,Southern,Aviation,Pet Care,4,2746.0,,
1004508,P00167742,F,26-35,30,1,Maharashtra,Western,Textile,Pet Care,1,2743.0,,
1001505,P00240142,F,51-55,54,0,Maharashtra,Western,Aviation,Pet Care,2,2742.0,,
1003462,P00285842,M,26-35,32,1,AndhraÂ Pradesh,Southern,Textile,Pet Care,3,2740.0,,
1003687,P00358442,M,51-55,55,0,Madhya Pradesh,Central,Healthcare,Pet Care,2,2739.0,,
1005458,P00297042,M,18-25,21,0,Madhya Pradesh,Central,IT Sector,Pet Care,2,2737.0,,
1001119,P00059642,F,36-45,44,0,Bihar,Eastern,Healthcare,Sports Products,4,2733.0,,
1004808,P00345642,F,36-45,38,0,Maharashtra,Western,Media,Sports Products,4,2700.0,,
1001150,P00002742,M,26-35,35,0,Punjab,Northern,Hospitality,Household items,3,2400.0,,
1005755,P00142342,M,36-45,36,0,Delhi,Central,IT Sector,Household items,3,2397.0,,
1001425,P00026042,M,0-17,13,0,Gujarat,Western,Agriculture,Household items,4,2397.0,,
1003690,P00006142,F,18-25,19,1,Karnataka,Southern,Aviation,Household items,4,2396.0,,
1005938,P00334542,F,26-35,32,0,Kerala,Southern,IT Sector,Household items,2,2396.0,,
1002608,P00118542,M,26-35,35,0,Karnataka,Southern,Media,Household items,2,2395.0,,
1002186,P00223542,F,18-25,24,0,Uttar Pradesh,Central,IT Sector,Household items,2,2395.0,,
1003506,P00150342,F,18-25,23,0,Karnataka,Southern,Textile,Household items,1,2394.0,,
1004006,P00182242,F,0-17,16,0,Uttar Pradesh,Central,Aviation,Household items,2,2393.0,,
1000577,P00034042,M,36-45,39,1,Madhya Pradesh,Central,Textile,Household items,4,2392.0,,
1003679,P00298442,F,26-35,29,1,Uttar Pradesh,Central,Govt,Household items,2,2392.0,,
1004823,P00295742,F,18-25,23,0,Delhi,Central,Healthcare,Household items,2,2390.0,,
1000590,P00053842,M,36-45,37,0,AndhraÂ Pradesh,Southern,Govt,Household items,4,2389.0,,
1004140,P00113342,F,26-35,28,0,Maharashtra,Western,IT Sector,Household items,2,2389.0,,
1001333,P00177842,F,26-35,33,1,Maharashtra,Western,Banking,Household items,3,2388.0,,
1004977,P00183342,F,26-35,28,1,Uttar Pradesh,Central,Banking,Household items,1,2388.0,,
1003319,P00087142,M,55+,81,0,Kerala,Southern,Construction,Household items,4,2386.0,,
1004828,P00217742,M,18-25,21,0,Kerala,Southern,Healthcare,Household items,4,2384.0,,
1002186,P00352142,M,18-25,19,0,Maharashtra,Western,IT Sector,Household items,1,2384.0,,
1003562,P00207942,M,26-35,32,1,AndhraÂ Pradesh,Southern,Construction,Household items,3,2383.0,,
1005406,P00174042,M,36-45,39,1,Delhi,Central,Aviation,Household items,1,2383.0,,
1003650,P00289942,F,26-35,31,0,Karnataka,Southern,Govt,Household items,1,2382.0,,
1003790,P00345842,M,26-35,26,1,Maharashtra,Western,Textile,Household items,3,2382.0,,
1005181,P00025442,F,26-35,32,1,Maharashtra,Western,IT Sector,Household items,4,2381.0,,
1000331,P00052042,F,26-35,29,0,Karnataka,Southern,Banking,Household items,3,2380.0,,
1000139,P00196042,M,26-35,26,1,Karnataka,Southern,Food Processing,Household items,4,2379.0,,
1004541,P00251642,F,0-17,16,1,Maharashtra,Western,Lawyer,Household items,3,2378.0,,
1001764,P00041642,F,18-25,20,0,Delhi,Central,Construction,Household items,3,2375.0,,
1004085,P00128242,M,26-35,31,1,Karnataka,Southern,Retail,Household items,1,2375.0,,
1005458,P00317842,M,18-25,22,1,Haryana,Northern,Lawyer,Household items,1,2373.0,,
1000855,P00258242,M,18-25,20,0,Karnataka,Southern,Retail,Household items,2,2372.0,,
1004183,P00124242,F,26-35,30,1,Maharashtra,Western,Media,Household items,4,2372.0,,
1004509,P00346142,M,26-35,26,0,Uttar Pradesh,Central,IT Sector,Household items,2,2372.0,,
1003562,P00233142,M,26-35,30,0,Delhi,Central,Aviation,Household items,1,2371.0,,
1001448,P00233742,M,26-35,29,1,Bihar,Eastern,Hospitality,Household items,1,2370.0,,
1002063,P00149342,F,26-35,34,1,Uttar Pradesh,Central,Aviation,Household items,3,2370.0,,
1005079,P00080342,F,26-35,28,0,Uttar Pradesh,Central,Food Processing,Household items,4,2368.0,,
1002055,P00245342,F,51-55,51,1,Karnataka,Southern,IT Sector,Household items,4,2367.0,,
1001509,P00146042,F,0-17,15,0,Maharashtra,Western,Lawyer,Household items,1,2367.0,,
1003079,P00318742,M,26-35,28,0,Uttar Pradesh,Central,Aviation,Household items,2,2367.0,,
1005000,P00178142,F,26-35,32,1,Karnataka,Southern,Agriculture,Household items,4,2363.0,,
1000509,P00078842,F,26-35,27,1,Uttar Pradesh,Central,IT Sector,Household items,1,2362.0,,
1001173,P00005142,M,26-35,31,0,Rajasthan,Northern,Lawyer,Household items,4,2361.0,,
1001173,P00005142,M,26-35,31,0,Uttarakhand,Central,Lawyer,Household items,3,2361.0,,
1005039,P00110142,M,36-45,36,1,Madhya Pradesh,Central,Aviation,Household items,1,2360.0,,
1004009,P00313442,F,18-25,20,1,Maharashtra,Western,Aviation,Household items,2,2360.0,,
1001113,P00319342,F,18-25,21,0,Maharashtra,Western,IT Sector,Household items,1,2360.0,,
1005329,P00108542,M,26-35,30,1,AndhraÂ Pradesh,Southern,Media,Household items,1,2359.0,,
1005576,P00046742,F,26-35,27,0,Maharashtra,Western,Aviation,Household items,3,2358.0,,
1005420,P00126242,F,0-17,17,0,Karnataka,Southern,Agriculture,Household items,4,2356.0,,
1000570,P00328142,F,26-35,33,0,Karnataka,Southern,Agriculture,Household items,2,2355.0,,
1000301,P00027142,M,18-25,24,0,Delhi,Central,Chemical,Household items,2,2354.0,,
1004647,P00228442,M,36-45,38,1,Delhi,Central,Govt,Household items,4,2354.0,,
1003390,P00177142,M,46-50,48,0,Uttar Pradesh,Central,IT Sector,Household items,2,2353.0,,
1002677,P00036842,M,36-45,40,1,Karnataka,Southern,Lawyer,Household items,2,2352.0,,
1001264,P00228442,F,26-35,34,0,Delhi,Central,Healthcare,Household items,1,2350.0,,
1003851,P00251242,F,26-35,29,0,Maharashtra,Western,Healthcare,Household items,3,2350.0,,
1000065,P00051142,F,36-45,36,1,Maharashtra,Western,Aviation,Household items,1,2349.0,,
1000970,P00115542,F,26-35,31,0,Maharashtra,Western,Govt,Household items,1,2347.0,,
1003065,P00150342,M,18-25,20,1,Delhi,Central,Aviation,Household items,1,2346.0,,
1001510,P00179742,M,26-35,35,1,Karnataka,Southern,Automobile,Household items,1,2345.0,,
1005833,P00005742,M,36-45,38,0,Bihar,Eastern,Textile,Household items,4,2340.0,,
1001329,P00046742,F,18-25,24,0,Karnataka,Southern,Hospitality,Household items,4,2339.0,,
1001181,P00218342,F,36-45,45,0,Karnataka,Southern,Chemical,Household items,2,2339.0,,
1000710,P00283942,F,26-35,33,0,Karnataka,Southern,Aviation,Household items,3,2338.0,,
1005079,P00010842,M,26-35,30,0,Delhi,Central,Banking,Household items,2,2336.0,,
1001489,P00112242,M,36-45,42,0,Karnataka,Southern,Lawyer,Household items,2,2334.0,,
1001266,P00187842,F,26-35,30,0,Uttar Pradesh,Central,Aviation,Household items,3,2333.0,,
1001593,P00006842,F,26-35,27,1,Kerala,Southern,Govt,Household items,1,2332.0,,
1001962,P00009242,M,18-25,25,0,Haryana,Northern,Food Processing,Household items,4,2330.0,,
1002063,P00335442,M,26-35,31,1,Delhi,Central,IT Sector,Household items,1,2327.0,,
1003729,P00131142,F,18-25,21,0,Maharashtra,Western,Banking,Household items,3,2326.0,,
1002030,P00313542,M,26-35,35,1,Karnataka,Southern,Retail,Household items,4,2324.0,,
1000793,P00197342,M,36-45,36,1,Rajasthan,Northern,Automobile,Household items,2,2324.0,,
1001968,P00241642,F,26-35,27,0,Maharashtra,Western,Banking,Household items,1,2323.0,,
1002565,P00031842,M,36-45,45,0,Delhi,Central,IT Sector,Household items,3,2322.0,,
1001099,P00005142,F,26-35,32,1,Maharashtra,Western,Aviation,Household items,1,2320.0,,
1002071,P00120142,F,46-50,50,0,Maharashtra,Western,Construction,Household items,1,2320.0,,
1002814,P00188742,F,36-45,44,0,Karnataka,Southern,Govt,Household items,4,2318.0,,
1001516,P00324942,M,26-35,26,1,Delhi,Central,Hospitality,Household items,4,2313.0,,
1002815,P00303342,M,36-45,43,0,Delhi,Central,IT Sector,Household items,4,2313.0,,
1001068,P00141842,M,18-25,19,0,Bihar,Eastern,Healthcare,Household items,1,2312.0,,
1005030,P00250342,F,18-25,22,1,Kerala,Southern,IT Sector,Household items,3,2312.0,,
1005433,P00211142,M,36-45,41,1,Uttar Pradesh,Central,Banking,Household items,4,2312.0,,
1003430,P00293342,M,46-50,47,1,Uttar Pradesh,Central,Aviation,Household items,1,2312.0,,
1003055,P00263442,M,26-35,32,1,AndhraÂ Pradesh,Southern,Textile,Household items,1,2311.0,,
1000233,P00342742,M,46-50,49,0,Punjab,Northern,IT Sector,Household items,2,2309.0,,
1000801,P00174442,M,26-35,33,1,Kerala,Southern,Chemical,Electronics & Gadgets,2,2308.0,,
1001767,P00361842,F,26-35,34,1,Delhi,Central,Healthcare,Household items,2,2307.0,,
1004387,P00106042,M,18-25,21,1,Karnataka,Southern,Automobile,Electronics & Gadgets,2,2305.0,,
1004404,P00150142,F,26-35,28,1,Haryana,Northern,Aviation,Electronics & Gadgets,3,2304.0,,
1004404,P00150142,F,26-35,28,1,Haryana,Northern,Aviation,Electronics & Gadgets,3,2304.0,,
1001902,P00312742,F,26-35,26,1,Himachal Pradesh,Northern,Hospitality,Electronics & Gadgets,1,2304.0,,
1003778,P00182342,F,26-35,33,1,Karnataka,Southern,IT Sector,Household items,3,2304.0,,
1002895,P00346342,F,26-35,31,0,Maharashtra,Western,Healthcare,Electronics & Gadgets,4,2304.0,,
1005335,P00113242,F,26-35,35,1,Delhi,Central,Aviation,Household items,4,2303.0,,
1005492,P00150842,F,18-25,21,1,Uttar Pradesh,Central,Banking,Household items,2,2303.0,,
1003471,P00100442,F,18-25,20,0,Karnataka,Southern,Lawyer,Household items,1,2302.0,,
1004167,P00110542,F,26-35,30,0,Uttar Pradesh,Central,IT Sector,Household items,3,2302.0,,
1004508,P00122442,F,26-35,35,0,Karnataka,Southern,Media,Household items,4,2301.0,,
1003229,P00084442,M,55+,64,0,Maharashtra,Western,Healthcare,Household items,1,2301.0,,
1005113,P00082342,F,26-35,34,1,Punjab,Northern,Chemical,Electronics & Gadgets,3,2299.0,,
1005954,P00211042,F,46-50,50,1,Kerala,Southern,Banking,Electronics & Gadgets,1,2298.0,,
1002232,P00351742,F,26-35,34,0,Maharashtra,Western,Aviation,Household items,3,2293.0,,
1004535,P00080042,F,18-25,25,1,Uttar Pradesh,Central,Chemical,Household items,3,2292.0,,
1003929,P00118442,F,26-35,33,0,Karnataka,Southern,Govt,Household items,4,2290.0,,
1001605,P00110842,M,18-25,19,0,Delhi,Central,Chemical,Household items,2,2288.0,,
1001127,P00110842,F,26-35,29,0,Karnataka,Southern,Lawyer,Household items,3,2281.0,,
1003086,P00220442,F,18-25,23,0,Delhi,Central,Automobile,Household items,1,2280.0,,
1001303,P00000142,M,26-35,27,1,Delhi,Central,IT Sector,Household items,2,2280.0,,
1003833,P00237542,F,26-35,35,0,Karnataka,Southern,Healthcare,Household items,4,2280.0,,
1005370,P00262242,F,26-35,33,0,Uttarakhand,Central,Hospitality,Electronics & Gadgets,2,2280.0,,
1000746,P00307642,M,18-25,19,1,Karnataka,Southern,Banking,Electronics & Gadgets,1,2277.0,,
1005038,P00066042,M,26-35,35,1,Karnataka,Southern,IT Sector,Household items,3,2276.0,,
1003610,P00175542,F,18-25,19,0,Karnataka,Southern,Chemical,Household items,4,2275.0,,
1000651,P00217942,M,36-45,36,1,Madhya Pradesh,Central,Healthcare,Household items,2,2275.0,,
1001620,P00114442,F,26-35,30,1,Maharashtra,Western,Aviation,Household items,2,2274.0,,
1002753,P00036142,M,51-55,55,1,Maharashtra,Western,Lawyer,Household items,1,2274.0,,
1002430,P00127242,F,26-35,34,1,Delhi,Central,Aviation,Household items,3,2273.0,,
1004013,P00183242,F,26-35,26,0,Karnataka,Southern,Automobile,Household items,4,2273.0,,
1005099,P00017542,F,18-25,21,0,Karnataka,Southern,Media,Household items,3,2272.0,,
1002388,P00341342,F,55+,78,1,Maharashtra,Western,IT Sector,Electronics & Gadgets,1,2272.0,,
1000058,P00274242,F,26-35,28,0,Karnataka,Southern,Healthcare,Household items,1,2271.0,,
1001806,P00255842,F,18-25,25,0,Maharashtra,Western,Chemical,Household items,2,2271.0,,
1000390,P00367242,F,26-35,29,0,Karnataka,Southern,Media,Household items,4,2267.0,,
1004121,P00244342,F,46-50,49,0,Maharashtra,Western,Banking,Household items,4,2267.0,,
1000644,P00064442,F,26-35,27,1,Karnataka,Southern,Banking,Household items,3,2266.0,,
1001599,P00313342,F,26-35,34,1,Uttar Pradesh,Central,Aviation,Household items,3,2264.0,,
1003067,P00075342,M,26-35,33,0,Maharashtra,Western,Lawyer,Household items,1,2261.0,,
1003547,P00293342,M,36-45,37,0,Uttar Pradesh,Central,Construction,Decor,1,2260.0,,
1000355,P00268342,F,18-25,22,0,Maharashtra,Western,Lawyer,Household items,2,2257.0,,
1003391,P00022842,F,18-25,24,1,AndhraÂ Pradesh,Southern,Banking,Electronics & Gadgets,1,2256.0,,
1004143,P00261242,M,26-35,31,0,Himachal Pradesh,Northern,Automobile,Household items,3,2256.0,,
1004143,P00261242,M,26-35,31,0,Uttar Pradesh,Central,Automobile,Household items,1,2256.0,,
1002541,P00303642,M,36-45,37,0,Uttarakhand,Central,IT Sector,Electronics & Gadgets,4,2256.0,,
1001440,P00114442,F,36-45,44,1,Maharashtra,Western,IT Sector,Household items,3,2254.0,,
1000864,P00265342,M,26-35,34,1,Punjab,Northern,IT Sector,Household items,2,2252.0,,
1000291,P00321742,F,36-45,38,1,Rajasthan,Northern,IT Sector,Electronics & Gadgets,2,2250.0,,
1005691,P00251242,F,36-45,36,0,Maharashtra,Western,IT Sector,Decor,1,2245.0,,
1004354,P00178242,F,36-45,45,0,Punjab,Northern,Retail,Electronics & Gadgets,2,2245.0,,
1004962,P00119642,F,26-35,31,1,Kerala,Southern,Govt,Electronics & Gadgets,3,2243.0,,
1001980,P00180342,F,36-45,43,1,Rajasthan,Northern,IT Sector,Electronics & Gadgets,2,2230.0,,
1002105,P00004742,F,26-35,30,1,AndhraÂ Pradesh,Southern,Hospitality,Electronics & Gadgets,4,2217.0,,
1000911,P00176542,F,51-55,53,1,Jharkhand,Eastern,Healthcare,Electronics & Gadgets,4,2217.0,,
1003914,P00117042,F,36-45,43,1,Madhya Pradesh,Central,Automobile,Electronics & Gadgets,4,2216.0,,
1005453,P00086342,F,18-25,22,1,Karnataka,Southern,Aviation,Electronics & Gadgets,2,2211.0,,
1000644,P00330442,F,26-35,32,0,Kerala,Southern,Construction,Electronics & Gadgets,3,2195.0,,
1003095,P00230442,M,26-35,33,1,Uttar Pradesh,Central,Aviation,Pet Care,2,2188.0,,
1004732,P00111942,F,26-35,31,0,Jharkhand,Eastern,IT Sector,Pet Care,2,2187.0,,
1004803,P00294142,M,26-35,33,1,Uttar Pradesh,Central,Banking,Pet Care,1,2184.0,,
1002895,P00303142,F,26-35,34,0,Rajasthan,Northern,Healthcare,Electronics & Gadgets,1,2183.0,,
1002895,P00303142,F,26-35,34,0,Telangana,Southern,Healthcare,Electronics & Gadgets,3,2183.0,,
1004260,P00346742,F,26-35,31,1,Uttarakhand,Central,Textile,Pet Care,3,2183.0,,
1001074,P00103042,F,46-50,47,1,Bihar,Eastern,Banking,Pet Care,2,2180.0,,
1000301,P00331942,F,18-25,25,1,Kerala,Southern,Construction,Electronics & Gadgets,2,2180.0,,
1000301,P00331942,F,18-25,25,1,Maharashtra,Western,Construction,Decor,3,2180.0,,
1001287,P00367042,M,51-55,54,0,Punjab,Northern,Chemical,Pet Care,2,2178.0,,
1005140,P00346642,F,26-35,33,0,Himachal Pradesh,Northern,Construction,Pet Care,4,2177.0,,
1003538,P00274942,M,36-45,43,1,Jharkhand,Eastern,Govt,Pet Care,2,2176.0,,
1003093,P00301542,M,46-50,50,1,Uttar Pradesh,Central,Media,Pet Care,4,2175.0,,
1004910,P00242742,F,18-25,18,0,Haryana,Northern,Lawyer,Pet Care,4,2173.0,,
1001733,P00300042,F,18-25,21,1,Himachal Pradesh,Northern,Food Processing,Pet Care,2,2171.0,,
1002386,P00191042,M,26-35,26,1,Haryana,Northern,Hospitality,Pet Care,4,2167.0,,
1004592,P00280742,M,18-25,20,0,Maharashtra,Western,Healthcare,Pet Care,3,2165.0,,
1003261,P00227942,F,46-50,50,1,Himachal Pradesh,Northern,Agriculture,Pet Care,4,2163.0,,
1002645,P00057442,F,26-35,26,1,Uttar Pradesh,Central,Aviation,Electronics & Gadgets,2,2163.0,,
1000240,P00221442,F,51-55,51,0,Karnataka,Southern,IT Sector,Pet Care,3,2162.0,,
1003391,P00105142,F,18-25,24,1,Maharashtra,Western,Banking,Pet Care,1,2160.0,,
1001774,P00013942,F,26-35,26,0,Maharashtra,Western,Media,Pet Care,1,2160.0,,
1004680,P00110942,F,36-45,41,1,Maharashtra,Western,Hospitality,Pet Care,4,2159.0,,
1001311,P00188742,F,18-25,19,0,Uttar Pradesh,Central,Textile,Pet Care,1,2159.0,,
1003399,P00182742,F,26-35,27,1,Bihar,Eastern,Chemical,Pet Care,3,2157.0,,
1002665,P00192242,F,36-45,41,1,Gujarat,Western,IT Sector,Electronics & Gadgets,3,2152.0,,
1002136,P00183342,M,36-45,45,1,Karnataka,Southern,Food Processing,Pet Care,4,2150.0,,
1000411,P00033542,M,46-50,48,1,Uttar Pradesh,Central,Govt,Pet Care,1,2149.0,,
1005103,P00016742,M,36-45,37,0,Gujarat,Western,Agriculture,Electronics & Gadgets,2,2148.0,,
1004526,P00177842,F,26-35,30,1,Telangana,Southern,Automobile,Electronics & Gadgets,2,2148.0,,
1004526,P00177842,F,26-35,30,1,Uttarakhand,Central,Automobile,Electronics & Gadgets,1,2148.0,,
1002544,P00183942,F,46-50,49,1,AndhraÂ Pradesh,Southern,Hospitality,Pet Care,4,2147.0,,
1002812,P00352142,F,26-35,34,0,Bihar,Eastern,Banking,Pet Care,2,2147.0,,
1003621,P00080342,F,18-25,21,0,Gujarat,Western,Retail,Electronics & Gadgets,3,2146.0,,
1005401,P00006142,M,18-25,19,1,Delhi,Central,Govt,Pet Care,3,2145.0,,
1004294,P00305042,F,0-17,17,0,Karnataka,Southern,Food Processing,Pet Care,1,2144.0,,
1001595,P00116742,F,36-45,38,1,Uttar Pradesh,Central,Govt,Pet Care,2,2143.0,,
1000910,P00085442,M,51-55,51,1,Karnataka,Southern,IT Sector,Electronics & Gadgets,1,2140.0,,
1001675,P00191742,M,26-35,29,0,Maharashtra,Western,Retail,Electronics & Gadgets,1,2139.0,,
1001675,P00191742,M,26-35,29,0,Maharashtra,Western,Retail,Electronics & Gadgets,3,2139.0,,
1003118,P00160942,F,26-35,29,0,Karnataka,Southern,Govt,Pet Care,1,2138.0,,
1000321,P00234842,F,18-25,18,1,Uttar Pradesh,Central,Lawyer,Pet Care,2,2133.0,,
1004028,P00113142,F,26-35,32,0,Himachal Pradesh,Northern,Automobile,Pet Care,2,2131.0,,
1001523,P00351842,F,26-35,34,1,Himachal Pradesh,Northern,Hospitality,Pet Care,1,2130.0,,
1001366,P00296042,M,0-17,14,0,Jharkhand,Eastern,Construction,Pet Care,1,2130.0,,
1002685,P00181842,F,46-50,46,1,Maharashtra,Western,Chemical,Pet Care,1,2130.0,,
1002179,P00210042,M,26-35,32,0,Haryana,Northern,Automobile,Pet Care,2,2129.0,,
1002015,P00192642,F,18-25,20,0,Maharashtra,Western,Banking,Decor,4,2128.0,,
1000126,P00110042,F,18-25,19,1,Bihar,Eastern,Govt,Electronics & Gadgets,2,2126.0,,
1002088,P00314342,F,51-55,51,0,Maharashtra,Western,IT Sector,Pet Care,3,2124.0,,
1000256,P00278042,F,46-50,48,1,Punjab,Northern,Healthcare,Electronics & Gadgets,4,2123.0,,
1005433,P00032042,M,36-45,41,1,Himachal Pradesh,Northern,IT Sector,Electronics & Gadgets,2,2120.0,,
1000183,P00200642,M,46-50,50,0,Delhi,Central,Hospitality,Pet Care,4,2119.0,,
1000235,P00074142,F,26-35,26,0,Karnataka,Southern,Retail,Pet Care,4,2118.0,,
1003311,P00016742,F,26-35,30,1,Uttarakhand,Central,Healthcare,Pet Care,1,2116.0,,
1001882,P00282442,F,36-45,40,0,Uttar Pradesh,Central,Healthcare,Pet Care,4,2114.0,,
1000129,P00136142,F,26-35,29,0,AndhraÂ Pradesh,Southern,Govt,Pet Care,2,2113.0,,
1001390,P00277942,F,36-45,41,1,Uttar Pradesh,Central,Media,Pet Care,4,2112.0,,
1004522,P00293042,F,46-50,47,0,Haryana,Northern,Media,Pet Care,3,2111.0,,
1003086,P00355142,F,18-25,18,0,Karnataka,Southern,Healthcare,Pet Care,1,2111.0,,
1003125,P00177542,F,26-35,26,1,Uttar Pradesh,Central,Agriculture,Pet Care,1,2109.0,,
1005754,P00111142,M,18-25,24,0,Haryana,Northern,Banking,Pet Care,3,2106.0,,
1004055,P00150042,F,51-55,52,0,Haryana,Northern,Textile,Electronics & Gadgets,4,2106.0,,
1000360,P00187442,F,36-45,45,0,Uttarakhand,Central,Chemical,Pet Care,4,2106.0,,
1001505,P00110842,F,51-55,53,0,Bihar,Eastern,Retail,Pet Care,4,2105.0,,
1000971,P00266642,F,26-35,27,0,Uttar Pradesh,Central,Lawyer,Pet Care,3,2100.0,,
1004049,P00221042,F,46-50,49,0,Bihar,Eastern,Hospitality,Pet Care,1,2091.0,,
1004715,P00196542,F,26-35,35,1,Uttar Pradesh,Central,Construction,Decor,2,2088.0,,
1004715,P00196542,F,26-35,35,1,Uttar Pradesh,Central,Construction,Electronics & Gadgets,4,2088.0,,
1000655,P00029742,M,26-35,29,0,AndhraÂ Pradesh,Southern,Banking,Pet Care,4,2087.0,,
1000541,P00129542,M,18-25,23,0,Jharkhand,Eastern,Construction,Electronics & Gadgets,3,2086.0,,
1003955,P00194442,F,36-45,40,1,Maharashtra,Western,Healthcare,Pet Care,2,2086.0,,
1004976,P00337542,F,26-35,30,1,Madhya Pradesh,Central,IT Sector,Pet Care,2,2082.0,,
1004005,P00190142,M,36-45,37,0,Gujarat,Western,Govt,Pet Care,3,2076.0,,
1002264,P00078542,M,46-50,48,1,Karnataka,Southern,IT Sector,Pet Care,4,2076.0,,
1003864,P00159542,F,51-55,55,0,Uttar Pradesh,Central,Govt,Electronics & Gadgets,4,2076.0,,
1002934,P0095342,M,36-45,36,0,Madhya Pradesh,Central,Automobile,Pet Care,2,2075.0,,
1003565,P00057442,F,26-35,26,0,Haryana,Northern,Aviation,Electronics & Gadgets,3,2074.0,,
1004098,P00114942,F,36-45,37,0,Uttar Pradesh,Central,Hospitality,Electronics & Gadgets,3,2073.0,,
1002055,P00321042,F,51-55,53,0,Punjab,Northern,Textile,Electronics & Gadgets,3,2072.0,,
1002146,P00114942,F,18-25,21,1,Karnataka,Southern,Aviation,Pet Care,4,2071.0,,
1003824,P00211042,F,26-35,31,1,Karnataka,Southern,Automobile,Pet Care,2,2069.0,,
1001302,P00263542,F,18-25,19,0,Jharkhand,Eastern,Healthcare,Pet Care,3,2064.0,,
1003807,P00158542,M,36-45,38,0,AndhraÂ Pradesh,Southern,Media,Pet Care,3,2062.0,,
1004339,P00332242,F,26-35,35,0,Uttarakhand,Central,Hospitality,Pet Care,4,2062.0,,
1003410,P00122442,F,36-45,41,0,Uttar Pradesh,Central,Retail,Pet Care,2,2057.0,,
1001748,P00036442,F,51-55,55,1,Maharashtra,Western,IT Sector,Pet Care,4,2056.0,,
1001899,P00115742,M,46-50,47,1,Rajasthan,Northern,Banking,Pet Care,2,2056.0,,
1005338,P00237542,F,26-35,33,0,Bihar,Eastern,Lawyer,Pet Care,2,2054.0,,
1002994,P00221942,F,36-45,36,0,Maharashtra,Western,Healthcare,Pet Care,1,2054.0,,
1000225,P00110342,F,26-35,27,0,Madhya Pradesh,Central,IT Sector,Pet Care,2,2053.0,,
1001271,P00294442,M,46-50,49,1,Uttar Pradesh,Central,Aviation,Pet Care,3,2053.0,,
1003089,P00127442,F,46-50,50,0,Uttarakhand,Central,Hospitality,Electronics & Gadgets,2,2052.0,,
1003709,P00057742,F,26-35,30,0,Uttarakhand,Central,Healthcare,Clothing & Apparel,2,2049.0,,
1000064,P00270642,F,18-25,21,0,Uttar Pradesh,Central,Construction,Clothing & Apparel,1,2047.0,,
1005483,P00212942,M,26-35,32,1,Haryana,Northern,Healthcare,Clothing & Apparel,1,2046.0,,
1001983,P00030442,F,26-35,27,0,Maharashtra,Western,Healthcare,Clothing & Apparel,4,2046.0,,
1004138,P00220442,F,26-35,34,1,Himachal Pradesh,Northern,Banking,Clothing & Apparel,3,2045.0,,
1002679,P00277642,M,18-25,18,0,Maharashtra,Western,Govt,Clothing & Apparel,1,2045.0,,
1003312,P00332742,M,18-25,23,1,Maharashtra,Western,Food Processing,Clothing & Apparel,1,2042.0,,
1000127,P00293242,M,46-50,47,1,Delhi,Central,IT Sector,Clothing & Apparel,3,2041.0,,
1002020,P00324942,F,26-35,32,1,Uttar Pradesh,Central,IT Sector,Clothing & Apparel,2,2032.0,,
1004903,P00240842,F,36-45,41,1,Madhya Pradesh,Central,Banking,Clothing & Apparel,2,2030.0,,
1002018,P00111942,F,36-45,43,1,Himachal Pradesh,Northern,Aviation,Clothing & Apparel,1,2027.0,,
1000445,P00368142,F,46-50,50,1,Madhya Pradesh,Central,IT Sector,Clothing & Apparel,2,2025.0,,
1005152,P00033642,M,26-35,32,0,Bihar,Eastern,Media,Electronics & Gadgets,3,2023.0,,
1005978,P00331242,F,36-45,44,0,Maharashtra,Western,Retail,Clothing & Apparel,1,2023.0,,
1003858,P00109542,M,46-50,48,1,Himachal Pradesh,Northern,Media,Electronics & Gadgets,3,2015.0,,
1002751,P00207042,M,26-35,29,0,Uttar Pradesh,Central,Aviation,Clothing & Apparel,2,2015.0,,
1004920,P00028842,F,36-45,45,0,Himachal Pradesh,Northern,Retail,Clothing & Apparel,4,2014.0,,
1003793,P00057542,F,18-25,19,0,Gujarat,Western,Healthcare,Clothing & Apparel,2,2013.0,,
1004611,P00284042,M,18-25,19,0,Uttar Pradesh,Central,Hospitality,Clothing & Apparel,2,2013.0,,
1001203,P00303742,M,26-35,30,1,Delhi,Central,Hospitality,Electronics & Gadgets,3,2012.0,,
1004054,P00306042,F,36-45,36,1,Madhya Pradesh,Central,Aviation,Clothing & Apparel,1,2012.0,,
1002016,P00147742,M,55+,79,1,Kerala,Southern,Aviation,Clothing & Apparel,3,2011.0,,
1001505,P00276042,F,51-55,51,0,AndhraÂ Pradesh,Southern,Lawyer,Electronics & Gadgets,4,2010.0,,
1001230,P00220342,F,26-35,33,0,Himachal Pradesh,Northern,Automobile,Clothing & Apparel,2,2010.0,,
1001498,P00345642,F,18-25,21,0,Maharashtra,Western,Healthcare,Electronics & Gadgets,2,2007.0,,
1004257,P00198642,F,51-55,54,1,Maharashtra,Western,Banking,Clothing & Apparel,2,2007.0,,
1002625,P00110542,F,36-45,37,0,Uttar Pradesh,Central,Hospitality,Clothing & Apparel,2,2006.0,,
1000136,P00114042,F,18-25,25,1,Haryana,Northern,Chemical,Clothing & Apparel,4,2005.0,,
1001446,P00041642,F,36-45,38,0,Madhya Pradesh,Central,Healthcare,Electronics & Gadgets,1,2005.0,,
1003292,P00085542,M,51-55,52,1,AndhraÂ Pradesh,Southern,Hospitality,Clothing & Apparel,4,2004.0,,
1003331,P00221342,M,26-35,28,1,Gujarat,Western,Automobile,Electronics & Gadgets,2,2002.0,,
1003331,P00221342,M,26-35,28,1,Rajasthan,Northern,Automobile,Electronics & Gadgets,4,2002.0,,
1001601,P00330342,F,26-35,29,1,Uttar Pradesh,Central,Construction,Clothing & Apparel,3,2002.0,,
1001969,P00187942,M,26-35,31,1,Uttar Pradesh,Central,IT Sector,Clothing & Apparel,3,2001.0,,
1001514,P00296142,F,18-25,21,0,Gujarat,Western,Textile,Clothing & Apparel,1,2000.0,,
1000846,P00266642,F,26-35,29,1,Punjab,Northern,Hospitality,Clothing & Apparel,4,1998.0,,
1004808,P00026342,F,36-45,38,0,Maharashtra,Western,IT Sector,Clothing & Apparel,1,1996.0,,
1001734,P00129642,F,46-50,47,0,Uttar Pradesh,Central,Construction,Clothing & Apparel,2,1994.0,,
1003641,P00057642,F,26-35,28,0,Uttarakhand,Central,Chemical,Clothing & Apparel,1,1994.0,,
1001697,P00342842,M,18-25,20,0,Karnataka,Southern,Aviation,Clothing & Apparel,4,1993.0,,
1000093,P00016042,F,26-35,29,0,Madhya Pradesh,Central,IT Sector,Clothing & Apparel,1,1993.0,,
1002786,P00015842,F,26-35,30,0,Bihar,Eastern,Healthcare,Clothing & Apparel,2,1988.0,,
1001301,P00271042,M,26-35,35,0,Madhya Pradesh,Central,Lawyer,Clothing & Apparel,3,1988.0,,
1000392,P00004442,F,18-25,20,0,Karnataka,Southern,Textile,Electronics & Gadgets,2,1985.0,,
1004018,P00177442,M,46-50,47,0,Delhi,Central,Healthcare,Clothing & Apparel,1,1979.0,,
1001234,P00087042,F,18-25,25,0,Maharashtra,Western,Banking,Clothing & Apparel,3,1976.0,,
1004117,P00255942,F,18-25,25,0,Kerala,Southern,Healthcare,Clothing & Apparel,4,1973.0,,
1001442,P00275842,F,18-25,25,0,Uttarakhand,Central,IT Sector,Electronics & Gadgets,2,1972.0,,
1004682,P00282042,F,26-35,32,0,Gujarat,Western,Automobile,Clothing & Apparel,2,1971.0,,
1000530,P00331842,F,26-35,35,0,Kerala,Southern,Chemical,Clothing & Apparel,1,1969.0,,
1004660,P00041942,M,18-25,24,1,Bihar,Eastern,Lawyer,Clothing & Apparel,4,1968.0,,
1000689,P00127542,M,51-55,53,0,Karnataka,Southern,Govt,Clothing & Apparel,2,1965.0,,
1004352,P00006942,F,18-25,22,0,Gujarat,Western,IT Sector,Electronics & Gadgets,1,1964.0,,
1005786,P00025442,F,26-35,33,1,Jharkhand,Eastern,IT Sector,Clothing & Apparel,4,1963.0,,
1001926,P00157542,M,0-17,12,1,Madhya Pradesh,Central,Hospitality,Electronics & Gadgets,4,1961.0,,
1000983,P00127542,M,26-35,28,1,AndhraÂ Pradesh,Southern,Banking,Electronics & Gadgets,1,1960.0,,
1003285,P00102442,F,26-35,27,1,Haryana,Northern,Healthcare,Clothing & Apparel,1,1959.0,,
1003519,P00261842,M,26-35,32,0,Kerala,Southern,IT Sector,Clothing & Apparel,4,1958.0,,
1000028,P00270242,M,26-35,34,1,Maharashtra,Western,Media,Clothing & Apparel,4,1955.0,,
1002380,P00059442,F,26-35,26,0,Karnataka,Southern,Aviation,Electronics & Gadgets,3,1952.0,,
1001156,P00023042,M,51-55,53,0,Jharkhand,Eastern,Chemical,Electronics & Gadgets,3,1951.0,,
1000541,P00194542,M,18-25,18,1,Madhya Pradesh,Central,Textile,Clothing & Apparel,2,1951.0,,
1002106,P00193542,M,18-25,18,0,Madhya Pradesh,Central,Banking,Clothing & Apparel,3,1948.0,,
1003679,P00244042,F,26-35,30,1,Punjab,Northern,Healthcare,Clothing & Apparel,4,1948.0,,
1001879,P00106042,F,26-35,35,0,Uttarakhand,Central,Agriculture,Clothing & Apparel,4,1947.0,,
1001259,P00153742,F,36-45,41,0,Uttar Pradesh,Central,Aviation,Clothing & Apparel,1,1945.0,,
1002041,P00279542,M,26-35,34,1,Himachal Pradesh,Northern,Food Processing,Clothing & Apparel,2,1943.0,,
1004640,P00119142,F,26-35,33,1,Maharashtra,Western,Aviation,Clothing & Apparel,1,1943.0,,
1005555,P00195342,F,0-17,14,1,Uttarakhand,Central,Healthcare,Clothing & Apparel,1,1943.0,,
1001952,P00062842,F,36-45,36,1,Kerala,Southern,Chemical,Clothing & Apparel,2,1939.0,,
1005998,P00170642,F,18-25,25,0,Punjab,Northern,Healthcare,Electronics & Gadgets,3,1939.0,,
1005998,P00170642,F,18-25,25,0,Rajasthan,Northern,Healthcare,Electronics & Gadgets,1,1939.0,,
1004430,P00009242,M,26-35,29,0,Himachal Pradesh,Northern,Food Processing,Clothing & Apparel,1,1937.0,,
1005964,P00222442,F,18-25,18,0,Uttarakhand,Central,Retail,Clothing & Apparel,4,1931.0,,
1003521,P00175042,F,26-35,35,0,Himachal Pradesh,Northern,IT Sector,Clothing & Apparel,2,1930.0,,
1004725,P00074642,M,36-45,44,0,Madhya Pradesh,Central,Media,Clothing & Apparel,2,1926.0,,
1005647,P00201442,F,18-25,22,0,Gujarat,Western,Construction,Clothing & Apparel,1,1923.0,,
1003237,P00115242,F,36-45,42,0,Uttar Pradesh,Central,Healthcare,Clothing & Apparel,1,1921.0,,
1000015,P00078142,F,26-35,32,1,Uttarakhand,Central,IT Sector,Clothing & Apparel,4,1919.0,,
1005501,P00218242,F,26-35,33,0,Himachal Pradesh,Northern,Aviation,Clothing & Apparel,2,1917.0,,
1000791,P00266942,F,36-45,42,0,Karnataka,Southern,Banking,Clothing & Apparel,2,1912.0,,
1001675,P00241642,M,26-35,34,1,Madhya Pradesh,Central,Aviation,Clothing & Apparel,4,1909.0,,
1003693,P00042842,F,26-35,33,0,Maharashtra,Western,Aviation,Clothing & Apparel,1,1905.0,,
1005469,P00344442,F,36-45,44,1,Haryana,Northern,Banking,Clothing & Apparel,2,1904.0,,
1001673,P00277442,F,0-17,12,0,Gujarat,Western,Healthcare,Clothing & Apparel,2,1895.0,,
1001242,P00116542,M,36-45,45,1,Madhya Pradesh,Central,IT Sector,Clothing & Apparel,2,1895.0,,
1002023,P00304442,F,18-25,20,1,Maharashtra,Western,Hospitality,Clothing & Apparel,4,1889.0,,
1005489,P00248142,F,18-25,20,1,Uttar Pradesh,Central,Construction,Clothing & Apparel,1,1886.0,,
1005570,P00201442,F,26-35,30,0,Jharkhand,Eastern,Aviation,Clothing & Apparel,2,1883.0,,
1004076,P00075742,F,26-35,28,0,Uttar Pradesh,Central,Retail,Clothing & Apparel,3,1882.0,,
1004945,P00236942,F,51-55,51,0,Bihar,Eastern,Automobile,Clothing & Apparel,2,1881.0,,
1000839,P00250842,F,26-35,34,0,Uttar Pradesh,Central,Healthcare,Clothing & Apparel,2,1881.0,,
1003574,P00358442,M,36-45,36,1,Uttarakhand,Central,IT Sector,Clothing & Apparel,1,1881.0,,
1003104,P00085242,F,18-25,18,0,Karnataka,Southern,Healthcare,Clothing & Apparel,2,1879.0,,
1000272,P00216342,F,18-25,20,0,Haryana,Northern,Aviation,Clothing & Apparel,4,1876.0,,
1000068,P00255842,F,18-25,24,1,Haryana,Northern,Hospitality,Clothing & Apparel,1,1876.0,,
1005493,P00059442,F,36-45,38,1,Kerala,Southern,IT Sector,Clothing & Apparel,3,1875.0,,
1004887,P00076042,F,18-25,22,0,Delhi,Central,Banking,Clothing & Apparel,1,1873.0,,
1001333,P00273742,F,26-35,31,0,Himachal Pradesh,Northern,Retail,Clothing & Apparel,3,1873.0,,
1004621,P00178842,F,26-35,27,1,Maharashtra,Western,Aviation,Clothing & Apparel,4,1872.0,,
1000721,P00207442,M,36-45,44,1,AndhraÂ Pradesh,Southern,Hospitality,Clothing & Apparel,4,1871.0,,
1004502,P00114942,F,51-55,54,1,Bihar,Eastern,Healthcare,Clothing & Apparel,1,1871.0,,
1002271,P00177442,F,51-55,53,0,Himachal Pradesh,Northern,Healthcare,Clothing & Apparel,3,1871.0,,
1000721,P00207442,M,36-45,44,1,Telangana,Southern,Hospitality,Clothing & Apparel,1,1871.0,,
1003389,P00180342,F,18-25,18,0,Maharashtra,Western,Govt,Clothing & Apparel,3,1868.0,,
1000062,P00086842,M,36-45,40,1,Karnataka,Southern,Hospitality,Clothing & Apparel,3,1865.0,,
1005910,P00205442,M,46-50,46,0,Maharashtra,Western,Construction,Clothing & Apparel,2,1865.0,,
1002348,P00109842,F,51-55,53,1,Himachal Pradesh,Northern,Govt,Clothing & Apparel,3,1864.0,,
1000216,P00197142,F,46-50,46,0,Madhya Pradesh,Central,Govt,Clothing & Apparel,4,1863.0,,
1003380,P00298542,F,51-55,53,1,Haryana,Northern,Aviation,Clothing & Apparel,3,1861.0,,
1000667,P00227342,F,26-35,30,0,Maharashtra,Western,Lawyer,Clothing & Apparel,4,1861.0,,
1003456,P00270942,F,26-35,35,0,Maharashtra,Western,Healthcare,Clothing & Apparel,3,1861.0,,
1003562,P00113342,M,26-35,34,0,Gujarat,Western,Banking,Clothing & Apparel,4,1860.0,,
1000689,P00111742,M,51-55,54,0,Delhi,Central,Govt,Clothing & Apparel,3,1859.0,,
1002418,P00058442,F,0-17,13,1,Kerala,Southern,IT Sector,Clothing & Apparel,3,1858.0,,
1005622,P00320442,F,36-45,44,0,Maharashtra,Western,Aviation,Clothing & Apparel,1,1858.0,,
1000511,P00144942,M,46-50,50,0,Himachal Pradesh,Northern,Healthcare,Clothing & Apparel,2,1857.0,,
1003217,P00145742,M,36-45,40,0,Kerala,Southern,Healthcare,Clothing & Apparel,3,1855.0,,
1005550,P00194442,F,36-45,42,0,Maharashtra,Western,Agriculture,Clothing & Apparel,3,1854.0,,
1004089,P00277442,F,26-35,30,0,Uttar Pradesh,Central,IT Sector,Clothing & Apparel,2,1853.0,,
1005663,P00226942,M,36-45,37,0,Uttarakhand,Central,Retail,Clothing & Apparel,2,1852.0,,
1005461,P00195642,F,51-55,52,1,Bihar,Eastern,Hospitality,Clothing & Apparel,2,1851.0,,
1003641,P00329242,F,26-35,27,0,Haryana,Northern,Chemical,Clothing & Apparel,2,1849.0,,
1003885,P00115742,F,26-35,27,0,Uttar Pradesh,Central,Healthcare,Clothing & Apparel,4,1849.0,,
1000195,P00196042,F,26-35,34,0,Uttarakhand,Central,Construction,Clothing & Apparel,4,1849.0,,
1003061,P00031042,F,46-50,49,1,Madhya Pradesh,Central,Aviation,Clothing & Apparel,2,1848.0,,
1002258,P00034742,M,18-25,18,0,Maharashtra,Western,Healthcare,Clothing & Apparel,2,1848.0,,
1003055,P00344842,M,26-35,31,0,Bihar,Eastern,Healthcare,Clothing & Apparel,1,1847.0,,
1002016,P00265242,M,55+,69,1,AndhraÂ Pradesh,Southern,Lawyer,Clothing & Apparel,2,1846.0,,
1004530,P00202742,M,36-45,42,0,Maharashtra,Western,Hospitality,Clothing & Apparel,2,1846.0,,
1001758,P00025742,M,26-35,31,0,Himachal Pradesh,Northern,Food Processing,Clothing & Apparel,3,1844.0,,
1005220,P00110542,F,26-35,26,1,Uttar Pradesh,Central,Lawyer,Clothing & Apparel,1,1840.0,,
1000961,P00309242,M,18-25,21,0,Punjab,Northern,Healthcare,Clothing & Apparel,3,1838.0,,
1000678,P00288642,F,26-35,28,1,Gujarat,Western,Hospitality,Clothing & Apparel,2,1837.0,,
1001151,P00250242,F,26-35,27,0,Kerala,Southern,IT Sector,Clothing & Apparel,4,1836.0,,
1002604,P00101942,M,26-35,33,1,Karnataka,Southern,Food Processing,Clothing & Apparel,4,1835.0,,
1000357,P00110542,F,18-25,18,1,Bihar,Eastern,Automobile,Clothing & Apparel,2,1834.0,,
1000839,P00120542,F,26-35,27,1,Uttar Pradesh,Central,Banking,Clothing & Apparel,3,1834.0,,
1001824,P00301542,M,18-25,24,0,Uttar Pradesh,Central,Hospitality,Clothing & Apparel,1,1832.0,,
1001759,P00351042,F,26-35,32,0,Bihar,Eastern,Food Processing,Clothing & Apparel,4,1831.0,,
1001335,P00108842,F,36-45,44,1,Madhya Pradesh,Central,Automobile,Clothing & Apparel,3,1829.0,,
1001216,P00233542,F,26-35,33,0,Gujarat,Western,Lawyer,Clothing & Apparel,2,1828.0,,
1003724,P00057742,F,36-45,41,1,Himachal Pradesh,Northern,Textile,Clothing & Apparel,3,1828.0,,
1005054,P00200142,F,36-45,40,1,Jharkhand,Eastern,Banking,Clothing & Apparel,2,1826.0,,
1003275,P00049642,F,36-45,37,0,Karnataka,Southern,Lawyer,Clothing & Apparel,3,1820.0,,
1004447,P00282442,M,46-50,49,0,Delhi,Central,Healthcare,Clothing & Apparel,3,1818.0,,
1003742,P00021142,F,26-35,33,1,Haryana,Northern,Healthcare,Clothing & Apparel,4,1818.0,,
1002909,P00048142,F,26-35,28,1,Himachal Pradesh,Northern,Retail,Clothing & Apparel,4,1816.0,,
1004579,P00365242,M,18-25,24,1,Karnataka,Southern,IT Sector,Clothing & Apparel,2,1813.0,,
1000549,P00210042,F,26-35,30,0,Haryana,Northern,Banking,Clothing & Apparel,4,1808.0,,
1000957,P00160442,F,36-45,43,0,Jharkhand,Eastern,Media,Clothing & Apparel,1,1805.0,,
1001266,P00003242,F,26-35,26,0,Maharashtra,Western,Govt,Clothing & Apparel,4,1803.0,,
1000053,P00146142,F,26-35,32,1,Karnataka,Southern,Retail,Clothing & Apparel,3,1799.0,,
1003841,P00250342,F,46-50,50,0,AndhraÂ Pradesh,Southern,Govt,Clothing & Apparel,1,1798.0,,
1003727,P00261142,F,36-45,38,1,Karnataka,Southern,Agriculture,Clothing & Apparel,4,1796.0,,
1004460,P00296242,F,26-35,35,0,Himachal Pradesh,Northern,Hospitality,Clothing & Apparel,2,1795.0,,
1003243,P00001542,F,26-35,29,0,Jharkhand,Eastern,Banking,Clothing & Apparel,3,1794.0,,
1003121,P00208842,F,26-35,31,0,Kerala,Southern,Retail,Clothing & Apparel,1,1794.0,,
1004950,P00004742,F,26-35,31,0,Madhya Pradesh,Central,Media,Clothing & Apparel,2,1794.0,,
1000853,P00216342,F,26-35,30,1,Maharashtra,Western,Hospitality,Clothing & Apparel,3,1790.0,,
1004048,P00223242,M,36-45,37,0,Jharkhand,Eastern,Chemical,Clothing & Apparel,4,1789.0,,
1001264,P00046242,F,26-35,27,0,Maharashtra,Western,Banking,Clothing & Apparel,3,1789.0,,
1003562,P00071242,M,26-35,32,0,Madhya Pradesh,Central,IT Sector,Clothing & Apparel,4,1788.0,,
1005452,P00174442,F,36-45,37,1,Uttar Pradesh,Central,IT Sector,Clothing & Apparel,4,1788.0,,
1003917,P00178242,M,36-45,38,1,Gujarat,Western,Media,Clothing & Apparel,2,1784.0,,
1003917,P00178242,M,36-45,38,1,Rajasthan,Northern,Media,Clothing & Apparel,4,1784.0,,
1001100,P00022942,F,26-35,28,0,Madhya Pradesh,Central,Banking,Veterinary,3,1777.0,,
1002913,P00140742,M,36-45,40,1,Haryana,Northern,Automobile,Clothing & Apparel,3,1776.0,,
1002913,P00140742,M,36-45,40,1,Rajasthan,Northern,Automobile,Clothing & Apparel,2,1776.0,,
1002414,P00361642,F,26-35,27,0,Madhya Pradesh,Central,Banking,Veterinary,4,1775.0,,
1002859,P00220142,F,18-25,23,0,Bihar,Eastern,Healthcare,Clothing & Apparel,3,1774.0,,
1005508,P00035842,F,26-35,35,0,Madhya Pradesh,Central,Hospitality,Veterinary,1,1773.0,,
1003641,P00350942,F,26-35,27,1,Delhi,Central,Healthcare,Veterinary,1,1768.0,,
1000844,P00201342,F,26-35,32,1,Uttar Pradesh,Central,Retail,Veterinary,4,1768.0,,
1003013,P00102842,F,46-50,46,1,Delhi,Central,IT Sector,Veterinary,4,1767.0,,
1003285,P00132542,F,26-35,30,0,Madhya Pradesh,Central,Hospitality,Veterinary,3,1767.0,,
1003111,P00170942,F,18-25,21,1,Delhi,Central,Hospitality,Veterinary,1,1763.0,,
1003411,P00210042,F,18-25,22,1,Madhya Pradesh,Central,Food Processing,Veterinary,2,1763.0,,
1001306,P00293142,F,26-35,31,0,Madhya Pradesh,Central,IT Sector,Veterinary,2,1762.0,,
1004637,P00247042,M,36-45,45,0,Rajasthan,Northern,Govt,Clothing & Apparel,2,1760.0,,
1002462,P00144042,F,36-45,45,0,Jharkhand,Eastern,Aviation,Clothing & Apparel,1,1759.0,,
1002008,P00217942,F,26-35,34,0,Bihar,Eastern,IT Sector,Clothing & Apparel,2,1758.0,,
1001298,P00127942,F,36-45,42,1,Kerala,Southern,IT Sector,Clothing & Apparel,4,1758.0,,
1003859,P00112642,F,26-35,26,0,Madhya Pradesh,Central,Media,Beauty,2,1757.0,,
1001896,P00124342,F,55+,76,1,Madhya Pradesh,Central,Food Processing,Beauty,4,1756.0,,
1002134,P00026042,F,18-25,19,1,Madhya Pradesh,Central,Banking,Beauty,3,1753.0,,
1001639,P00344142,F,26-35,33,0,Delhi,Central,IT Sector,Veterinary,1,1751.0,,
1005292,P00335742,F,26-35,28,0,Kerala,Southern,Healthcare,Clothing & Apparel,3,1751.0,,
1001712,P00009242,F,26-35,35,0,Himachal Pradesh,Northern,Banking,Clothing & Apparel,4,1750.0,,
1002084,P00031042,F,18-25,20,0,Madhya Pradesh,Central,Chemical,Beauty,1,1750.0,,
1002769,P00344542,F,26-35,26,0,Delhi,Central,Aviation,Veterinary,3,1749.0,,
1000033,P00177442,F,46-50,49,1,Gujarat,Western,Textile,Clothing & Apparel,4,1748.0,,
1002047,P00057742,F,0-17,13,1,Haryana,Northern,Healthcare,Clothing & Apparel,3,1748.0,,
1001276,P00152742,F,36-45,37,0,Uttar Pradesh,Central,IT Sector,Clothing & Apparel,1,1747.0,,
1004557,P00054042,F,26-35,33,0,Gujarat,Western,IT Sector,Clothing & Apparel,2,1746.0,,
1000823,P00015742,F,26-35,28,1,Bihar,Eastern,Banking,Clothing & Apparel,1,1744.0,,
1000735,P00317842,F,26-35,35,0,Maharashtra,Western,Govt,Clothing & Apparel,2,1744.0,,
1000889,P00171342,F,46-50,49,0,Madhya Pradesh,Central,Textile,Clothing & Apparel,2,1742.0,,
1001983,P00151042,F,26-35,28,0,Madhya Pradesh,Central,Construction,Veterinary,1,1739.0,,
1002818,P00110942,F,26-35,30,1,Madhya Pradesh,Central,Construction,Veterinary,1,1739.0,,
1005070,P00109742,F,26-35,30,0,Uttar Pradesh,Central,Aviation,Veterinary,3,1738.0,,
1000999,P00042942,F,26-35,33,0,Uttar Pradesh,Central,Automobile,Veterinary,4,1738.0,,
1000010,P00120142,M,36-45,39,0,Uttarakhand,Central,Govt,Beauty,3,1738.0,,
1001563,P00251642,F,0-17,17,0,Maharashtra,Western,Hospitality,Clothing & Apparel,2,1737.0,,
1002918,P00022542,F,26-35,26,1,Uttar Pradesh,Central,Retail,Clothing & Apparel,4,1737.0,,
1004262,P00352942,M,36-45,41,1,Madhya Pradesh,Central,Healthcare,Beauty,4,1736.0,,
1005431,P00154742,F,55+,90,0,Uttar Pradesh,Central,Healthcare,Clothing & Apparel,2,1736.0,,
1000745,P00113242,F,0-17,13,0,Haryana,Northern,Aviation,Clothing & Apparel,1,1735.0,,
1004072,P00114342,F,51-55,52,1,Madhya Pradesh,Central,Food Processing,Beauty,2,1735.0,,
1004083,P00119642,F,55+,90,1,Uttar Pradesh,Central,Chemical,Clothing & Apparel,2,1735.0,,
1002054,P00182442,F,26-35,35,1,Madhya Pradesh,Central,Automobile,Veterinary,3,1734.0,,
1004584,P00084342,M,46-50,47,1,Karnataka,Southern,Banking,Clothing & Apparel,1,1733.0,,
1001069,P00023642,F,26-35,26,0,Uttar Pradesh,Central,Govt,Veterinary,2,1732.0,,
1003569,P00028842,M,18-25,19,1,Jharkhand,Eastern,Govt,Veterinary,3,1731.0,,
1003526,P00345042,F,36-45,40,0,Delhi,Central,Automobile,Veterinary,2,1730.0,,
1000610,P00120842,F,26-35,27,0,Maharashtra,Western,Banking,Beauty,3,1730.0,,
1001696,P00241542,F,36-45,37,1,Uttar Pradesh,Central,Banking,Veterinary,4,1728.0,,
1001489,P00148642,M,36-45,37,0,Uttarakhand,Central,Lawyer,Clothing & Apparel,4,1728.0,,
1002641,P00021042,F,26-35,31,0,Haryana,Northern,Retail,Clothing & Apparel,2,1726.0,,
1005717,P00127642,F,26-35,30,1,Kerala,Southern,Food Processing,Clothing & Apparel,3,1726.0,,
1005771,P00177642,F,26-35,32,1,Madhya Pradesh,Central,Banking,Veterinary,1,1723.0,,
1000238,P00318742,M,51-55,53,1,Jharkhand,Eastern,Automobile,Veterinary,3,1722.0,,
1001943,P0097242,F,18-25,20,0,Madhya Pradesh,Central,IT Sector,Beauty,1,1722.0,,
1004238,P00340942,F,36-45,37,0,Maharashtra,Western,Banking,Beauty,2,1722.0,,
1002038,P00112442,M,46-50,50,0,Jharkhand,Eastern,Govt,Clothing & Apparel,2,1721.0,,
1004217,P00229742,F,18-25,25,1,Madhya Pradesh,Central,Food Processing,Veterinary,2,1721.0,,
1001168,P00282642,M,26-35,34,0,Delhi,Central,IT Sector,Clothing & Apparel,3,1720.0,,
1000271,P00316642,F,18-25,19,0,Delhi,Central,Automobile,Veterinary,3,1719.0,,
1004808,P00325742,F,36-45,44,1,Delhi,Central,Aviation,Veterinary,2,1717.0,,
1005686,P00276342,F,55+,85,0,Uttar Pradesh,Central,Healthcare,Clothing & Apparel,2,1715.0,,
1003513,P00109542,F,26-35,29,1,Madhya Pradesh,Central,Healthcare,Veterinary,1,1713.0,,
1003829,P00197542,M,26-35,28,1,Uttar Pradesh,Central,Retail,Veterinary,4,1710.0,,
1001074,P00288342,F,46-50,49,1,Madhya Pradesh,Central,Healthcare,Beauty,3,1707.0,,
1002533,P00137242,M,26-35,31,0,Delhi,Central,Govt,Beauty,4,1706.0,,
1004802,P00362842,F,55+,63,0,Maharashtra,Western,Healthcare,Beauty,2,1705.0,,
1000637,P00110042,F,36-45,38,1,Madhya Pradesh,Central,Healthcare,Beauty,4,1704.0,,
1000873,P00065742,F,55+,87,1,Madhya Pradesh,Central,Banking,Beauty,4,1695.0,,
1003505,P00129342,M,26-35,31,0,AndhraÂ Pradesh,Southern,Automobile,Beauty,4,1692.0,,
1006003,P00150942,M,46-50,47,0,Madhya Pradesh,Central,Agriculture,Beauty,2,1690.0,,
1004792,P00289242,M,51-55,55,1,Kerala,Southern,Aviation,Beauty,3,1689.0,,
1005794,P00249742,M,36-45,39,1,Maharashtra,Western,Lawyer,Beauty,1,1681.0,,
1003712,P00110942,F,26-35,34,1,Delhi,Central,Lawyer,Beauty,4,1674.0,,
1001019,P00086142,F,36-45,42,0,Madhya Pradesh,Central,Media,Beauty,4,1674.0,,
1000669,P00287242,F,26-35,34,1,Madhya Pradesh,Central,Hospitality,Beauty,1,1670.0,,
1003659,P00044142,F,18-25,20,0,Madhya Pradesh,Central,IT Sector,Beauty,2,1665.0,,
1001639,P00140042,F,26-35,35,0,Madhya Pradesh,Central,Media,Beauty,2,1663.0,,
1002031,P00124242,F,36-45,41,1,Madhya Pradesh,Central,Media,Beauty,3,1663.0,,
1004085,P00170942,M,26-35,35,0,Maharashtra,Western,IT Sector,Beauty,3,1659.0,,
1005281,P00345642,F,26-35,27,0,Madhya Pradesh,Central,Govt,Beauty,4,1656.0,,
1000524,P00100842,F,18-25,19,0,Madhya Pradesh,Central,Aviation,Beauty,2,1654.0,,
1004053,P00319242,F,26-35,27,1,Madhya Pradesh,Central,Aviation,Beauty,3,1649.0,,
1003370,P00289942,F,18-25,18,1,Delhi,Central,IT Sector,Beauty,3,1630.0,,
1000476,P00222942,F,36-45,36,1,Uttar Pradesh,Central,Chemical,Household items,4,1629.0,,
1001016,P00024742,F,55+,89,0,AndhraÂ Pradesh,Southern,Media,Beauty,1,1626.0,,
1004865,P00344242,M,36-45,41,1,Delhi,Central,Lawyer,Household items,3,1620.0,,
1000166,P00315642,F,18-25,25,0,Delhi,Central,Healthcare,Beauty,4,1612.0,,
1001639,P00158242,F,26-35,35,1,Maharashtra,Western,IT Sector,Household items,1,1609.0,,
1005136,P00031042,F,26-35,30,0,Delhi,Central,Healthcare,Beauty,1,1606.0,,
1005689,P00275842,F,26-35,29,1,Madhya Pradesh,Central,Hospitality,Beauty,1,1601.0,,
1002676,P00102442,F,55+,62,1,Madhya Pradesh,Central,Aviation,Beauty,2,1600.0,,
1004563,P00129642,M,26-35,28,0,Karnataka,Southern,Banking,Beauty,4,1599.0,,
1004482,P00034142,M,36-45,42,0,Punjab,Northern,Hospitality,Beauty,1,1596.0,,
1000424,P00115042,F,26-35,26,0,Karnataka,Southern,Aviation,Household items,2,1591.0,,
1001993,P00032042,F,36-45,45,1,Madhya Pradesh,Central,Automobile,Beauty,4,1591.0,,
1005675,P00034142,M,36-45,37,1,Kerala,Southern,IT Sector,Household items,4,1590.0,,
1005310,P00085042,M,55+,60,0,Madhya Pradesh,Central,Food Processing,Household items,1,1590.0,,
1002677,P00148642,M,36-45,37,1,Delhi,Central,IT Sector,Beauty,4,1584.0,,
1002242,P00208342,F,18-25,20,0,Madhya Pradesh,Central,Lawyer,Beauty,4,1582.0,,
1001778,P00050742,F,18-25,25,1,Maharashtra,Western,Healthcare,Household items,2,1576.0,,
1000713,P00110942,F,36-45,45,0,Karnataka,Southern,Retail,Household items,2,1570.0,,
1001395,P00278942,F,26-35,34,1,Kerala,Southern,Banking,Household items,1,1570.0,,
1001077,P00109242,F,26-35,28,0,Maharashtra,Western,Lawyer,Household items,1,1570.0,,
1002092,P00235842,F,55+,84,0,Uttar Pradesh,Central,Agriculture,Beauty,2,1570.0,,
1005113,P00193442,F,26-35,30,0,Delhi,Central,Aviation,Beauty,1,1569.0,,
1002941,P00111742,M,36-45,45,0,Maharashtra,Western,Chemical,Household items,3,1568.0,,
1005858,P00194542,F,26-35,30,1,Maharashtra,Western,Chemical,Household items,1,1563.0,,
1004769,P00190542,F,26-35,29,0,Karnataka,Southern,Banking,Household items,2,1561.0,,
1004942,P00323642,F,46-50,49,1,Madhya Pradesh,Central,IT Sector,Beauty,3,1560.0,,
1001077,P00080342,F,26-35,31,1,AndhraÂ Pradesh,Southern,IT Sector,Beauty,2,1552.0,,
1001152,P00127942,M,18-25,23,1,Uttar Pradesh,Central,Hospitality,Household items,4,1545.0,,
1000409,P00339542,F,18-25,20,1,Karnataka,Southern,Aviation,Household items,3,1542.0,,
1005222,P00032042,F,26-35,27,1,Madhya Pradesh,Central,IT Sector,Beauty,2,1540.0,,
1005317,P00274942,M,26-35,35,1,Karnataka,Southern,Automobile,Beauty,2,1538.0,,
1004085,P00160042,M,26-35,29,1,Telangana,Southern,Lawyer,Household items,4,1538.0,,
1003128,P00024042,F,18-25,23,0,Madhya Pradesh,Central,Govt,Beauty,3,1536.0,,
1004647,P00162042,F,36-45,45,0,Madhya Pradesh,Central,Retail,Beauty,3,1535.0,,
1002201,P00057942,F,55+,75,0,Maharashtra,Western,IT Sector,Household items,4,1531.0,,
1004018,P00266642,M,46-50,50,1,Delhi,Central,Aviation,Household items,1,1529.0,,
1002682,P00277542,F,18-25,19,0,AndhraÂ Pradesh,Southern,Govt,Beauty,1,1527.0,,
1001676,P00183242,F,18-25,18,0,Uttar Pradesh,Central,IT Sector,Beauty,2,1527.0,,
1003981,P00084442,M,46-50,50,0,Haryana,Northern,Lawyer,Household items,3,1526.0,,
1002611,P00176642,F,26-35,35,1,Madhya Pradesh,Central,Govt,Beauty,4,1523.0,,
1000042,P00173842,F,26-35,27,0,Maharashtra,Western,Healthcare,Household items,2,1521.0,,
1001899,P00080642,M,46-50,46,0,Delhi,Central,Govt,Household items,4,1515.0,,
1005965,P00235242,M,26-35,27,1,Uttar Pradesh,Central,Retail,Household items,2,1508.0,,
1000855,P00245642,M,18-25,22,1,Maharashtra,Western,Media,Pet Care,1,1504.0,,
1003425,P00150942,F,18-25,23,0,Madhya Pradesh,Central,IT Sector,Beauty,4,1502.0,,
1001736,P00226342,F,55+,59,0,AndhraÂ Pradesh,Southern,IT Sector,Pet Care,3,1501.0,,
1000086,P00279442,M,0-17,13,1,Uttar Pradesh,Central,Healthcare,Beauty,1,1501.0,,
1002298,P00258842,F,36-45,45,1,Jharkhand,Eastern,Food Processing,Pet Care,3,1500.0,,
1001822,P00299142,M,26-35,26,1,Karnataka,Southern,Media,Pet Care,1,1498.0,,
1002200,P00041342,F,36-45,41,0,Uttar Pradesh,Central,Construction,Beauty,4,1497.0,,
1003732,P0099042,F,26-35,32,1,Maharashtra,Western,Banking,Pet Care,3,1495.0,,
1003770,P00178742,M,36-45,40,0,AndhraÂ Pradesh,Southern,Aviation,Pet Care,1,1493.0,,
1003770,P00178742,M,36-45,40,0,Rajasthan,Northern,Aviation,Pet Care,1,1493.0,,
1003411,P00363442,F,18-25,20,0,Uttar Pradesh,Central,Chemical,Beauty,4,1492.0,,
1001733,P00200642,F,18-25,23,1,Maharashtra,Western,IT Sector,Pet Care,4,1490.0,,
1004918,P00069042,M,18-25,20,0,Karnataka,Southern,Food Processing,Pet Care,2,1489.0,,
1004886,P00243942,M,36-45,42,1,Maharashtra,Western,IT Sector,Beauty,4,1488.0,,
1005717,P00165942,F,26-35,35,0,Uttar Pradesh,Central,Retail,Beauty,3,1488.0,,
1004048,P00223842,M,36-45,38,0,Uttar Pradesh,Central,Automobile,Beauty,4,1486.0,,
1003751,P00196642,M,36-45,41,0,Bihar,Eastern,Automobile,Pet Care,1,1485.0,,
1001912,P00156142,F,26-35,29,0,Uttarakhand,Central,Retail,Pet Care,4,1475.0,,
1001193,P00250342,F,26-35,32,1,Madhya Pradesh,Central,Chemical,Beauty,3,1474.0,,
1001737,P00127242,F,36-45,42,0,Uttarakhand,Central,IT Sector,Pet Care,1,1472.0,,
1000690,P00102642,F,26-35,31,0,Karnataka,Southern,Govt,Pet Care,1,1469.0,,
1001587,P00161542,M,26-35,29,0,Maharashtra,Western,Automobile,Pet Care,3,1467.0,,
1001357,P00243542,M,46-50,46,0,Uttar Pradesh,Central,Chemical,Pet Care,2,1465.0,,
1003434,P00150542,F,18-25,18,1,Haryana,Northern,Aviation,Pet Care,4,1462.0,,
1003792,P00288642,F,26-35,27,0,Karnataka,Southern,Agriculture,Pet Care,4,1453.0,,
1001376,P00161942,M,46-50,50,1,Gujarat,Western,Textile,Pet Care,4,1450.0,,
1003792,P00242742,F,26-35,27,0,Gujarat,Western,Retail,Pet Care,1,1440.0,,
1004026,P00326742,F,26-35,26,0,Karnataka,Southern,Healthcare,Pet Care,1,1436.0,,
1001628,P00124842,F,18-25,18,0,Delhi,Central,Healthcare,Veterinary,2,1435.0,,
1005755,P00049342,M,36-45,42,1,Jharkhand,Eastern,Hospitality,Veterinary,2,1435.0,,
1005015,P00111142,F,36-45,42,0,Madhya Pradesh,Central,Aviation,Pet Care,3,1435.0,,
1005621,P00364842,F,26-35,35,1,Uttar Pradesh,Central,Agriculture,Pet Care,3,1432.0,,
1001884,P00091642,F,46-50,50,0,Delhi,Central,Govt,Veterinary,4,1429.0,,
1004224,P00119042,M,46-50,50,1,Karnataka,Southern,Hospitality,Pet Care,4,1427.0,,
1002030,P00002942,F,26-35,26,0,Madhya Pradesh,Central,Automobile,Veterinary,1,1426.0,,
1001184,P00139942,M,26-35,31,1,Madhya Pradesh,Central,Lawyer,Veterinary,3,1426.0,,
1003651,P00277542,F,26-35,26,0,Bihar,Eastern,Media,Pet Care,4,1425.0,,
1002510,P00123042,M,26-35,32,0,Haryana,Northern,IT Sector,Veterinary,1,1425.0,,
1000107,P00117642,F,46-50,49,1,Maharashtra,Western,Hospitality,Veterinary,1,1423.0,,
1004117,P00020342,F,18-25,20,1,Madhya Pradesh,Central,Agriculture,Veterinary,2,1422.0,,
1005636,P00117742,F,26-35,32,0,Karnataka,Southern,Healthcare,Pet Care,1,1419.0,,
1004750,P00270842,M,26-35,30,1,Haryana,Northern,Agriculture,Veterinary,3,1417.0,,
1002541,P00227742,M,36-45,42,0,Uttar Pradesh,Central,Media,Pet Care,4,1417.0,,
1001712,P00041542,M,26-35,31,1,Bihar,Eastern,Media,Pet Care,3,1415.0,,
1002986,P00216842,F,26-35,31,1,Delhi,Central,Banking,Veterinary,2,1413.0,,
1004757,P00286742,F,36-45,42,1,Delhi,Central,IT Sector,Veterinary,1,1413.0,,
1000963,P00062842,F,26-35,35,1,Uttar Pradesh,Central,Aviation,Veterinary,4,1410.0,,
1001897,P00272542,M,51-55,52,0,Uttar Pradesh,Central,Chemical,Veterinary,2,1410.0,,
1006014,P00088542,F,46-50,46,1,Delhi,Central,Automobile,Veterinary,2,1409.0,,
1001658,P00003242,M,36-45,42,0,Uttar Pradesh,Central,Healthcare,Veterinary,2,1409.0,,
1005223,P00003942,F,55+,57,0,Maharashtra,Western,Automobile,Veterinary,4,1407.0,,
1004824,P00319342,F,26-35,26,1,Delhi,Central,Govt,Veterinary,4,1405.0,,
1002575,P00181542,F,36-45,36,1,Madhya Pradesh,Central,IT Sector,Veterinary,4,1404.0,,
1003929,P00323942,F,26-35,31,0,Delhi,Central,Aviation,Veterinary,3,1403.0,,
1001579,P00003942,F,26-35,26,1,Madhya Pradesh,Central,IT Sector,Veterinary,3,1402.0,,
1001069,P00028542,F,26-35,30,0,Madhya Pradesh,Central,Banking,Veterinary,3,1400.0,,
1002323,P00110842,F,36-45,43,1,Delhi,Central,Food Processing,Veterinary,3,1397.0,,
1000685,P00000142,F,26-35,33,1,Delhi,Central,Hospitality,Veterinary,1,1394.0,,
1000611,P00302342,F,36-45,43,1,Gujarat,Western,Aviation,Pet Care,4,1391.0,,
1004404,P00263442,F,26-35,29,0,Karnataka,Southern,Media,Pet Care,1,1388.0,,
1003675,P00228442,M,36-45,43,1,Punjab,Northern,Construction,Veterinary,2,1385.0,,
1003675,P00228442,M,36-45,43,1,Rajasthan,Northern,Construction,Veterinary,4,1385.0,,
1003600,P0095142,F,36-45,44,1,Delhi,Central,Agriculture,Veterinary,3,1384.0,,
1004461,P00116842,F,26-35,35,1,Maharashtra,Western,IT Sector,Veterinary,1,1384.0,,
1000758,P00034742,F,36-45,38,0,Gujarat,Western,Aviation,Pet Care,2,1383.0,,
1003410,P00304442,F,36-45,41,0,Madhya Pradesh,Central,Agriculture,Veterinary,4,1381.0,,
1005447,P00188542,F,46-50,46,1,Maharashtra,Western,Automobile,Pet Care,3,1381.0,,
1005735,P00073642,F,26-35,32,1,Uttar Pradesh,Central,Lawyer,Veterinary,4,1378.0,,
1001779,P00182742,F,18-25,21,1,Himachal Pradesh,Northern,Chemical,Pet Care,1,1375.0,,
1001410,P00264042,F,51-55,52,1,Delhi,Central,Aviation,Veterinary,4,1374.0,,
1000192,P00316742,F,18-25,25,0,Maharashtra,Western,Banking,Veterinary,3,1370.0,,
1003032,P00259842,F,26-35,27,1,Delhi,Central,IT Sector,Veterinary,2,1078.0,,
1002852,P00073842,F,26-35,28,0,Madhya Pradesh,Central,Construction,Veterinary,3,1076.0,,
1005831,P00014642,F,26-35,32,0,Delhi,Central,Construction,Veterinary,2,1075.0,,
1001146,P00116842,M,18-25,23,1,Kerala,Southern,Food Processing,Veterinary,3,1075.0,,
1002251,P00117742,F,36-45,38,1,Madhya Pradesh,Central,Construction,Veterinary,3,1073.0,,
1003964,P00237542,F,55+,69,1,Madhya Pradesh,Central,IT Sector,Veterinary,2,1073.0,,
1005448,P0096542,F,46-50,48,0,Madhya Pradesh,Central,Chemical,Veterinary,3,1072.0,,
1005365,P00048142,F,18-25,20,1,Madhya Pradesh,Central,Aviation,Veterinary,2,1069.0,,
1002380,P00051642,F,26-35,33,1,Madhya Pradesh,Central,IT Sector,Veterinary,3,1064.0,,
1001601,P00160942,F,26-35,32,0,Madhya Pradesh,Central,Hospitality,Veterinary,3,1059.0,,
1001941,P00243242,M,36-45,26,1,Madhya Pradesh,Central,Chemical,Veterinary,3,1057.0,,
1005627,P00083842,F,26-35,26,0,Madhya Pradesh,Central,Healthcare,Veterinary,2,1051.0,,
1001865,P00268542,M,18-25,22,1,Haryana,Northern,Banking,Veterinary,3,1040.0,,
1001865,P00268542,M,18-25,22,1,Rajasthan,Northern,Banking,Veterinary,3,1040.0,,
1005747,P00184242,F,26-35,34,1,Uttar Pradesh,Central,IT Sector,Veterinary,4,1039.0,,
1004430,P00270242,M,26-35,30,1,Punjab,Northern,Chemical,Office,4,960.0,,
1005046,P00195442,F,26-35,33,0,Delhi,Central,Retail,Office,3,959.0,,
1001737,P00207442,F,36-45,39,1,Delhi,Central,Healthcare,Office,1,959.0,,
1001203,P00277942,M,26-35,32,1,Maharashtra,Western,IT Sector,Office,4,958.0,,
1004889,P00260042,F,18-25,22,0,Delhi,Central,IT Sector,Office,2,957.0,,
1005763,P0094942,M,26-35,29,1,Madhya Pradesh,Central,Aviation,Office,1,956.0,,
1002111,P00120142,F,55+,85,0,Delhi,Central,IT Sector,Office,1,954.0,,
1000726,P00145042,M,26-35,31,1,AndhraÂ Pradesh,Southern,Media,Office,2,953.0,,
1004135,P00229742,F,0-17,12,0,Delhi,Central,Aviation,Office,1,952.0,,
1001496,P00009342,F,26-35,28,1,Delhi,Central,Healthcare,Office,3,952.0,,
1003114,P00195442,F,18-25,20,1,Delhi,Central,IT Sector,Office,1,951.0,,
1004389,P00119742,F,26-35,28,1,Delhi,Central,Agriculture,Office,4,951.0,,
1003799,P00111142,F,18-25,23,0,Delhi,Central,Banking,Office,2,950.0,,
1004422,P00293242,F,26-35,26,1,Uttar Pradesh,Central,Lawyer,Office,1,950.0,,
1005875,P00127242,M,26-35,30,0,Karnataka,Southern,Govt,Office,3,948.0,,
1004520,P00274042,F,26-35,31,1,Uttar Pradesh,Central,IT Sector,Office,4,945.0,,
1003401,P00221342,F,36-45,36,0,Delhi,Central,IT Sector,Office,2,944.0,,
1004227,P00132942,F,26-35,30,1,Delhi,Central,IT Sector,Office,2,942.0,,
1004302,P00319142,F,51-55,55,0,Delhi,Central,Healthcare,Office,2,942.0,,
1004655,P00238542,M,26-35,33,1,Bihar,Eastern,Textile,Office,1,940.0,,
1004179,P00198142,M,36-45,40,1,Delhi,Central,Banking,Office,1,936.0,,
1000530,P00289942,F,26-35,34,1,Maharashtra,Western,Media,Office,4,935.0,,
1005578,P00313542,M,18-25,21,0,Kerala,Southern,IT Sector,Office,1,933.0,,
1002438,P00058442,F,36-45,43,0,Delhi,Central,Hospitality,Office,4,931.0,,
1002634,P00073642,F,55+,76,0,Delhi,Central,Automobile,Office,2,931.0,,
1002235,P00206042,F,0-17,13,0,Delhi,Central,Construction,Office,1,929.0,,
1002901,P00041542,F,26-35,34,1,Delhi,Central,Govt,Office,2,928.0,,
1001018,P00114942,F,18-25,22,1,Delhi,Central,Banking,Office,1,927.0,,
1004520,P00112442,F,26-35,29,0,Maharashtra,Western,IT Sector,Office,2,927.0,,
1002029,P00085242,M,26-35,27,0,Jharkhand,Eastern,Construction,Office,3,925.0,,
1004405,P00071442,F,26-35,34,1,Madhya Pradesh,Central,Govt,Office,1,925.0,,
1001054,P00144242,M,0-17,15,0,Uttarakhand,Central,IT Sector,Household items,4,897.0,,
1000442,P00251242,F,26-35,35,1,Uttar Pradesh,Central,Construction,Household items,3,893.0,,
1005972,P00315742,M,26-35,29,0,AndhraÂ Pradesh,Southern,Aviation,Household items,1,883.0,,
1005972,P00315742,M,26-35,29,0,AndhraÂ Pradesh,Southern,Aviation,Household items,3,883.0,,
1001169,P00048442,F,26-35,28,0,Maharashtra,Western,Healthcare,Household items,3,876.0,,
1003359,P00029542,F,26-35,34,0,Delhi,Central,Chemical,Household items,1,864.0,,
1002611,P00178142,F,26-35,28,1,Maharashtra,Western,Govt,Household items,2,833.0,,
1004456,P00057342,M,36-45,36,1,Maharashtra,Western,Media,Pet Care,1,819.0,,
1003546,P00024142,F,26-35,26,1,Maharashtra,Western,Aviation,Pet Care,2,813.0,,
1001457,P00211142,F,26-35,29,0,Himachal Pradesh,Northern,IT Sector,Pet Care,1,800.0,,
1005775,P00282642,F,26-35,34,1,Uttar Pradesh,Central,Healthcare,Pet Care,4,796.0,,
1000355,P00225542,F,18-25,21,0,Karnataka,Southern,Govt,Pet Care,3,785.0,,
1004448,P00277842,M,26-35,32,1,Delhi,Central,Aviation,Household items,1,782.0,,
1003550,P00112442,F,26-35,30,0,Himachal Pradesh,Northern,IT Sector,Pet Care,3,780.0,,
1000390,P00328342,F,26-35,33,1,Uttar Pradesh,Central,Govt,Pet Care,1,780.0,,
1004884,P00319042,F,36-45,45,1,Delhi,Central,IT Sector,Office,4,777.0,,
1002002,P00177442,M,55+,89,0,Telangana,Southern,Healthcare,Office,1,777.0,,
1003978,P00199742,F,36-45,43,0,Delhi,Central,Media,Office,1,776.0,,
1003681,P00270542,F,26-35,26,0,Uttar Pradesh,Central,Media,Office,2,776.0,,
1000062,P00282442,M,36-45,44,1,Kerala,Southern,Lawyer,Office,3,775.0,,
1003782,P00177742,M,26-35,27,0,Madhya Pradesh,Central,Chemical,Household items,2,774.0,,
1002086,P00255842,F,36-45,38,1,Delhi,Central,Lawyer,Office,3,773.0,,
1004718,P00001142,F,36-45,44,0,Delhi,Central,Food Processing,Office,3,773.0,,
1004375,P00112542,M,26-35,32,1,Delhi,Central,Chemical,Office,1,772.0,,
1004442,P00177142,F,51-55,55,0,Madhya Pradesh,Central,Healthcare,Office,1,772.0,,
1000242,P00370242,M,18-25,25,1,Bihar,Eastern,Banking,Office,4,771.0,,
1003167,P00208442,F,26-35,27,0,Delhi,Central,IT Sector,Office,4,770.0,,
1002583,P00120342,F,36-45,36,0,Delhi,Central,Healthcare,Office,2,768.0,,
1004305,P00243342,M,46-50,48,1,Delhi,Central,Govt,Office,1,768.0,,
1000457,P00124642,F,18-25,23,0,Delhi,Central,Healthcare,Office,4,766.0,,
1005223,P00059642,F,55+,69,0,Delhi,Central,IT Sector,Office,4,766.0,,
1000687,P00217742,M,26-35,34,0,Jharkhand,Eastern,Govt,Office,4,765.0,,
1004387,P00119242,M,18-25,24,0,Maharashtra,Western,Lawyer,Office,3,765.0,,
1001401,P00195242,M,18-25,23,0,Uttar Pradesh,Central,Banking,Pet Care,1,763.0,,
1005717,P00220342,F,26-35,29,1,Delhi,Central,Hospitality,Office,1,762.0,,
1003948,P00192242,M,46-50,50,1,Himachal Pradesh,Northern,Textile,Pet Care,4,762.0,,
1001241,P00010242,F,0-17,14,0,Madhya Pradesh,Central,Chemical,Office,1,762.0,,
1005158,P00051642,M,18-25,18,1,Kerala,Southern,IT Sector,Office,2,761.0,,
1001451,P00303742,F,36-45,44,0,Uttar Pradesh,Central,IT Sector,Pet Care,4,761.0,,
1004823,P00260642,F,18-25,19,1,Delhi,Central,Banking,Office,4,760.0,,
1005480,P00006842,M,26-35,29,1,Uttar Pradesh,Central,Chemical,Office,1,760.0,,
1000215,P00102342,F,36-45,40,0,Maharashtra,Western,Banking,Office,1,759.0,,
1003029,P00176842,F,18-25,23,1,Delhi,Central,Lawyer,Office,1,757.0,,
1000480,P00293242,M,18-25,23,1,Delhi,Central,IT Sector,Pet Care,2,756.0,,
1005015,P00148742,F,36-45,43,0,Delhi,Central,Retail,Office,2,756.0,,
1004607,P00044442,F,26-35,34,1,Delhi,Central,IT Sector,Office,4,754.0,,
1000245,P00304042,M,36-45,44,1,Gujarat,Western,Banking,Pet Care,1,750.0,,
1000053,P00323942,M,26-35,27,0,Bihar,Eastern,Media,Office,4,749.0,,
1001209,P00321742,F,36-45,40,1,Uttar Pradesh,Central,IT Sector,Office,2,749.0,,
1004335,P00216242,F,36-45,40,0,Delhi,Central,Retail,Office,1,748.0,,
1002164,P00177642,F,36-45,41,0,Delhi,Central,Hospitality,Office,4,748.0,,
1001146,P00010842,M,18-25,22,0,Uttar Pradesh,Central,Agriculture,Office,3,748.0,,
1003213,P00163642,M,26-35,28,1,Maharashtra,Western,Healthcare,Office,1,746.0,,
1004233,P00357642,F,36-45,39,1,Delhi,Central,Lawyer,Office,1,745.0,,
1000148,P00173042,F,51-55,51,0,Delhi,Central,Banking,Office,3,745.0,,
1000242,P00014642,M,18-25,21,0,Madhya Pradesh,Central,Chemical,Office,2,745.0,,
1000150,P00217742,F,36-45,42,1,Uttar Pradesh,Central,IT Sector,Pet Care,1,745.0,,
1004626,P00121942,F,26-35,27,1,Delhi,Central,Construction,Office,3,744.0,,
1005874,P00184942,F,26-35,28,1,Delhi,Central,Aviation,Office,2,744.0,,
1003626,P00114142,F,26-35,34,1,Delhi,Central,Aviation,Office,2,744.0,,
1002368,P00329642,M,55+,67,0,Karnataka,Southern,Media,Office,3,744.0,,
1003333,P00170542,F,18-25,18,0,Delhi,Central,Construction,Office,1,743.0,,
1001053,P00277842,F,36-45,42,1,Delhi,Central,Aviation,Office,1,743.0,,
1000524,P00053542,F,18-25,23,0,Haryana,Northern,IT Sector,Pet Care,2,741.0,,
1005643,P00100942,M,36-45,43,1,Haryana,Northern,IT Sector,Office,3,741.0,,
1005178,P00045842,F,51-55,52,1,Delhi,Central,Aviation,Office,1,740.0,,
1003209,P00046642,F,26-35,32,0,Maharashtra,Western,IT Sector,Office,3,740.0,,
1002247,P00086642,M,46-50,50,0,Uttar Pradesh,Central,Automobile,Pet Care,4,740.0,,
1000814,P00144042,M,18-25,19,0,AndhraÂ Pradesh,Southern,Construction,Pet Care,4,739.0,,
1000877,P00023142,F,26-35,28,1,Madhya Pradesh,Central,Media,Veterinary,2,738.0,,
1000575,P00110842,F,26-35,27,0,Delhi,Central,Healthcare,Veterinary,1,736.0,,
1000045,P00205942,M,46-50,49,1,Maharashtra,Western,IT Sector,Veterinary,3,732.0,,
1002796,P00110942,F,26-35,29,0,Delhi,Central,Chemical,Veterinary,1,720.0,,
1002764,P00219942,F,26-35,27,0,Himachal Pradesh,Northern,Agriculture,Pet Care,2,719.0,,
1005282,P00189842,M,18-25,25,0,Madhya Pradesh,Central,Construction,Veterinary,4,700.0,,
1001782,P00331042,F,46-50,47,1,Uttar Pradesh,Central,Automobile,Pet Care,3,697.0,,
1002121,P00344042,F,55+,64,0,Uttarakhand,Central,Healthcare,Pet Care,1,688.0,,
1005256,P00253142,F,26-35,33,1,Haryana,Northern,Govt,Pet Care,4,686.0,,
1002766,P00265742,F,46-50,50,0,Uttar Pradesh,Central,Healthcare,Pet Care,2,686.0,,
1006016,P00192842,F,46-50,47,0,Madhya Pradesh,Central,Retail,Office,2,591.0,,
1002953,P00240042,F,26-35,32,0,Delhi,Central,Healthcare,Office,1,589.0,,
1001088,P00029942,M,0-17,13,0,Uttar Pradesh,Central,Hospitality,Office,4,588.0,,
1003971,P00329442,M,18-25,21,0,Uttarakhand,Central,Healthcare,Office,2,587.0,,
1000869,P00110742,F,18-25,18,1,Delhi,Central,Govt,Office,1,585.0,,
1000411,P00313342,M,46-50,48,0,Gujarat,Western,IT Sector,Office,4,585.0,,
1000526,P00110742,F,46-50,50,0,Delhi,Central,Textile,Office,2,584.0,,
1003606,P00157542,M,26-35,32,0,Karnataka,Southern,Chemical,Office,4,582.0,,
1004268,P00302942,M,46-50,48,0,Himachal Pradesh,Northern,Govt,Office,4,580.0,,
1004451,P00034642,F,26-35,30,1,Delhi,Central,IT Sector,Office,2,579.0,,
1005684,P00016842,F,18-25,23,0,Delhi,Central,Agriculture,Office,1,575.0,,
1002004,P00246142,F,46-50,48,0,Delhi,Central,Media,Office,3,575.0,,
1001542,P00113642,F,18-25,20,1,Maharashtra,Western,Aviation,Office,4,574.0,,
1004378,P00274042,F,18-25,18,0,Delhi,Central,Aviation,Office,2,572.0,,
1005971,P00307142,F,36-45,42,1,Delhi,Central,Agriculture,Office,1,572.0,,
1001032,P00240842,F,51-55,54,1,Delhi,Central,Lawyer,Office,3,570.0,,
1004867,P00173042,F,26-35,35,0,Delhi,Central,Healthcare,Office,1,569.0,,
1001392,P00090942,F,46-50,49,0,Uttar Pradesh,Central,Aviation,Office,1,569.0,,
1000188,P00080342,F,55+,80,0,Delhi,Central,Healthcare,Office,3,568.0,,
1005258,P00220442,F,36-45,37,1,Delhi,Central,Banking,Office,3,567.0,,
1003557,P00046142,F,18-25,20,0,Delhi,Central,Healthcare,Office,3,563.0,,
1001360,P00112642,F,26-35,27,1,Delhi,Central,Chemical,Office,3,563.0,,
1002106,P00164342,M,18-25,19,0,Maharashtra,Western,Agriculture,Office,1,563.0,,
1001628,P00226342,F,18-25,21,0,Delhi,Central,Aviation,Office,3,562.0,,
1001248,P00255842,M,36-45,39,0,AndhraÂ Pradesh,Southern,Healthcare,Office,3,560.0,,
1002168,P00145842,M,0-17,17,1,Himachal Pradesh,Northern,Agriculture,Office,4,560.0,,
1000687,P00181542,M,26-35,29,1,Haryana,Northern,Media,Office,2,557.0,,
1002718,P00003442,M,26-35,28,0,Karnataka,Southern,IT Sector,Office,1,555.0,,
1000802,P00245642,F,26-35,33,0,Delhi,Central,Healthcare,Office,1,407.0,,
1001425,P00044742,F,0-17,12,0,Delhi,Central,IT Sector,Veterinary,1,396.0,,
1003032,P00058042,F,26-35,33,0,Delhi,Central,Hospitality,Office,3,384.0,,
1004344,P00185442,F,26-35,27,1,Delhi,Central,Healthcare,Office,2,382.0,,
1005446,P00297742,M,51-55,53,0,Gujarat,Western,Healthcare,Office,1,382.0,,
1005446,P00297742,M,51-55,53,0,Madhya Pradesh,Central,Healthcare,Office,2,382.0,,
1004140,P00057442,F,26-35,31,1,Delhi,Central,Aviation,Office,2,381.0,,
1000695,P00296942,M,18-25,19,1,Maharashtra,Western,Chemical,Office,4,370.0,,
1004089,P00171342,M,26-35,33,0,Haryana,Northern,Healthcare,Veterinary,3,367.0,,
1001209,P00201342,F,36-45,40,0,Madhya Pradesh,Central,Textile,Office,4,213.0,,
1004023,P00059442,M,36-45,37,0,Karnataka,Southern,Agriculture,Office,3,206.0,,
1002744,P00281742,F,18-25,19,0,Maharashtra,Western,Healthcare,Office,3,188.0,,
